transaction_id,source_account_id,destination_account_id,amount,timestamp,transaction_type,is_suspicious,scenario_id
BANK-TXN-00000001,ACCOUNT-CMP-000001,ACCOUNT-000753,100000,2026-08-27T23:00:00Z,UPI,True,MULE_ACCOUNT-0001
BANK-TXN-00000002,ACCOUNT-000753,ACCOUNT-000754,91600,2026-08-27T23:03:00Z,IMPS,True,MULE_ACCOUNT-0001
BANK-TXN-00000003,ACCOUNT-000754,ACCOUNT-000755,45600,2026-08-27T23:06:00Z,NEFT,True,MULE_ACCOUNT-0001
BANK-TXN-00000004,ACCOUNT-000755,ACCOUNT-000756,5600,2026-08-27T23:09:00Z,NEFT,True,MULE_ACCOUNT-0001
BANK-TXN-00000005,ACCOUNT-000756,ACCOUNT-000757,57600,2026-08-27T23:12:00Z,UPI,True,MULE_ACCOUNT-0001
BANK-TXN-00000006,ACCOUNT-000758,ACCOUNT-000759,4100,2026-08-26T23:00:00Z,UPI,True,MULTI_HOP_FUND_FLOW-0002
BANK-TXN-00000007,ACCOUNT-000759,ACCOUNT-000760,5500,2026-08-26T23:03:00Z,UPI,True,MULTI_HOP_FUND_FLOW-0002
BANK-TXN-00000008,ACCOUNT-000760,ACCOUNT-000761,41500,2026-08-26T23:06:00Z,IMPS,True,MULTI_HOP_FUND_FLOW-0002
BANK-TXN-00000009,ACCOUNT-000761,ACCOUNT-000762,100000,2026-08-26T23:09:00Z,NEFT,True,MULTI_HOP_FUND_FLOW-0002
BANK-TXN-00000010,ACCOUNT-000762,ACCOUNT-000763,3400,2026-08-26T23:12:00Z,NEFT,True,MULTI_HOP_FUND_FLOW-0002
BANK-TXN-00000011,ACCOUNT-000765,ACCOUNT-000764,157400,2026-08-25T23:00:00Z,NEFT,True,MANY_TO_ONE-0003
BANK-TXN-00000012,ACCOUNT-000766,ACCOUNT-000764,7000,2026-08-25T23:02:00Z,UPI,True,MANY_TO_ONE-0003
BANK-TXN-00000013,ACCOUNT-000767,ACCOUNT-000764,181500,2026-08-25T23:04:00Z,NEFT,True,MANY_TO_ONE-0003
BANK-TXN-00000014,ACCOUNT-000768,ACCOUNT-000764,92700,2026-08-25T23:06:00Z,NEFT,True,MANY_TO_ONE-0003
BANK-TXN-00000015,ACCOUNT-000769,ACCOUNT-000764,44300,2026-08-25T23:08:00Z,IMPS,True,MANY_TO_ONE-0003
BANK-TXN-00000016,ACCOUNT-000770,ACCOUNT-000771,2800,2026-08-24T23:00:00Z,UPI,True,ONE_TO_MANY-0004
BANK-TXN-00000017,ACCOUNT-000770,ACCOUNT-000772,10700,2026-08-24T23:03:00Z,IMPS,True,ONE_TO_MANY-0004
BANK-TXN-00000018,ACCOUNT-000770,ACCOUNT-000773,24100,2026-08-24T23:06:00Z,NEFT,True,ONE_TO_MANY-0004
BANK-TXN-00000019,ACCOUNT-000770,ACCOUNT-000774,5000,2026-08-24T23:09:00Z,IMPS,True,ONE_TO_MANY-0004
BANK-TXN-00000020,ACCOUNT-000770,ACCOUNT-000775,1800,2026-08-24T23:12:00Z,UPI,True,ONE_TO_MANY-0004
BANK-TXN-00000021,ACCOUNT-000776,ACCOUNT-000777,200,2026-08-23T23:00:00Z,UPI,True,RAPID_TRANSFER-0005
BANK-TXN-00000022,ACCOUNT-000777,ACCOUNT-000778,54700,2026-08-23T23:03:00Z,IMPS,True,RAPID_TRANSFER-0005
BANK-TXN-00000023,ACCOUNT-000778,ACCOUNT-000779,19800,2026-08-23T23:06:00Z,UPI,True,RAPID_TRANSFER-0005
BANK-TXN-00000024,ACCOUNT-000779,ACCOUNT-000780,34900,2026-08-23T23:09:00Z,IMPS,True,RAPID_TRANSFER-0005
BANK-TXN-00000025,ACCOUNT-000780,ACCOUNT-000781,214500,2026-08-23T23:12:00Z,NEFT,True,RAPID_TRANSFER-0005
BANK-TXN-00000026,ACCOUNT-000782,ACCOUNT-000783,45000,2026-08-22T23:00:00Z,UPI,True,GEOGRAPHICALLY_UNUSUAL-0006
BANK-TXN-00000027,ACCOUNT-000783,ACCOUNT-000784,16300,2026-08-22T23:03:00Z,IMPS,True,GEOGRAPHICALLY_UNUSUAL-0006
BANK-TXN-00000028,ACCOUNT-000784,ACCOUNT-000785,40200,2026-08-22T23:06:00Z,IMPS,True,GEOGRAPHICALLY_UNUSUAL-0006
BANK-TXN-00000029,ACCOUNT-000785,ACCOUNT-000786,27700,2026-08-22T23:09:00Z,UPI,True,GEOGRAPHICALLY_UNUSUAL-0006
BANK-TXN-00000030,ACCOUNT-000786,ACCOUNT-000787,2600,2026-08-22T23:12:00Z,UPI,True,GEOGRAPHICALLY_UNUSUAL-0006
BANK-TXN-00000031,ACCOUNT-000788,ACCOUNT-000789,32100,2026-08-21T23:00:00Z,NEFT,True,STRUCTURED_LAYERING-0007
BANK-TXN-00000032,ACCOUNT-000789,ACCOUNT-000790,34300,2026-08-21T23:03:00Z,UPI,True,STRUCTURED_LAYERING-0007
BANK-TXN-00000033,ACCOUNT-000790,ACCOUNT-000791,60200,2026-08-21T23:06:00Z,IMPS,True,STRUCTURED_LAYERING-0007
BANK-TXN-00000034,ACCOUNT-000791,ACCOUNT-000792,59200,2026-08-21T23:09:00Z,IMPS,True,STRUCTURED_LAYERING-0007
BANK-TXN-00000035,ACCOUNT-000792,ACCOUNT-000793,51300,2026-08-21T23:12:00Z,RTGS,True,STRUCTURED_LAYERING-0007
BANK-TXN-00000036,ACCOUNT-CMP-000001,ACCOUNT-000795,74500,2026-08-20T23:00:00Z,IMPS,True,MULE_ACCOUNT-0008
BANK-TXN-00000037,ACCOUNT-000795,ACCOUNT-000796,75900,2026-08-20T23:03:00Z,NEFT,True,MULE_ACCOUNT-0008
BANK-TXN-00000038,ACCOUNT-000796,ACCOUNT-000797,185600,2026-08-20T23:06:00Z,UPI,True,MULE_ACCOUNT-0008
BANK-TXN-00000039,ACCOUNT-000797,ACCOUNT-000798,23700,2026-08-20T23:09:00Z,IMPS,True,MULE_ACCOUNT-0008
BANK-TXN-00000040,ACCOUNT-000798,ACCOUNT-000799,700,2026-08-20T23:12:00Z,IMPS,True,MULE_ACCOUNT-0008
BANK-TXN-00000041,ACCOUNT-000800,ACCOUNT-000801,220500,2026-08-19T23:00:00Z,IMPS,True,MULTI_HOP_FUND_FLOW-0009
BANK-TXN-00000042,ACCOUNT-000801,ACCOUNT-000802,7200,2026-08-19T23:03:00Z,RTGS,True,MULTI_HOP_FUND_FLOW-0009
BANK-TXN-00000043,ACCOUNT-000802,ACCOUNT-000803,27600,2026-08-19T23:06:00Z,UPI,True,MULTI_HOP_FUND_FLOW-0009
BANK-TXN-00000044,ACCOUNT-000803,ACCOUNT-000804,800,2026-08-19T23:09:00Z,NEFT,True,MULTI_HOP_FUND_FLOW-0009
BANK-TXN-00000045,ACCOUNT-000804,ACCOUNT-000805,129000,2026-08-19T23:12:00Z,UPI,True,MULTI_HOP_FUND_FLOW-0009
BANK-TXN-00000046,ACCOUNT-000807,ACCOUNT-000806,27400,2026-08-18T23:00:00Z,UPI,True,MANY_TO_ONE-0010
BANK-TXN-00000047,ACCOUNT-000808,ACCOUNT-000806,2000,2026-08-18T23:02:00Z,UPI,True,MANY_TO_ONE-0010
BANK-TXN-00000048,ACCOUNT-000809,ACCOUNT-000806,12700,2026-08-18T23:04:00Z,IMPS,True,MANY_TO_ONE-0010
BANK-TXN-00000049,ACCOUNT-000810,ACCOUNT-000806,58900,2026-08-18T23:06:00Z,IMPS,True,MANY_TO_ONE-0010
BANK-TXN-00000050,ACCOUNT-000811,ACCOUNT-000806,30900,2026-08-18T23:08:00Z,IMPS,True,MANY_TO_ONE-0010
BANK-TXN-00000051,ACCOUNT-000812,ACCOUNT-000813,4800,2026-08-17T23:00:00Z,IMPS,True,ONE_TO_MANY-0011
BANK-TXN-00000052,ACCOUNT-000812,ACCOUNT-000814,25100,2026-08-17T23:03:00Z,IMPS,True,ONE_TO_MANY-0011
BANK-TXN-00000053,ACCOUNT-000812,ACCOUNT-000815,55200,2026-08-17T23:06:00Z,IMPS,True,ONE_TO_MANY-0011
BANK-TXN-00000054,ACCOUNT-000812,ACCOUNT-000816,7900,2026-08-17T23:09:00Z,UPI,True,ONE_TO_MANY-0011
BANK-TXN-00000055,ACCOUNT-000812,ACCOUNT-000817,69800,2026-08-17T23:12:00Z,IMPS,True,ONE_TO_MANY-0011
BANK-TXN-00000056,ACCOUNT-000818,ACCOUNT-000819,13600,2026-08-16T23:00:00Z,UPI,True,RAPID_TRANSFER-0012
BANK-TXN-00000057,ACCOUNT-000819,ACCOUNT-000820,40200,2026-08-16T23:03:00Z,UPI,True,RAPID_TRANSFER-0012
BANK-TXN-00000058,ACCOUNT-000820,ACCOUNT-000821,35800,2026-08-16T23:06:00Z,UPI,True,RAPID_TRANSFER-0012
BANK-TXN-00000059,ACCOUNT-000821,ACCOUNT-000822,210000,2026-08-16T23:09:00Z,IMPS,True,RAPID_TRANSFER-0012
BANK-TXN-00000060,ACCOUNT-000822,ACCOUNT-000823,135400,2026-08-16T23:12:00Z,IMPS,True,RAPID_TRANSFER-0012
BANK-TXN-00000061,ACCOUNT-000824,ACCOUNT-000825,43100,2026-08-15T23:00:00Z,NEFT,True,GEOGRAPHICALLY_UNUSUAL-0013
BANK-TXN-00000062,ACCOUNT-000825,ACCOUNT-000826,29200,2026-08-15T23:03:00Z,UPI,True,GEOGRAPHICALLY_UNUSUAL-0013
BANK-TXN-00000063,ACCOUNT-000826,ACCOUNT-000827,4900,2026-08-15T23:06:00Z,UPI,True,GEOGRAPHICALLY_UNUSUAL-0013
BANK-TXN-00000064,ACCOUNT-000827,ACCOUNT-000828,1800,2026-08-15T23:09:00Z,UPI,True,GEOGRAPHICALLY_UNUSUAL-0013
BANK-TXN-00000065,ACCOUNT-000828,ACCOUNT-000829,14300,2026-08-15T23:12:00Z,IMPS,True,GEOGRAPHICALLY_UNUSUAL-0013
BANK-TXN-00000066,ACCOUNT-000830,ACCOUNT-000831,12200,2026-08-14T23:00:00Z,UPI,True,STRUCTURED_LAYERING-0014
BANK-TXN-00000067,ACCOUNT-000831,ACCOUNT-000832,5000,2026-08-14T23:03:00Z,NEFT,True,STRUCTURED_LAYERING-0014
BANK-TXN-00000068,ACCOUNT-000832,ACCOUNT-000833,9700,2026-08-14T23:06:00Z,IMPS,True,STRUCTURED_LAYERING-0014
BANK-TXN-00000069,ACCOUNT-000833,ACCOUNT-000834,20900,2026-08-14T23:09:00Z,UPI,True,STRUCTURED_LAYERING-0014
BANK-TXN-00000070,ACCOUNT-000834,ACCOUNT-000835,10000,2026-08-14T23:12:00Z,UPI,True,STRUCTURED_LAYERING-0014
BANK-TXN-00000071,ACCOUNT-CMP-000001,ACCOUNT-000837,5900,2026-08-13T23:00:00Z,IMPS,True,MULE_ACCOUNT-0015
BANK-TXN-00000072,ACCOUNT-000837,ACCOUNT-000838,9800,2026-08-13T23:03:00Z,NEFT,True,MULE_ACCOUNT-0015
BANK-TXN-00000073,ACCOUNT-000838,ACCOUNT-000839,37500,2026-08-13T23:06:00Z,UPI,True,MULE_ACCOUNT-0015
BANK-TXN-00000074,ACCOUNT-000839,ACCOUNT-000840,155000,2026-08-13T23:09:00Z,IMPS,True,MULE_ACCOUNT-0015
BANK-TXN-00000075,ACCOUNT-000840,ACCOUNT-000841,36500,2026-08-13T23:12:00Z,UPI,True,MULE_ACCOUNT-0015
BANK-TXN-00000076,ACCOUNT-000842,ACCOUNT-000843,7700,2026-08-12T23:00:00Z,NEFT,True,MULTI_HOP_FUND_FLOW-0016
BANK-TXN-00000077,ACCOUNT-000843,ACCOUNT-000844,31800,2026-08-12T23:03:00Z,UPI,True,MULTI_HOP_FUND_FLOW-0016
BANK-TXN-00000078,ACCOUNT-000844,ACCOUNT-000845,18600,2026-08-12T23:06:00Z,UPI,True,MULTI_HOP_FUND_FLOW-0016
BANK-TXN-00000079,ACCOUNT-000845,ACCOUNT-000846,8600,2026-08-12T23:09:00Z,NEFT,True,MULTI_HOP_FUND_FLOW-0016
BANK-TXN-00000080,ACCOUNT-000846,ACCOUNT-000847,11200,2026-08-12T23:12:00Z,UPI,True,MULTI_HOP_FUND_FLOW-0016
BANK-TXN-00000081,ACCOUNT-000849,ACCOUNT-000848,25000,2026-08-11T23:00:00Z,RTGS,True,MANY_TO_ONE-0017
BANK-TXN-00000082,ACCOUNT-000850,ACCOUNT-000848,161800,2026-08-11T23:02:00Z,UPI,True,MANY_TO_ONE-0017
BANK-TXN-00000083,ACCOUNT-000851,ACCOUNT-000848,12100,2026-08-11T23:04:00Z,UPI,True,MANY_TO_ONE-0017
BANK-TXN-00000084,ACCOUNT-000852,ACCOUNT-000848,41000,2026-08-11T23:06:00Z,UPI,True,MANY_TO_ONE-0017
BANK-TXN-00000085,ACCOUNT-000853,ACCOUNT-000848,118600,2026-08-11T23:08:00Z,IMPS,True,MANY_TO_ONE-0017
BANK-TXN-00000086,ACCOUNT-000854,ACCOUNT-000855,84800,2026-08-10T23:00:00Z,UPI,True,ONE_TO_MANY-0018
BANK-TXN-00000087,ACCOUNT-000854,ACCOUNT-000856,42700,2026-08-10T23:03:00Z,UPI,True,ONE_TO_MANY-0018
BANK-TXN-00000088,ACCOUNT-000854,ACCOUNT-000857,120900,2026-08-10T23:06:00Z,UPI,True,ONE_TO_MANY-0018
BANK-TXN-00000089,ACCOUNT-000854,ACCOUNT-000858,9100,2026-08-10T23:09:00Z,RTGS,True,ONE_TO_MANY-0018
BANK-TXN-00000090,ACCOUNT-000854,ACCOUNT-000859,83200,2026-08-10T23:12:00Z,UPI,True,ONE_TO_MANY-0018
BANK-TXN-00000091,ACCOUNT-000860,ACCOUNT-000861,8500,2026-08-09T23:00:00Z,IMPS,True,RAPID_TRANSFER-0019
BANK-TXN-00000092,ACCOUNT-000861,ACCOUNT-000862,224400,2026-08-09T23:03:00Z,UPI,True,RAPID_TRANSFER-0019
BANK-TXN-00000093,ACCOUNT-000862,ACCOUNT-000863,105400,2026-08-09T23:06:00Z,NEFT,True,RAPID_TRANSFER-0019
BANK-TXN-00000094,ACCOUNT-000863,ACCOUNT-000864,161700,2026-08-09T23:09:00Z,UPI,True,RAPID_TRANSFER-0019
BANK-TXN-00000095,ACCOUNT-000864,ACCOUNT-000865,76000,2026-08-09T23:12:00Z,UPI,True,RAPID_TRANSFER-0019
BANK-TXN-00000096,ACCOUNT-000866,ACCOUNT-000867,71500,2026-08-08T23:00:00Z,UPI,True,GEOGRAPHICALLY_UNUSUAL-0020
BANK-TXN-00000097,ACCOUNT-000867,ACCOUNT-000868,135300,2026-08-08T23:03:00Z,IMPS,True,GEOGRAPHICALLY_UNUSUAL-0020
BANK-TXN-00000098,ACCOUNT-000868,ACCOUNT-000869,200,2026-08-08T23:06:00Z,IMPS,True,GEOGRAPHICALLY_UNUSUAL-0020
BANK-TXN-00000099,ACCOUNT-000869,ACCOUNT-000870,1700,2026-08-08T23:09:00Z,UPI,True,GEOGRAPHICALLY_UNUSUAL-0020
BANK-TXN-00000100,ACCOUNT-000870,ACCOUNT-000871,2600,2026-08-08T23:12:00Z,UPI,True,GEOGRAPHICALLY_UNUSUAL-0020
BANK-TXN-00000101,ACCOUNT-000872,ACCOUNT-000873,21100,2026-08-07T23:00:00Z,IMPS,True,STRUCTURED_LAYERING-0021
BANK-TXN-00000102,ACCOUNT-000873,ACCOUNT-000874,5300,2026-08-07T23:03:00Z,UPI,True,STRUCTURED_LAYERING-0021
BANK-TXN-00000103,ACCOUNT-000874,ACCOUNT-000875,27900,2026-08-07T23:06:00Z,UPI,True,STRUCTURED_LAYERING-0021
BANK-TXN-00000104,ACCOUNT-000875,ACCOUNT-000876,52800,2026-08-07T23:09:00Z,UPI,True,STRUCTURED_LAYERING-0021
BANK-TXN-00000105,ACCOUNT-000876,ACCOUNT-000877,234700,2026-08-07T23:12:00Z,IMPS,True,STRUCTURED_LAYERING-0021
BANK-TXN-00000106,ACCOUNT-CMP-000001,ACCOUNT-000879,24700,2026-08-06T23:00:00Z,IMPS,True,MULE_ACCOUNT-0022
BANK-TXN-00000107,ACCOUNT-000879,ACCOUNT-000880,36600,2026-08-06T23:03:00Z,UPI,True,MULE_ACCOUNT-0022
BANK-TXN-00000108,ACCOUNT-000880,ACCOUNT-000881,3200,2026-08-06T23:06:00Z,NEFT,True,MULE_ACCOUNT-0022
BANK-TXN-00000109,ACCOUNT-000881,ACCOUNT-000882,7300,2026-08-06T23:09:00Z,UPI,True,MULE_ACCOUNT-0022
BANK-TXN-00000110,ACCOUNT-000882,ACCOUNT-000883,3700,2026-08-06T23:12:00Z,IMPS,True,MULE_ACCOUNT-0022
BANK-TXN-00000111,ACCOUNT-000884,ACCOUNT-000885,3700,2026-08-05T23:00:00Z,UPI,True,MULTI_HOP_FUND_FLOW-0023
BANK-TXN-00000112,ACCOUNT-000885,ACCOUNT-000886,84400,2026-08-05T23:03:00Z,NEFT,True,MULTI_HOP_FUND_FLOW-0023
BANK-TXN-00000113,ACCOUNT-000886,ACCOUNT-000887,6400,2026-08-05T23:06:00Z,NEFT,True,MULTI_HOP_FUND_FLOW-0023
BANK-TXN-00000114,ACCOUNT-000887,ACCOUNT-000888,2600,2026-08-05T23:09:00Z,UPI,True,MULTI_HOP_FUND_FLOW-0023
BANK-TXN-00000115,ACCOUNT-000888,ACCOUNT-000889,47100,2026-08-05T23:12:00Z,UPI,True,MULTI_HOP_FUND_FLOW-0023
BANK-TXN-00000116,ACCOUNT-000891,ACCOUNT-000890,15100,2026-08-04T23:00:00Z,UPI,True,MANY_TO_ONE-0024
BANK-TXN-00000117,ACCOUNT-000892,ACCOUNT-000890,34400,2026-08-04T23:02:00Z,IMPS,True,MANY_TO_ONE-0024
BANK-TXN-00000118,ACCOUNT-000893,ACCOUNT-000890,5000,2026-08-04T23:04:00Z,NEFT,True,MANY_TO_ONE-0024
BANK-TXN-00000119,ACCOUNT-000894,ACCOUNT-000890,242000,2026-08-04T23:06:00Z,NEFT,True,MANY_TO_ONE-0024
BANK-TXN-00000120,ACCOUNT-000895,ACCOUNT-000890,248900,2026-08-04T23:08:00Z,UPI,True,MANY_TO_ONE-0024
BANK-TXN-00000121,ACCOUNT-000896,ACCOUNT-000897,157300,2026-08-03T23:00:00Z,UPI,True,ONE_TO_MANY-0025
BANK-TXN-00000122,ACCOUNT-000896,ACCOUNT-000898,176200,2026-08-03T23:03:00Z,UPI,True,ONE_TO_MANY-0025
BANK-TXN-00000123,ACCOUNT-000896,ACCOUNT-000899,56800,2026-08-03T23:06:00Z,IMPS,True,ONE_TO_MANY-0025
BANK-TXN-00000124,ACCOUNT-000896,ACCOUNT-000900,41900,2026-08-03T23:09:00Z,RTGS,True,ONE_TO_MANY-0025
BANK-TXN-00000125,ACCOUNT-000896,ACCOUNT-000901,42900,2026-08-03T23:12:00Z,NEFT,True,ONE_TO_MANY-0025
BANK-TXN-00000126,ACCOUNT-000902,ACCOUNT-000903,21800,2026-08-02T23:00:00Z,UPI,True,RAPID_TRANSFER-0026
BANK-TXN-00000127,ACCOUNT-000903,ACCOUNT-000904,600,2026-08-02T23:03:00Z,UPI,True,RAPID_TRANSFER-0026
BANK-TXN-00000128,ACCOUNT-000904,ACCOUNT-000905,162300,2026-08-02T23:06:00Z,NEFT,True,RAPID_TRANSFER-0026
BANK-TXN-00000129,ACCOUNT-000905,ACCOUNT-000906,223500,2026-08-02T23:09:00Z,UPI,True,RAPID_TRANSFER-0026
BANK-TXN-00000130,ACCOUNT-000906,ACCOUNT-000907,13700,2026-08-02T23:12:00Z,UPI,True,RAPID_TRANSFER-0026
BANK-TXN-00000131,ACCOUNT-000908,ACCOUNT-000909,400,2026-08-01T23:00:00Z,NEFT,True,GEOGRAPHICALLY_UNUSUAL-0027
BANK-TXN-00000132,ACCOUNT-000909,ACCOUNT-000910,5800,2026-08-01T23:03:00Z,UPI,True,GEOGRAPHICALLY_UNUSUAL-0027
BANK-TXN-00000133,ACCOUNT-000910,ACCOUNT-000911,34500,2026-08-01T23:06:00Z,IMPS,True,GEOGRAPHICALLY_UNUSUAL-0027
BANK-TXN-00000134,ACCOUNT-000911,ACCOUNT-000912,117200,2026-08-01T23:09:00Z,IMPS,True,GEOGRAPHICALLY_UNUSUAL-0027
BANK-TXN-00000135,ACCOUNT-000912,ACCOUNT-000913,11900,2026-08-01T23:12:00Z,UPI,True,GEOGRAPHICALLY_UNUSUAL-0027
BANK-TXN-00000136,ACCOUNT-000914,ACCOUNT-000915,17100,2026-07-31T23:00:00Z,UPI,True,STRUCTURED_LAYERING-0028
BANK-TXN-00000137,ACCOUNT-000915,ACCOUNT-000916,5200,2026-07-31T23:03:00Z,IMPS,True,STRUCTURED_LAYERING-0028
BANK-TXN-00000138,ACCOUNT-000916,ACCOUNT-000917,62500,2026-07-31T23:06:00Z,IMPS,True,STRUCTURED_LAYERING-0028
BANK-TXN-00000139,ACCOUNT-000917,ACCOUNT-000918,35500,2026-07-31T23:09:00Z,NEFT,True,STRUCTURED_LAYERING-0028
BANK-TXN-00000140,ACCOUNT-000918,ACCOUNT-000919,26500,2026-07-31T23:12:00Z,UPI,True,STRUCTURED_LAYERING-0028
BANK-TXN-00000141,ACCOUNT-CMP-000001,ACCOUNT-000921,31900,2026-07-30T23:00:00Z,UPI,True,MULE_ACCOUNT-0029
BANK-TXN-00000142,ACCOUNT-000921,ACCOUNT-000922,15600,2026-07-30T23:03:00Z,UPI,True,MULE_ACCOUNT-0029
BANK-TXN-00000143,ACCOUNT-000922,ACCOUNT-000923,11400,2026-07-30T23:06:00Z,NEFT,True,MULE_ACCOUNT-0029
BANK-TXN-00000144,ACCOUNT-000923,ACCOUNT-000924,38500,2026-07-30T23:09:00Z,UPI,True,MULE_ACCOUNT-0029
BANK-TXN-00000145,ACCOUNT-000924,ACCOUNT-000925,61900,2026-07-30T23:12:00Z,RTGS,True,MULE_ACCOUNT-0029
BANK-TXN-00000146,ACCOUNT-000926,ACCOUNT-000927,78800,2026-07-29T23:00:00Z,UPI,True,MULTI_HOP_FUND_FLOW-0030
BANK-TXN-00000147,ACCOUNT-000927,ACCOUNT-000928,8100,2026-07-29T23:03:00Z,UPI,True,MULTI_HOP_FUND_FLOW-0030
BANK-TXN-00000148,ACCOUNT-000928,ACCOUNT-000929,8100,2026-07-29T23:06:00Z,UPI,True,MULTI_HOP_FUND_FLOW-0030
BANK-TXN-00000149,ACCOUNT-000929,ACCOUNT-000930,1500,2026-07-29T23:09:00Z,IMPS,True,MULTI_HOP_FUND_FLOW-0030
BANK-TXN-00000150,ACCOUNT-000930,ACCOUNT-000931,3400,2026-07-29T23:12:00Z,UPI,True,MULTI_HOP_FUND_FLOW-0030
BANK-TXN-00000151,ACCOUNT-000933,ACCOUNT-000932,136300,2026-07-28T23:00:00Z,NEFT,True,MANY_TO_ONE-0031
BANK-TXN-00000152,ACCOUNT-000934,ACCOUNT-000932,8700,2026-07-28T23:02:00Z,IMPS,True,MANY_TO_ONE-0031
BANK-TXN-00000153,ACCOUNT-000935,ACCOUNT-000932,2400,2026-07-28T23:04:00Z,IMPS,True,MANY_TO_ONE-0031
BANK-TXN-00000154,ACCOUNT-000936,ACCOUNT-000932,17700,2026-07-28T23:06:00Z,UPI,True,MANY_TO_ONE-0031
BANK-TXN-00000155,ACCOUNT-000937,ACCOUNT-000932,199700,2026-07-28T23:08:00Z,IMPS,True,MANY_TO_ONE-0031
BANK-TXN-00000156,ACCOUNT-000938,ACCOUNT-000939,32800,2026-07-27T23:00:00Z,IMPS,True,ONE_TO_MANY-0032
BANK-TXN-00000157,ACCOUNT-000938,ACCOUNT-000940,217300,2026-07-27T23:03:00Z,UPI,True,ONE_TO_MANY-0032
BANK-TXN-00000158,ACCOUNT-000938,ACCOUNT-000941,66200,2026-07-27T23:06:00Z,NEFT,True,ONE_TO_MANY-0032
BANK-TXN-00000159,ACCOUNT-000938,ACCOUNT-000942,28600,2026-07-27T23:09:00Z,UPI,True,ONE_TO_MANY-0032
BANK-TXN-00000160,ACCOUNT-000938,ACCOUNT-000943,9000,2026-07-27T23:12:00Z,NEFT,True,ONE_TO_MANY-0032
BANK-TXN-00000161,ACCOUNT-000944,ACCOUNT-000945,23900,2026-07-26T23:00:00Z,UPI,True,RAPID_TRANSFER-0033
BANK-TXN-00000162,ACCOUNT-000945,ACCOUNT-000946,45100,2026-07-26T23:03:00Z,NEFT,True,RAPID_TRANSFER-0033
BANK-TXN-00000163,ACCOUNT-000946,ACCOUNT-000947,240700,2026-07-26T23:06:00Z,UPI,True,RAPID_TRANSFER-0033
BANK-TXN-00000164,ACCOUNT-000947,ACCOUNT-000948,26800,2026-07-26T23:09:00Z,IMPS,True,RAPID_TRANSFER-0033
BANK-TXN-00000165,ACCOUNT-000948,ACCOUNT-000949,1900,2026-07-26T23:12:00Z,UPI,True,RAPID_TRANSFER-0033
BANK-TXN-00000166,ACCOUNT-000950,ACCOUNT-000951,133700,2026-07-25T23:00:00Z,IMPS,True,GEOGRAPHICALLY_UNUSUAL-0034
BANK-TXN-00000167,ACCOUNT-000951,ACCOUNT-000952,29000,2026-07-25T23:03:00Z,UPI,True,GEOGRAPHICALLY_UNUSUAL-0034
BANK-TXN-00000168,ACCOUNT-000952,ACCOUNT-000953,15200,2026-07-25T23:06:00Z,RTGS,True,GEOGRAPHICALLY_UNUSUAL-0034
BANK-TXN-00000169,ACCOUNT-000953,ACCOUNT-000954,42800,2026-07-25T23:09:00Z,IMPS,True,GEOGRAPHICALLY_UNUSUAL-0034
BANK-TXN-00000170,ACCOUNT-000954,ACCOUNT-000955,210600,2026-07-25T23:12:00Z,UPI,True,GEOGRAPHICALLY_UNUSUAL-0034
BANK-TXN-00000171,ACCOUNT-000956,ACCOUNT-000957,46600,2026-07-24T23:00:00Z,UPI,True,STRUCTURED_LAYERING-0035
BANK-TXN-00000172,ACCOUNT-000957,ACCOUNT-000958,37000,2026-07-24T23:03:00Z,UPI,True,STRUCTURED_LAYERING-0035
BANK-TXN-00000173,ACCOUNT-000958,ACCOUNT-000959,154200,2026-07-24T23:06:00Z,UPI,True,STRUCTURED_LAYERING-0035
BANK-TXN-00000174,ACCOUNT-000959,ACCOUNT-000960,69800,2026-07-24T23:09:00Z,UPI,True,STRUCTURED_LAYERING-0035
BANK-TXN-00000175,ACCOUNT-000960,ACCOUNT-000961,34400,2026-07-24T23:12:00Z,UPI,True,STRUCTURED_LAYERING-0035
BANK-TXN-00000176,ACCOUNT-CMP-000001,ACCOUNT-000963,85100,2026-07-23T23:00:00Z,NEFT,True,MULE_ACCOUNT-0036
BANK-TXN-00000177,ACCOUNT-000963,ACCOUNT-000964,39600,2026-07-23T23:03:00Z,NEFT,True,MULE_ACCOUNT-0036
BANK-TXN-00000178,ACCOUNT-000964,ACCOUNT-000965,32600,2026-07-23T23:06:00Z,UPI,True,MULE_ACCOUNT-0036
BANK-TXN-00000179,ACCOUNT-000965,ACCOUNT-000966,107100,2026-07-23T23:09:00Z,UPI,True,MULE_ACCOUNT-0036
BANK-TXN-00000180,ACCOUNT-000966,ACCOUNT-000967,90900,2026-07-23T23:12:00Z,IMPS,True,MULE_ACCOUNT-0036
BANK-TXN-00000181,ACCOUNT-000968,ACCOUNT-000969,39200,2026-07-22T23:00:00Z,UPI,True,MULTI_HOP_FUND_FLOW-0037
BANK-TXN-00000182,ACCOUNT-000969,ACCOUNT-000970,17000,2026-07-22T23:03:00Z,UPI,True,MULTI_HOP_FUND_FLOW-0037
BANK-TXN-00000183,ACCOUNT-000970,ACCOUNT-000971,4500,2026-07-22T23:06:00Z,IMPS,True,MULTI_HOP_FUND_FLOW-0037
BANK-TXN-00000184,ACCOUNT-000971,ACCOUNT-000972,90000,2026-07-22T23:09:00Z,UPI,True,MULTI_HOP_FUND_FLOW-0037
BANK-TXN-00000185,ACCOUNT-000972,ACCOUNT-000973,28800,2026-07-22T23:12:00Z,UPI,True,MULTI_HOP_FUND_FLOW-0037
BANK-TXN-00000186,ACCOUNT-000975,ACCOUNT-000974,23700,2026-07-21T23:00:00Z,NEFT,True,MANY_TO_ONE-0038
BANK-TXN-00000187,ACCOUNT-000976,ACCOUNT-000974,199400,2026-07-21T23:02:00Z,IMPS,True,MANY_TO_ONE-0038
BANK-TXN-00000188,ACCOUNT-000977,ACCOUNT-000974,20300,2026-07-21T23:04:00Z,UPI,True,MANY_TO_ONE-0038
BANK-TXN-00000189,ACCOUNT-000978,ACCOUNT-000974,2600,2026-07-21T23:06:00Z,NEFT,True,MANY_TO_ONE-0038
BANK-TXN-00000190,ACCOUNT-000979,ACCOUNT-000974,4800,2026-07-21T23:08:00Z,UPI,True,MANY_TO_ONE-0038
BANK-TXN-00000191,ACCOUNT-000980,ACCOUNT-000981,22500,2026-07-20T23:00:00Z,NEFT,True,ONE_TO_MANY-0039
BANK-TXN-00000192,ACCOUNT-000980,ACCOUNT-000982,21300,2026-07-20T23:03:00Z,IMPS,True,ONE_TO_MANY-0039
BANK-TXN-00000193,ACCOUNT-000980,ACCOUNT-000983,83000,2026-07-20T23:06:00Z,UPI,True,ONE_TO_MANY-0039
BANK-TXN-00000194,ACCOUNT-000980,ACCOUNT-000984,94400,2026-07-20T23:09:00Z,UPI,True,ONE_TO_MANY-0039
BANK-TXN-00000195,ACCOUNT-000980,ACCOUNT-000985,22900,2026-07-20T23:12:00Z,UPI,True,ONE_TO_MANY-0039
BANK-TXN-00000196,ACCOUNT-000986,ACCOUNT-000987,7300,2026-07-19T23:00:00Z,UPI,True,RAPID_TRANSFER-0040
BANK-TXN-00000197,ACCOUNT-000987,ACCOUNT-000988,29500,2026-07-19T23:03:00Z,RTGS,True,RAPID_TRANSFER-0040
BANK-TXN-00000198,ACCOUNT-000988,ACCOUNT-000989,40000,2026-07-19T23:06:00Z,IMPS,True,RAPID_TRANSFER-0040
BANK-TXN-00000199,ACCOUNT-000989,ACCOUNT-000990,14100,2026-07-19T23:09:00Z,NEFT,True,RAPID_TRANSFER-0040
BANK-TXN-00000200,ACCOUNT-000990,ACCOUNT-000991,12300,2026-07-19T23:12:00Z,UPI,True,RAPID_TRANSFER-0040
BANK-TXN-00000201,ACCOUNT-000992,ACCOUNT-000993,91000,2026-07-18T23:00:00Z,UPI,True,GEOGRAPHICALLY_UNUSUAL-0041
BANK-TXN-00000202,ACCOUNT-000993,ACCOUNT-000994,17800,2026-07-18T23:03:00Z,IMPS,True,GEOGRAPHICALLY_UNUSUAL-0041
BANK-TXN-00000203,ACCOUNT-000994,ACCOUNT-000995,231600,2026-07-18T23:06:00Z,UPI,True,GEOGRAPHICALLY_UNUSUAL-0041
BANK-TXN-00000204,ACCOUNT-000995,ACCOUNT-000996,46800,2026-07-18T23:09:00Z,UPI,True,GEOGRAPHICALLY_UNUSUAL-0041
BANK-TXN-00000205,ACCOUNT-000996,ACCOUNT-000997,15500,2026-07-18T23:12:00Z,UPI,True,GEOGRAPHICALLY_UNUSUAL-0041
BANK-TXN-00000206,ACCOUNT-000998,ACCOUNT-000999,5900,2026-07-17T23:00:00Z,UPI,True,STRUCTURED_LAYERING-0042
BANK-TXN-00000207,ACCOUNT-000999,ACCOUNT-001000,5300,2026-07-17T23:03:00Z,NEFT,True,STRUCTURED_LAYERING-0042
BANK-TXN-00000208,ACCOUNT-001000,ACCOUNT-001001,70600,2026-07-17T23:06:00Z,IMPS,True,STRUCTURED_LAYERING-0042
BANK-TXN-00000209,ACCOUNT-001001,ACCOUNT-001002,128600,2026-07-17T23:09:00Z,IMPS,True,STRUCTURED_LAYERING-0042
BANK-TXN-00000210,ACCOUNT-001002,ACCOUNT-001003,201800,2026-07-17T23:12:00Z,RTGS,True,STRUCTURED_LAYERING-0042
BANK-TXN-00000211,ACCOUNT-CMP-000001,ACCOUNT-001005,12400,2026-07-16T23:00:00Z,UPI,True,MULE_ACCOUNT-0043
BANK-TXN-00000212,ACCOUNT-001005,ACCOUNT-001006,152900,2026-07-16T23:03:00Z,IMPS,True,MULE_ACCOUNT-0043
BANK-TXN-00000213,ACCOUNT-001006,ACCOUNT-001007,89000,2026-07-16T23:06:00Z,NEFT,True,MULE_ACCOUNT-0043
BANK-TXN-00000214,ACCOUNT-001007,ACCOUNT-001008,168700,2026-07-16T23:09:00Z,IMPS,True,MULE_ACCOUNT-0043
BANK-TXN-00000215,ACCOUNT-001008,ACCOUNT-001009,7200,2026-07-16T23:12:00Z,UPI,True,MULE_ACCOUNT-0043
BANK-TXN-00000216,ACCOUNT-001010,ACCOUNT-001011,26300,2026-07-15T23:00:00Z,NEFT,True,MULTI_HOP_FUND_FLOW-0044
BANK-TXN-00000217,ACCOUNT-001011,ACCOUNT-001012,5800,2026-07-15T23:03:00Z,RTGS,True,MULTI_HOP_FUND_FLOW-0044
BANK-TXN-00000218,ACCOUNT-001012,ACCOUNT-001013,20400,2026-07-15T23:06:00Z,RTGS,True,MULTI_HOP_FUND_FLOW-0044
BANK-TXN-00000219,ACCOUNT-001013,ACCOUNT-001014,28600,2026-07-15T23:09:00Z,UPI,True,MULTI_HOP_FUND_FLOW-0044
BANK-TXN-00000220,ACCOUNT-001014,ACCOUNT-001015,136900,2026-07-15T23:12:00Z,IMPS,True,MULTI_HOP_FUND_FLOW-0044
BANK-TXN-00000221,ACCOUNT-001017,ACCOUNT-001016,2900,2026-07-14T23:00:00Z,UPI,True,MANY_TO_ONE-0045
BANK-TXN-00000222,ACCOUNT-001018,ACCOUNT-001016,45100,2026-07-14T23:02:00Z,IMPS,True,MANY_TO_ONE-0045
BANK-TXN-00000223,ACCOUNT-001019,ACCOUNT-001016,187900,2026-07-14T23:04:00Z,UPI,True,MANY_TO_ONE-0045
BANK-TXN-00000224,ACCOUNT-001020,ACCOUNT-001016,3500,2026-07-14T23:06:00Z,UPI,True,MANY_TO_ONE-0045
BANK-TXN-00000225,ACCOUNT-001021,ACCOUNT-001016,59700,2026-07-14T23:08:00Z,UPI,True,MANY_TO_ONE-0045
BANK-TXN-00000226,ACCOUNT-001022,ACCOUNT-001023,5600,2026-07-13T23:00:00Z,UPI,True,ONE_TO_MANY-0046
BANK-TXN-00000227,ACCOUNT-001022,ACCOUNT-001024,2000,2026-07-13T23:03:00Z,NEFT,True,ONE_TO_MANY-0046
BANK-TXN-00000228,ACCOUNT-001022,ACCOUNT-001025,47700,2026-07-13T23:06:00Z,IMPS,True,ONE_TO_MANY-0046
BANK-TXN-00000229,ACCOUNT-001022,ACCOUNT-001026,6000,2026-07-13T23:09:00Z,NEFT,True,ONE_TO_MANY-0046
BANK-TXN-00000230,ACCOUNT-001022,ACCOUNT-001027,6400,2026-07-13T23:12:00Z,IMPS,True,ONE_TO_MANY-0046
BANK-TXN-00000231,ACCOUNT-001028,ACCOUNT-001029,36300,2026-07-12T23:00:00Z,UPI,True,RAPID_TRANSFER-0047
BANK-TXN-00000232,ACCOUNT-001029,ACCOUNT-001030,62900,2026-07-12T23:03:00Z,UPI,True,RAPID_TRANSFER-0047
BANK-TXN-00000233,ACCOUNT-001030,ACCOUNT-001031,6300,2026-07-12T23:06:00Z,IMPS,True,RAPID_TRANSFER-0047
BANK-TXN-00000234,ACCOUNT-001031,ACCOUNT-001032,101900,2026-07-12T23:09:00Z,UPI,True,RAPID_TRANSFER-0047
BANK-TXN-00000235,ACCOUNT-001032,ACCOUNT-001033,120600,2026-07-12T23:12:00Z,IMPS,True,RAPID_TRANSFER-0047
BANK-TXN-00000236,ACCOUNT-001034,ACCOUNT-001035,14100,2026-07-11T23:00:00Z,UPI,True,GEOGRAPHICALLY_UNUSUAL-0048
BANK-TXN-00000237,ACCOUNT-001035,ACCOUNT-001036,48300,2026-07-11T23:03:00Z,UPI,True,GEOGRAPHICALLY_UNUSUAL-0048
BANK-TXN-00000238,ACCOUNT-001036,ACCOUNT-001037,33400,2026-07-11T23:06:00Z,UPI,True,GEOGRAPHICALLY_UNUSUAL-0048
BANK-TXN-00000239,ACCOUNT-001037,ACCOUNT-001038,4300,2026-07-11T23:09:00Z,UPI,True,GEOGRAPHICALLY_UNUSUAL-0048
BANK-TXN-00000240,ACCOUNT-001038,ACCOUNT-001039,3700,2026-07-11T23:12:00Z,IMPS,True,GEOGRAPHICALLY_UNUSUAL-0048
BANK-TXN-00000241,ACCOUNT-001040,ACCOUNT-001041,43900,2026-07-10T23:00:00Z,UPI,True,STRUCTURED_LAYERING-0049
BANK-TXN-00000242,ACCOUNT-001041,ACCOUNT-001042,100,2026-07-10T23:03:00Z,NEFT,True,STRUCTURED_LAYERING-0049
BANK-TXN-00000243,ACCOUNT-001042,ACCOUNT-001043,232500,2026-07-10T23:06:00Z,UPI,True,STRUCTURED_LAYERING-0049
BANK-TXN-00000244,ACCOUNT-001043,ACCOUNT-001044,21200,2026-07-10T23:09:00Z,RTGS,True,STRUCTURED_LAYERING-0049
BANK-TXN-00000245,ACCOUNT-001044,ACCOUNT-001045,12300,2026-07-10T23:12:00Z,UPI,True,STRUCTURED_LAYERING-0049
BANK-TXN-00000246,ACCOUNT-CMP-000001,ACCOUNT-001047,8900,2026-07-09T23:00:00Z,UPI,True,MULE_ACCOUNT-0050
BANK-TXN-00000247,ACCOUNT-001047,ACCOUNT-001048,10700,2026-07-09T23:03:00Z,NEFT,True,MULE_ACCOUNT-0050
BANK-TXN-00000248,ACCOUNT-001048,ACCOUNT-001049,126700,2026-07-09T23:06:00Z,UPI,True,MULE_ACCOUNT-0050
BANK-TXN-00000249,ACCOUNT-001049,ACCOUNT-001050,27800,2026-07-09T23:09:00Z,NEFT,True,MULE_ACCOUNT-0050
BANK-TXN-00000250,ACCOUNT-001050,ACCOUNT-001051,26100,2026-07-09T23:12:00Z,UPI,True,MULE_ACCOUNT-0050
BANK-TXN-00000251,ACCOUNT-001052,ACCOUNT-001053,47200,2026-07-08T23:00:00Z,UPI,True,MULTI_HOP_FUND_FLOW-0051
BANK-TXN-00000252,ACCOUNT-001053,ACCOUNT-001054,33200,2026-07-08T23:03:00Z,UPI,True,MULTI_HOP_FUND_FLOW-0051
BANK-TXN-00000253,ACCOUNT-001054,ACCOUNT-001055,11200,2026-07-08T23:06:00Z,UPI,True,MULTI_HOP_FUND_FLOW-0051
BANK-TXN-00000254,ACCOUNT-001055,ACCOUNT-001056,82900,2026-07-08T23:09:00Z,UPI,True,MULTI_HOP_FUND_FLOW-0051
BANK-TXN-00000255,ACCOUNT-001056,ACCOUNT-001057,5500,2026-07-08T23:12:00Z,UPI,True,MULTI_HOP_FUND_FLOW-0051
BANK-TXN-00000256,ACCOUNT-001059,ACCOUNT-001058,13000,2026-07-07T23:00:00Z,RTGS,True,MANY_TO_ONE-0052
BANK-TXN-00000257,ACCOUNT-001060,ACCOUNT-001058,2600,2026-07-07T23:02:00Z,UPI,True,MANY_TO_ONE-0052
BANK-TXN-00000258,ACCOUNT-001061,ACCOUNT-001058,3900,2026-07-07T23:04:00Z,RTGS,True,MANY_TO_ONE-0052
BANK-TXN-00000259,ACCOUNT-001062,ACCOUNT-001058,237500,2026-07-07T23:06:00Z,UPI,True,MANY_TO_ONE-0052
BANK-TXN-00000260,ACCOUNT-001063,ACCOUNT-001058,7900,2026-07-07T23:08:00Z,UPI,True,MANY_TO_ONE-0052
BANK-TXN-00000261,ACCOUNT-001064,ACCOUNT-001065,700,2026-07-06T23:00:00Z,IMPS,True,ONE_TO_MANY-0053
BANK-TXN-00000262,ACCOUNT-001064,ACCOUNT-001066,159700,2026-07-06T23:03:00Z,UPI,True,ONE_TO_MANY-0053
BANK-TXN-00000263,ACCOUNT-001064,ACCOUNT-001067,8100,2026-07-06T23:06:00Z,UPI,True,ONE_TO_MANY-0053
BANK-TXN-00000264,ACCOUNT-001064,ACCOUNT-001068,1700,2026-07-06T23:09:00Z,IMPS,True,ONE_TO_MANY-0053
BANK-TXN-00000265,ACCOUNT-001064,ACCOUNT-001069,46100,2026-07-06T23:12:00Z,IMPS,True,ONE_TO_MANY-0053
BANK-TXN-00000266,ACCOUNT-001070,ACCOUNT-001071,126200,2026-07-05T23:00:00Z,UPI,True,RAPID_TRANSFER-0054
BANK-TXN-00000267,ACCOUNT-001071,ACCOUNT-001072,222900,2026-07-05T23:03:00Z,IMPS,True,RAPID_TRANSFER-0054
BANK-TXN-00000268,ACCOUNT-001072,ACCOUNT-001073,22900,2026-07-05T23:06:00Z,NEFT,True,RAPID_TRANSFER-0054
BANK-TXN-00000269,ACCOUNT-001073,ACCOUNT-001074,50000,2026-07-05T23:09:00Z,IMPS,True,RAPID_TRANSFER-0054
BANK-TXN-00000270,ACCOUNT-001074,ACCOUNT-001075,150800,2026-07-05T23:12:00Z,UPI,True,RAPID_TRANSFER-0054
BANK-TXN-00000271,ACCOUNT-001076,ACCOUNT-001077,170700,2026-07-04T23:00:00Z,NEFT,True,GEOGRAPHICALLY_UNUSUAL-0055
BANK-TXN-00000272,ACCOUNT-001077,ACCOUNT-001078,9500,2026-07-04T23:03:00Z,IMPS,True,GEOGRAPHICALLY_UNUSUAL-0055
BANK-TXN-00000273,ACCOUNT-001078,ACCOUNT-001079,8200,2026-07-04T23:06:00Z,UPI,True,GEOGRAPHICALLY_UNUSUAL-0055
BANK-TXN-00000274,ACCOUNT-001079,ACCOUNT-001080,166000,2026-07-04T23:09:00Z,IMPS,True,GEOGRAPHICALLY_UNUSUAL-0055
BANK-TXN-00000275,ACCOUNT-001080,ACCOUNT-001081,24300,2026-07-04T23:12:00Z,UPI,True,GEOGRAPHICALLY_UNUSUAL-0055
BANK-TXN-00000276,ACCOUNT-001082,ACCOUNT-001083,151300,2026-07-03T23:00:00Z,UPI,True,STRUCTURED_LAYERING-0056
BANK-TXN-00000277,ACCOUNT-001083,ACCOUNT-001084,4500,2026-07-03T23:03:00Z,IMPS,True,STRUCTURED_LAYERING-0056
BANK-TXN-00000278,ACCOUNT-001084,ACCOUNT-001085,9800,2026-07-03T23:06:00Z,UPI,True,STRUCTURED_LAYERING-0056
BANK-TXN-00000279,ACCOUNT-001085,ACCOUNT-001086,21500,2026-07-03T23:09:00Z,UPI,True,STRUCTURED_LAYERING-0056
BANK-TXN-00000280,ACCOUNT-001086,ACCOUNT-001087,215000,2026-07-03T23:12:00Z,NEFT,True,STRUCTURED_LAYERING-0056
BANK-TXN-00000281,ACCOUNT-CMP-000001,ACCOUNT-001089,244300,2026-07-02T23:00:00Z,IMPS,True,MULE_ACCOUNT-0057
BANK-TXN-00000282,ACCOUNT-001089,ACCOUNT-001090,25000,2026-07-02T23:03:00Z,UPI,True,MULE_ACCOUNT-0057
BANK-TXN-00000283,ACCOUNT-001090,ACCOUNT-001091,60000,2026-07-02T23:06:00Z,IMPS,True,MULE_ACCOUNT-0057
BANK-TXN-00000284,ACCOUNT-001091,ACCOUNT-001092,6800,2026-07-02T23:09:00Z,UPI,True,MULE_ACCOUNT-0057
BANK-TXN-00000285,ACCOUNT-001092,ACCOUNT-001093,115200,2026-07-02T23:12:00Z,UPI,True,MULE_ACCOUNT-0057
BANK-TXN-00000286,ACCOUNT-001094,ACCOUNT-001095,226000,2026-07-01T23:00:00Z,NEFT,True,MULTI_HOP_FUND_FLOW-0058
BANK-TXN-00000287,ACCOUNT-001095,ACCOUNT-001096,22500,2026-07-01T23:03:00Z,IMPS,True,MULTI_HOP_FUND_FLOW-0058
BANK-TXN-00000288,ACCOUNT-001096,ACCOUNT-001097,68300,2026-07-01T23:06:00Z,UPI,True,MULTI_HOP_FUND_FLOW-0058
BANK-TXN-00000289,ACCOUNT-001097,ACCOUNT-001098,165000,2026-07-01T23:09:00Z,UPI,True,MULTI_HOP_FUND_FLOW-0058
BANK-TXN-00000290,ACCOUNT-001098,ACCOUNT-001099,8300,2026-07-01T23:12:00Z,UPI,True,MULTI_HOP_FUND_FLOW-0058
BANK-TXN-00000291,ACCOUNT-001101,ACCOUNT-001100,2300,2026-06-30T23:00:00Z,UPI,True,MANY_TO_ONE-0059
BANK-TXN-00000292,ACCOUNT-001102,ACCOUNT-001100,19200,2026-06-30T23:02:00Z,UPI,True,MANY_TO_ONE-0059
BANK-TXN-00000293,ACCOUNT-001103,ACCOUNT-001100,92100,2026-06-30T23:04:00Z,IMPS,True,MANY_TO_ONE-0059
BANK-TXN-00000294,ACCOUNT-001104,ACCOUNT-001100,170800,2026-06-30T23:06:00Z,UPI,True,MANY_TO_ONE-0059
BANK-TXN-00000295,ACCOUNT-001105,ACCOUNT-001100,4400,2026-06-30T23:08:00Z,NEFT,True,MANY_TO_ONE-0059
BANK-TXN-00000296,ACCOUNT-001106,ACCOUNT-001107,3400,2026-06-29T23:00:00Z,NEFT,True,ONE_TO_MANY-0060
BANK-TXN-00000297,ACCOUNT-001106,ACCOUNT-001108,26100,2026-06-29T23:03:00Z,UPI,True,ONE_TO_MANY-0060
BANK-TXN-00000298,ACCOUNT-001106,ACCOUNT-001109,1100,2026-06-29T23:06:00Z,RTGS,True,ONE_TO_MANY-0060
BANK-TXN-00000299,ACCOUNT-001106,ACCOUNT-001110,113400,2026-06-29T23:09:00Z,UPI,True,ONE_TO_MANY-0060
BANK-TXN-00000300,ACCOUNT-001106,ACCOUNT-001111,1400,2026-06-29T23:12:00Z,UPI,True,ONE_TO_MANY-0060
BANK-TXN-00000301,ACCOUNT-001112,ACCOUNT-001113,36500,2026-06-28T23:00:00Z,IMPS,True,RAPID_TRANSFER-0061
BANK-TXN-00000302,ACCOUNT-001113,ACCOUNT-001114,33000,2026-06-28T23:03:00Z,UPI,True,RAPID_TRANSFER-0061
BANK-TXN-00000303,ACCOUNT-001114,ACCOUNT-001115,124200,2026-06-28T23:06:00Z,UPI,True,RAPID_TRANSFER-0061
BANK-TXN-00000304,ACCOUNT-001115,ACCOUNT-001116,247500,2026-06-28T23:09:00Z,IMPS,True,RAPID_TRANSFER-0061
BANK-TXN-00000305,ACCOUNT-001116,ACCOUNT-001117,219900,2026-06-28T23:12:00Z,UPI,True,RAPID_TRANSFER-0061
BANK-TXN-00000306,ACCOUNT-001118,ACCOUNT-001119,9700,2026-06-27T23:00:00Z,UPI,True,GEOGRAPHICALLY_UNUSUAL-0062
BANK-TXN-00000307,ACCOUNT-001119,ACCOUNT-001120,65100,2026-06-27T23:03:00Z,RTGS,True,GEOGRAPHICALLY_UNUSUAL-0062
BANK-TXN-00000308,ACCOUNT-001120,ACCOUNT-001121,6900,2026-06-27T23:06:00Z,IMPS,True,GEOGRAPHICALLY_UNUSUAL-0062
BANK-TXN-00000309,ACCOUNT-001121,ACCOUNT-001122,232600,2026-06-27T23:09:00Z,UPI,True,GEOGRAPHICALLY_UNUSUAL-0062
BANK-TXN-00000310,ACCOUNT-001122,ACCOUNT-001123,3600,2026-06-27T23:12:00Z,NEFT,True,GEOGRAPHICALLY_UNUSUAL-0062
BANK-TXN-00000311,ACCOUNT-001124,ACCOUNT-001125,73600,2026-06-26T23:00:00Z,IMPS,True,STRUCTURED_LAYERING-0063
BANK-TXN-00000312,ACCOUNT-001125,ACCOUNT-001126,1900,2026-06-26T23:03:00Z,IMPS,True,STRUCTURED_LAYERING-0063
BANK-TXN-00000313,ACCOUNT-001126,ACCOUNT-001127,12500,2026-06-26T23:06:00Z,UPI,True,STRUCTURED_LAYERING-0063
BANK-TXN-00000314,ACCOUNT-001127,ACCOUNT-001128,74900,2026-06-26T23:09:00Z,RTGS,True,STRUCTURED_LAYERING-0063
BANK-TXN-00000315,ACCOUNT-001128,ACCOUNT-001129,13200,2026-06-26T23:12:00Z,IMPS,True,STRUCTURED_LAYERING-0063
BANK-TXN-00000316,ACCOUNT-CMP-000001,ACCOUNT-001131,231200,2026-06-25T23:00:00Z,UPI,True,MULE_ACCOUNT-0064
BANK-TXN-00000317,ACCOUNT-001131,ACCOUNT-001132,13400,2026-06-25T23:03:00Z,IMPS,True,MULE_ACCOUNT-0064
BANK-TXN-00000318,ACCOUNT-001132,ACCOUNT-001133,22200,2026-06-25T23:06:00Z,UPI,True,MULE_ACCOUNT-0064
BANK-TXN-00000319,ACCOUNT-001133,ACCOUNT-001134,17800,2026-06-25T23:09:00Z,UPI,True,MULE_ACCOUNT-0064
BANK-TXN-00000320,ACCOUNT-001134,ACCOUNT-001135,1200,2026-06-25T23:12:00Z,IMPS,True,MULE_ACCOUNT-0064
BANK-TXN-00000321,ACCOUNT-001136,ACCOUNT-001137,130400,2026-06-24T23:00:00Z,UPI,True,MULTI_HOP_FUND_FLOW-0065
BANK-TXN-00000322,ACCOUNT-001137,ACCOUNT-001138,9900,2026-06-24T23:03:00Z,IMPS,True,MULTI_HOP_FUND_FLOW-0065
BANK-TXN-00000323,ACCOUNT-001138,ACCOUNT-001139,13400,2026-06-24T23:06:00Z,UPI,True,MULTI_HOP_FUND_FLOW-0065
BANK-TXN-00000324,ACCOUNT-001139,ACCOUNT-001140,54600,2026-06-24T23:09:00Z,UPI,True,MULTI_HOP_FUND_FLOW-0065
BANK-TXN-00000325,ACCOUNT-001140,ACCOUNT-001141,50500,2026-06-24T23:12:00Z,IMPS,True,MULTI_HOP_FUND_FLOW-0065
BANK-TXN-00000326,ACCOUNT-001143,ACCOUNT-001142,29000,2026-06-23T23:00:00Z,UPI,True,MANY_TO_ONE-0066
BANK-TXN-00000327,ACCOUNT-001144,ACCOUNT-001142,249900,2026-06-23T23:02:00Z,UPI,True,MANY_TO_ONE-0066
BANK-TXN-00000328,ACCOUNT-001145,ACCOUNT-001142,30900,2026-06-23T23:04:00Z,UPI,True,MANY_TO_ONE-0066
BANK-TXN-00000329,ACCOUNT-001146,ACCOUNT-001142,142300,2026-06-23T23:06:00Z,UPI,True,MANY_TO_ONE-0066
BANK-TXN-00000330,ACCOUNT-001147,ACCOUNT-001142,48400,2026-06-23T23:08:00Z,UPI,True,MANY_TO_ONE-0066
BANK-TXN-00000331,ACCOUNT-001148,ACCOUNT-001149,153900,2026-06-22T23:00:00Z,IMPS,True,ONE_TO_MANY-0067
BANK-TXN-00000332,ACCOUNT-001148,ACCOUNT-001150,25000,2026-06-22T23:03:00Z,IMPS,True,ONE_TO_MANY-0067
BANK-TXN-00000333,ACCOUNT-001148,ACCOUNT-001151,49900,2026-06-22T23:06:00Z,NEFT,True,ONE_TO_MANY-0067
BANK-TXN-00000334,ACCOUNT-001148,ACCOUNT-001152,45200,2026-06-22T23:09:00Z,UPI,True,ONE_TO_MANY-0067
BANK-TXN-00000335,ACCOUNT-001148,ACCOUNT-001153,29200,2026-06-22T23:12:00Z,UPI,True,ONE_TO_MANY-0067
BANK-TXN-00000336,ACCOUNT-001154,ACCOUNT-001155,1600,2026-06-21T23:00:00Z,UPI,True,RAPID_TRANSFER-0068
BANK-TXN-00000337,ACCOUNT-001155,ACCOUNT-001156,80300,2026-06-21T23:03:00Z,UPI,True,RAPID_TRANSFER-0068
BANK-TXN-00000338,ACCOUNT-001156,ACCOUNT-001157,204900,2026-06-21T23:06:00Z,UPI,True,RAPID_TRANSFER-0068
BANK-TXN-00000339,ACCOUNT-001157,ACCOUNT-001158,57500,2026-06-21T23:09:00Z,UPI,True,RAPID_TRANSFER-0068
BANK-TXN-00000340,ACCOUNT-001158,ACCOUNT-001159,14600,2026-06-21T23:12:00Z,UPI,True,RAPID_TRANSFER-0068
BANK-TXN-00000341,ACCOUNT-001160,ACCOUNT-001161,83700,2026-06-20T23:00:00Z,UPI,True,GEOGRAPHICALLY_UNUSUAL-0069
BANK-TXN-00000342,ACCOUNT-001161,ACCOUNT-001162,9600,2026-06-20T23:03:00Z,IMPS,True,GEOGRAPHICALLY_UNUSUAL-0069
BANK-TXN-00000343,ACCOUNT-001162,ACCOUNT-001163,40200,2026-06-20T23:06:00Z,IMPS,True,GEOGRAPHICALLY_UNUSUAL-0069
BANK-TXN-00000344,ACCOUNT-001163,ACCOUNT-001164,7400,2026-06-20T23:09:00Z,UPI,True,GEOGRAPHICALLY_UNUSUAL-0069
BANK-TXN-00000345,ACCOUNT-001164,ACCOUNT-001165,200,2026-06-20T23:12:00Z,UPI,True,GEOGRAPHICALLY_UNUSUAL-0069
BANK-TXN-00000346,ACCOUNT-001166,ACCOUNT-001167,232900,2026-06-19T23:00:00Z,UPI,True,STRUCTURED_LAYERING-0070
BANK-TXN-00000347,ACCOUNT-001167,ACCOUNT-001168,34400,2026-06-19T23:03:00Z,NEFT,True,STRUCTURED_LAYERING-0070
BANK-TXN-00000348,ACCOUNT-001168,ACCOUNT-001169,208500,2026-06-19T23:06:00Z,UPI,True,STRUCTURED_LAYERING-0070
BANK-TXN-00000349,ACCOUNT-001169,ACCOUNT-001170,45200,2026-06-19T23:09:00Z,IMPS,True,STRUCTURED_LAYERING-0070
BANK-TXN-00000350,ACCOUNT-001170,ACCOUNT-001171,25000,2026-06-19T23:12:00Z,NEFT,True,STRUCTURED_LAYERING-0070
BANK-TXN-00000351,ACCOUNT-CMP-000001,ACCOUNT-001173,41700,2026-06-18T23:00:00Z,UPI,True,MULE_ACCOUNT-0071
BANK-TXN-00000352,ACCOUNT-001173,ACCOUNT-001174,20400,2026-06-18T23:03:00Z,UPI,True,MULE_ACCOUNT-0071
BANK-TXN-00000353,ACCOUNT-001174,ACCOUNT-001175,7700,2026-06-18T23:06:00Z,IMPS,True,MULE_ACCOUNT-0071
BANK-TXN-00000354,ACCOUNT-001175,ACCOUNT-001176,16600,2026-06-18T23:09:00Z,NEFT,True,MULE_ACCOUNT-0071
BANK-TXN-00000355,ACCOUNT-001176,ACCOUNT-001177,39400,2026-06-18T23:12:00Z,UPI,True,MULE_ACCOUNT-0071
BANK-TXN-00000356,ACCOUNT-001178,ACCOUNT-001179,45000,2026-06-17T23:00:00Z,IMPS,True,MULTI_HOP_FUND_FLOW-0072
BANK-TXN-00000357,ACCOUNT-001179,ACCOUNT-001180,5600,2026-06-17T23:03:00Z,UPI,True,MULTI_HOP_FUND_FLOW-0072
BANK-TXN-00000358,ACCOUNT-001180,ACCOUNT-001181,45100,2026-06-17T23:06:00Z,UPI,True,MULTI_HOP_FUND_FLOW-0072
BANK-TXN-00000359,ACCOUNT-001181,ACCOUNT-001182,81400,2026-06-17T23:09:00Z,IMPS,True,MULTI_HOP_FUND_FLOW-0072
BANK-TXN-00000360,ACCOUNT-001182,ACCOUNT-001183,110600,2026-06-17T23:12:00Z,UPI,True,MULTI_HOP_FUND_FLOW-0072
BANK-TXN-00000361,ACCOUNT-001185,ACCOUNT-001184,500,2026-06-16T23:00:00Z,UPI,True,MANY_TO_ONE-0073
BANK-TXN-00000362,ACCOUNT-001186,ACCOUNT-001184,178700,2026-06-16T23:02:00Z,NEFT,True,MANY_TO_ONE-0073
BANK-TXN-00000363,ACCOUNT-001187,ACCOUNT-001184,222300,2026-06-16T23:04:00Z,UPI,True,MANY_TO_ONE-0073
BANK-TXN-00000364,ACCOUNT-001188,ACCOUNT-001184,25200,2026-06-16T23:06:00Z,UPI,True,MANY_TO_ONE-0073
BANK-TXN-00000365,ACCOUNT-001189,ACCOUNT-001184,5200,2026-06-16T23:08:00Z,IMPS,True,MANY_TO_ONE-0073
BANK-TXN-00000366,ACCOUNT-001190,ACCOUNT-001191,16100,2026-06-15T23:00:00Z,IMPS,True,ONE_TO_MANY-0074
BANK-TXN-00000367,ACCOUNT-001190,ACCOUNT-001192,20100,2026-06-15T23:03:00Z,UPI,True,ONE_TO_MANY-0074
BANK-TXN-00000368,ACCOUNT-001190,ACCOUNT-001193,3600,2026-06-15T23:06:00Z,UPI,True,ONE_TO_MANY-0074
BANK-TXN-00000369,ACCOUNT-001190,ACCOUNT-001194,17000,2026-06-15T23:09:00Z,UPI,True,ONE_TO_MANY-0074
BANK-TXN-00000370,ACCOUNT-001190,ACCOUNT-001195,14400,2026-06-15T23:12:00Z,UPI,True,ONE_TO_MANY-0074
BANK-TXN-00000371,ACCOUNT-001196,ACCOUNT-001197,27900,2026-06-14T23:00:00Z,UPI,True,RAPID_TRANSFER-0075
BANK-TXN-00000372,ACCOUNT-001197,ACCOUNT-001198,41200,2026-06-14T23:03:00Z,IMPS,True,RAPID_TRANSFER-0075
BANK-TXN-00000373,ACCOUNT-001198,ACCOUNT-001199,9300,2026-06-14T23:06:00Z,IMPS,True,RAPID_TRANSFER-0075
BANK-TXN-00000374,ACCOUNT-001199,ACCOUNT-001200,20500,2026-06-14T23:09:00Z,RTGS,True,RAPID_TRANSFER-0075
BANK-TXN-00000375,ACCOUNT-001200,ACCOUNT-001201,77400,2026-06-14T23:12:00Z,UPI,True,RAPID_TRANSFER-0075
BANK-TXN-00000376,ACCOUNT-001202,ACCOUNT-001203,43800,2026-06-13T23:00:00Z,UPI,True,GEOGRAPHICALLY_UNUSUAL-0076
BANK-TXN-00000377,ACCOUNT-001203,ACCOUNT-001204,149500,2026-06-13T23:03:00Z,NEFT,True,GEOGRAPHICALLY_UNUSUAL-0076
BANK-TXN-00000378,ACCOUNT-001204,ACCOUNT-001205,6400,2026-06-13T23:06:00Z,UPI,True,GEOGRAPHICALLY_UNUSUAL-0076
BANK-TXN-00000379,ACCOUNT-001205,ACCOUNT-001206,8900,2026-06-13T23:09:00Z,UPI,True,GEOGRAPHICALLY_UNUSUAL-0076
BANK-TXN-00000380,ACCOUNT-001206,ACCOUNT-001207,800,2026-06-13T23:12:00Z,NEFT,True,GEOGRAPHICALLY_UNUSUAL-0076
BANK-TXN-00000381,ACCOUNT-001208,ACCOUNT-001209,3400,2026-06-12T23:00:00Z,IMPS,True,STRUCTURED_LAYERING-0077
BANK-TXN-00000382,ACCOUNT-001209,ACCOUNT-001210,49000,2026-06-12T23:03:00Z,UPI,True,STRUCTURED_LAYERING-0077
BANK-TXN-00000383,ACCOUNT-001210,ACCOUNT-001211,67700,2026-06-12T23:06:00Z,UPI,True,STRUCTURED_LAYERING-0077
BANK-TXN-00000384,ACCOUNT-001211,ACCOUNT-001212,135700,2026-06-12T23:09:00Z,UPI,True,STRUCTURED_LAYERING-0077
BANK-TXN-00000385,ACCOUNT-001212,ACCOUNT-001213,4500,2026-06-12T23:12:00Z,UPI,True,STRUCTURED_LAYERING-0077
BANK-TXN-00000386,ACCOUNT-CMP-000001,ACCOUNT-001215,7600,2026-06-11T23:00:00Z,IMPS,True,MULE_ACCOUNT-0078
BANK-TXN-00000387,ACCOUNT-001215,ACCOUNT-001216,19300,2026-06-11T23:03:00Z,NEFT,True,MULE_ACCOUNT-0078
BANK-TXN-00000388,ACCOUNT-001216,ACCOUNT-001217,21500,2026-06-11T23:06:00Z,UPI,True,MULE_ACCOUNT-0078
BANK-TXN-00000389,ACCOUNT-001217,ACCOUNT-001218,8600,2026-06-11T23:09:00Z,IMPS,True,MULE_ACCOUNT-0078
BANK-TXN-00000390,ACCOUNT-001218,ACCOUNT-001219,4700,2026-06-11T23:12:00Z,UPI,True,MULE_ACCOUNT-0078
BANK-TXN-00000391,ACCOUNT-001220,ACCOUNT-001221,4500,2026-06-10T23:00:00Z,UPI,True,MULTI_HOP_FUND_FLOW-0079
BANK-TXN-00000392,ACCOUNT-001221,ACCOUNT-001222,6600,2026-06-10T23:03:00Z,UPI,True,MULTI_HOP_FUND_FLOW-0079
BANK-TXN-00000393,ACCOUNT-001222,ACCOUNT-001223,119700,2026-06-10T23:06:00Z,UPI,True,MULTI_HOP_FUND_FLOW-0079
BANK-TXN-00000394,ACCOUNT-001223,ACCOUNT-001224,16600,2026-06-10T23:09:00Z,UPI,True,MULTI_HOP_FUND_FLOW-0079
BANK-TXN-00000395,ACCOUNT-001224,ACCOUNT-001225,78500,2026-06-10T23:12:00Z,NEFT,True,MULTI_HOP_FUND_FLOW-0079
BANK-TXN-00000396,ACCOUNT-001227,ACCOUNT-001226,224000,2026-06-09T23:00:00Z,UPI,True,MANY_TO_ONE-0080
BANK-TXN-00000397,ACCOUNT-001228,ACCOUNT-001226,19000,2026-06-09T23:02:00Z,UPI,True,MANY_TO_ONE-0080
BANK-TXN-00000398,ACCOUNT-001229,ACCOUNT-001226,2500,2026-06-09T23:04:00Z,IMPS,True,MANY_TO_ONE-0080
BANK-TXN-00000399,ACCOUNT-001230,ACCOUNT-001226,9000,2026-06-09T23:06:00Z,NEFT,True,MANY_TO_ONE-0080
BANK-TXN-00000400,ACCOUNT-001231,ACCOUNT-001226,600,2026-06-09T23:08:00Z,UPI,True,MANY_TO_ONE-0080
BANK-TXN-00000401,ACCOUNT-001232,ACCOUNT-001233,83000,2026-06-08T23:00:00Z,UPI,True,ONE_TO_MANY-0081
BANK-TXN-00000402,ACCOUNT-001232,ACCOUNT-001234,29200,2026-06-08T23:03:00Z,UPI,True,ONE_TO_MANY-0081
BANK-TXN-00000403,ACCOUNT-001232,ACCOUNT-001235,151500,2026-06-08T23:06:00Z,NEFT,True,ONE_TO_MANY-0081
BANK-TXN-00000404,ACCOUNT-001232,ACCOUNT-001236,7500,2026-06-08T23:09:00Z,UPI,True,ONE_TO_MANY-0081
BANK-TXN-00000405,ACCOUNT-001232,ACCOUNT-001237,5000,2026-06-08T23:12:00Z,UPI,True,ONE_TO_MANY-0081
BANK-TXN-00000406,ACCOUNT-001238,ACCOUNT-001239,49900,2026-06-07T23:00:00Z,NEFT,True,RAPID_TRANSFER-0082
BANK-TXN-00000407,ACCOUNT-001239,ACCOUNT-001240,24000,2026-06-07T23:03:00Z,UPI,True,RAPID_TRANSFER-0082
BANK-TXN-00000408,ACCOUNT-001240,ACCOUNT-001241,210400,2026-06-07T23:06:00Z,UPI,True,RAPID_TRANSFER-0082
BANK-TXN-00000409,ACCOUNT-001241,ACCOUNT-001242,73300,2026-06-07T23:09:00Z,IMPS,True,RAPID_TRANSFER-0082
BANK-TXN-00000410,ACCOUNT-001242,ACCOUNT-001243,215500,2026-06-07T23:12:00Z,UPI,True,RAPID_TRANSFER-0082
BANK-TXN-00000411,ACCOUNT-001244,ACCOUNT-001245,17300,2026-06-06T23:00:00Z,UPI,True,GEOGRAPHICALLY_UNUSUAL-0083
BANK-TXN-00000412,ACCOUNT-001245,ACCOUNT-001246,4500,2026-06-06T23:03:00Z,NEFT,True,GEOGRAPHICALLY_UNUSUAL-0083
BANK-TXN-00000413,ACCOUNT-001246,ACCOUNT-001247,32600,2026-06-06T23:06:00Z,UPI,True,GEOGRAPHICALLY_UNUSUAL-0083
BANK-TXN-00000414,ACCOUNT-001247,ACCOUNT-001248,45400,2026-06-06T23:09:00Z,UPI,True,GEOGRAPHICALLY_UNUSUAL-0083
BANK-TXN-00000415,ACCOUNT-001248,ACCOUNT-001249,10000,2026-06-06T23:12:00Z,UPI,True,GEOGRAPHICALLY_UNUSUAL-0083
BANK-TXN-00000416,ACCOUNT-001250,ACCOUNT-001251,29800,2026-06-05T23:00:00Z,NEFT,True,STRUCTURED_LAYERING-0084
BANK-TXN-00000417,ACCOUNT-001251,ACCOUNT-001252,5800,2026-06-05T23:03:00Z,UPI,True,STRUCTURED_LAYERING-0084
BANK-TXN-00000418,ACCOUNT-001252,ACCOUNT-001253,193200,2026-06-05T23:06:00Z,IMPS,True,STRUCTURED_LAYERING-0084
BANK-TXN-00000419,ACCOUNT-001253,ACCOUNT-001254,22500,2026-06-05T23:09:00Z,UPI,True,STRUCTURED_LAYERING-0084
BANK-TXN-00000420,ACCOUNT-001254,ACCOUNT-001255,1000,2026-06-05T23:12:00Z,UPI,True,STRUCTURED_LAYERING-0084
BANK-TXN-00000421,ACCOUNT-CMP-000001,ACCOUNT-001257,12000,2026-06-04T23:00:00Z,NEFT,True,MULE_ACCOUNT-0085
BANK-TXN-00000422,ACCOUNT-001257,ACCOUNT-001258,5300,2026-06-04T23:03:00Z,UPI,True,MULE_ACCOUNT-0085
BANK-TXN-00000423,ACCOUNT-001258,ACCOUNT-001259,26800,2026-06-04T23:06:00Z,UPI,True,MULE_ACCOUNT-0085
BANK-TXN-00000424,ACCOUNT-001259,ACCOUNT-001260,6200,2026-06-04T23:09:00Z,NEFT,True,MULE_ACCOUNT-0085
BANK-TXN-00000425,ACCOUNT-001260,ACCOUNT-001261,19700,2026-06-04T23:12:00Z,NEFT,True,MULE_ACCOUNT-0085
BANK-TXN-00000426,ACCOUNT-001262,ACCOUNT-001263,212500,2026-06-03T23:00:00Z,UPI,True,MULTI_HOP_FUND_FLOW-0086
BANK-TXN-00000427,ACCOUNT-001263,ACCOUNT-001264,22300,2026-06-03T23:03:00Z,IMPS,True,MULTI_HOP_FUND_FLOW-0086
BANK-TXN-00000428,ACCOUNT-001264,ACCOUNT-001265,7300,2026-06-03T23:06:00Z,NEFT,True,MULTI_HOP_FUND_FLOW-0086
BANK-TXN-00000429,ACCOUNT-001265,ACCOUNT-001266,144600,2026-06-03T23:09:00Z,RTGS,True,MULTI_HOP_FUND_FLOW-0086
BANK-TXN-00000430,ACCOUNT-001266,ACCOUNT-001267,9000,2026-06-03T23:12:00Z,UPI,True,MULTI_HOP_FUND_FLOW-0086
BANK-TXN-00000431,ACCOUNT-001269,ACCOUNT-001268,5000,2026-06-02T23:00:00Z,RTGS,True,MANY_TO_ONE-0087
BANK-TXN-00000432,ACCOUNT-001270,ACCOUNT-001268,222100,2026-06-02T23:02:00Z,UPI,True,MANY_TO_ONE-0087
BANK-TXN-00000433,ACCOUNT-001271,ACCOUNT-001268,8100,2026-06-02T23:04:00Z,UPI,True,MANY_TO_ONE-0087
BANK-TXN-00000434,ACCOUNT-001272,ACCOUNT-001268,2300,2026-06-02T23:06:00Z,IMPS,True,MANY_TO_ONE-0087
BANK-TXN-00000435,ACCOUNT-001273,ACCOUNT-001268,8100,2026-06-02T23:08:00Z,UPI,True,MANY_TO_ONE-0087
BANK-TXN-00000436,ACCOUNT-001274,ACCOUNT-001275,4500,2026-06-01T23:00:00Z,UPI,True,ONE_TO_MANY-0088
BANK-TXN-00000437,ACCOUNT-001274,ACCOUNT-001276,43000,2026-06-01T23:03:00Z,UPI,True,ONE_TO_MANY-0088
BANK-TXN-00000438,ACCOUNT-001274,ACCOUNT-001277,8600,2026-06-01T23:06:00Z,UPI,True,ONE_TO_MANY-0088
BANK-TXN-00000439,ACCOUNT-001274,ACCOUNT-001278,24100,2026-06-01T23:09:00Z,UPI,True,ONE_TO_MANY-0088
BANK-TXN-00000440,ACCOUNT-001274,ACCOUNT-001279,23800,2026-06-01T23:12:00Z,UPI,True,ONE_TO_MANY-0088
BANK-TXN-00000441,ACCOUNT-001280,ACCOUNT-001281,20400,2026-05-31T23:00:00Z,IMPS,True,RAPID_TRANSFER-0089
BANK-TXN-00000442,ACCOUNT-001281,ACCOUNT-001282,700,2026-05-31T23:03:00Z,UPI,True,RAPID_TRANSFER-0089
BANK-TXN-00000443,ACCOUNT-001282,ACCOUNT-001283,300,2026-05-31T23:06:00Z,NEFT,True,RAPID_TRANSFER-0089
BANK-TXN-00000444,ACCOUNT-001283,ACCOUNT-001284,6100,2026-05-31T23:09:00Z,NEFT,True,RAPID_TRANSFER-0089
BANK-TXN-00000445,ACCOUNT-001284,ACCOUNT-001285,5600,2026-05-31T23:12:00Z,UPI,True,RAPID_TRANSFER-0089
BANK-TXN-00000446,ACCOUNT-001286,ACCOUNT-001287,24200,2026-08-28T23:00:00Z,IMPS,True,GEOGRAPHICALLY_UNUSUAL-0090
BANK-TXN-00000447,ACCOUNT-001287,ACCOUNT-001288,46000,2026-08-28T23:03:00Z,UPI,True,GEOGRAPHICALLY_UNUSUAL-0090
BANK-TXN-00000448,ACCOUNT-001288,ACCOUNT-001289,111900,2026-08-28T23:06:00Z,NEFT,True,GEOGRAPHICALLY_UNUSUAL-0090
BANK-TXN-00000449,ACCOUNT-001289,ACCOUNT-001290,23500,2026-08-28T23:09:00Z,UPI,True,GEOGRAPHICALLY_UNUSUAL-0090
BANK-TXN-00000450,ACCOUNT-001290,ACCOUNT-001291,2000,2026-08-28T23:12:00Z,UPI,True,GEOGRAPHICALLY_UNUSUAL-0090
BANK-TXN-00000451,ACCOUNT-001292,ACCOUNT-001293,1100,2026-08-27T23:00:00Z,IMPS,True,STRUCTURED_LAYERING-0091
BANK-TXN-00000452,ACCOUNT-001293,ACCOUNT-001294,70500,2026-08-27T23:03:00Z,UPI,True,STRUCTURED_LAYERING-0091
BANK-TXN-00000453,ACCOUNT-001294,ACCOUNT-001295,132300,2026-08-27T23:06:00Z,UPI,True,STRUCTURED_LAYERING-0091
BANK-TXN-00000454,ACCOUNT-001295,ACCOUNT-001296,72600,2026-08-27T23:09:00Z,NEFT,True,STRUCTURED_LAYERING-0091
BANK-TXN-00000455,ACCOUNT-001296,ACCOUNT-001297,24000,2026-08-27T23:12:00Z,RTGS,True,STRUCTURED_LAYERING-0091
BANK-TXN-00000456,ACCOUNT-CMP-000001,ACCOUNT-001299,50800,2026-08-26T23:00:00Z,UPI,True,MULE_ACCOUNT-0092
BANK-TXN-00000457,ACCOUNT-001299,ACCOUNT-001300,10100,2026-08-26T23:03:00Z,UPI,True,MULE_ACCOUNT-0092
BANK-TXN-00000458,ACCOUNT-001300,ACCOUNT-001301,6300,2026-08-26T23:06:00Z,NEFT,True,MULE_ACCOUNT-0092
BANK-TXN-00000459,ACCOUNT-001301,ACCOUNT-001302,5000,2026-08-26T23:09:00Z,NEFT,True,MULE_ACCOUNT-0092
BANK-TXN-00000460,ACCOUNT-001302,ACCOUNT-001303,156500,2026-08-26T23:12:00Z,NEFT,True,MULE_ACCOUNT-0092
BANK-TXN-00000461,ACCOUNT-001304,ACCOUNT-001305,115800,2026-08-25T23:00:00Z,IMPS,True,MULTI_HOP_FUND_FLOW-0093
BANK-TXN-00000462,ACCOUNT-001305,ACCOUNT-001306,29400,2026-08-25T23:03:00Z,UPI,True,MULTI_HOP_FUND_FLOW-0093
BANK-TXN-00000463,ACCOUNT-001306,ACCOUNT-001307,243900,2026-08-25T23:06:00Z,IMPS,True,MULTI_HOP_FUND_FLOW-0093
BANK-TXN-00000464,ACCOUNT-001307,ACCOUNT-001308,3900,2026-08-25T23:09:00Z,IMPS,True,MULTI_HOP_FUND_FLOW-0093
BANK-TXN-00000465,ACCOUNT-001308,ACCOUNT-001309,4700,2026-08-25T23:12:00Z,NEFT,True,MULTI_HOP_FUND_FLOW-0093
BANK-TXN-00000466,ACCOUNT-001311,ACCOUNT-001310,35600,2026-08-24T23:00:00Z,NEFT,True,MANY_TO_ONE-0094
BANK-TXN-00000467,ACCOUNT-001312,ACCOUNT-001310,229400,2026-08-24T23:02:00Z,UPI,True,MANY_TO_ONE-0094
BANK-TXN-00000468,ACCOUNT-001313,ACCOUNT-001310,23800,2026-08-24T23:04:00Z,IMPS,True,MANY_TO_ONE-0094
BANK-TXN-00000469,ACCOUNT-001314,ACCOUNT-001310,5300,2026-08-24T23:06:00Z,IMPS,True,MANY_TO_ONE-0094
BANK-TXN-00000470,ACCOUNT-001315,ACCOUNT-001310,7700,2026-08-24T23:08:00Z,UPI,True,MANY_TO_ONE-0094
BANK-TXN-00000471,ACCOUNT-001316,ACCOUNT-001317,70400,2026-08-23T23:00:00Z,UPI,True,ONE_TO_MANY-0095
BANK-TXN-00000472,ACCOUNT-001316,ACCOUNT-001318,8000,2026-08-23T23:03:00Z,IMPS,True,ONE_TO_MANY-0095
BANK-TXN-00000473,ACCOUNT-001316,ACCOUNT-001319,81500,2026-08-23T23:06:00Z,RTGS,True,ONE_TO_MANY-0095
BANK-TXN-00000474,ACCOUNT-001316,ACCOUNT-001320,21000,2026-08-23T23:09:00Z,UPI,True,ONE_TO_MANY-0095
BANK-TXN-00000475,ACCOUNT-001316,ACCOUNT-001321,184700,2026-08-23T23:12:00Z,UPI,True,ONE_TO_MANY-0095
BANK-TXN-00000476,ACCOUNT-001322,ACCOUNT-001323,4800,2026-08-22T23:00:00Z,UPI,True,RAPID_TRANSFER-0096
BANK-TXN-00000477,ACCOUNT-001323,ACCOUNT-001324,97400,2026-08-22T23:03:00Z,UPI,True,RAPID_TRANSFER-0096
BANK-TXN-00000478,ACCOUNT-001324,ACCOUNT-001325,10300,2026-08-22T23:06:00Z,UPI,True,RAPID_TRANSFER-0096
BANK-TXN-00000479,ACCOUNT-001325,ACCOUNT-001326,2000,2026-08-22T23:09:00Z,UPI,True,RAPID_TRANSFER-0096
BANK-TXN-00000480,ACCOUNT-001326,ACCOUNT-001327,2200,2026-08-22T23:12:00Z,UPI,True,RAPID_TRANSFER-0096
BANK-TXN-00000481,ACCOUNT-001328,ACCOUNT-001329,15100,2026-08-21T23:00:00Z,IMPS,True,GEOGRAPHICALLY_UNUSUAL-0097
BANK-TXN-00000482,ACCOUNT-001329,ACCOUNT-001330,63800,2026-08-21T23:03:00Z,UPI,True,GEOGRAPHICALLY_UNUSUAL-0097
BANK-TXN-00000483,ACCOUNT-001330,ACCOUNT-001331,101700,2026-08-21T23:06:00Z,UPI,True,GEOGRAPHICALLY_UNUSUAL-0097
BANK-TXN-00000484,ACCOUNT-001331,ACCOUNT-001332,155500,2026-08-21T23:09:00Z,IMPS,True,GEOGRAPHICALLY_UNUSUAL-0097
BANK-TXN-00000485,ACCOUNT-001332,ACCOUNT-001333,173700,2026-08-21T23:12:00Z,NEFT,True,GEOGRAPHICALLY_UNUSUAL-0097
BANK-TXN-00000486,ACCOUNT-001334,ACCOUNT-001335,35000,2026-08-20T23:00:00Z,IMPS,True,STRUCTURED_LAYERING-0098
BANK-TXN-00000487,ACCOUNT-001335,ACCOUNT-001336,2300,2026-08-20T23:03:00Z,IMPS,True,STRUCTURED_LAYERING-0098
BANK-TXN-00000488,ACCOUNT-001336,ACCOUNT-001337,17700,2026-08-20T23:06:00Z,UPI,True,STRUCTURED_LAYERING-0098
BANK-TXN-00000489,ACCOUNT-001337,ACCOUNT-001338,64100,2026-08-20T23:09:00Z,NEFT,True,STRUCTURED_LAYERING-0098
BANK-TXN-00000490,ACCOUNT-001338,ACCOUNT-001339,152700,2026-08-20T23:12:00Z,NEFT,True,STRUCTURED_LAYERING-0098
BANK-TXN-00000491,ACCOUNT-CMP-000001,ACCOUNT-001341,38800,2026-08-19T23:00:00Z,UPI,True,MULE_ACCOUNT-0099
BANK-TXN-00000492,ACCOUNT-001341,ACCOUNT-001342,128300,2026-08-19T23:03:00Z,IMPS,True,MULE_ACCOUNT-0099
BANK-TXN-00000493,ACCOUNT-001342,ACCOUNT-001343,141400,2026-08-19T23:06:00Z,NEFT,True,MULE_ACCOUNT-0099
BANK-TXN-00000494,ACCOUNT-001343,ACCOUNT-001344,23400,2026-08-19T23:09:00Z,NEFT,True,MULE_ACCOUNT-0099
BANK-TXN-00000495,ACCOUNT-001344,ACCOUNT-001345,48200,2026-08-19T23:12:00Z,RTGS,True,MULE_ACCOUNT-0099
BANK-TXN-00000496,ACCOUNT-001346,ACCOUNT-001347,6100,2026-08-18T23:00:00Z,UPI,True,MULTI_HOP_FUND_FLOW-0100
BANK-TXN-00000497,ACCOUNT-001347,ACCOUNT-001348,81500,2026-08-18T23:03:00Z,UPI,True,MULTI_HOP_FUND_FLOW-0100
BANK-TXN-00000498,ACCOUNT-001348,ACCOUNT-001349,81300,2026-08-18T23:06:00Z,UPI,True,MULTI_HOP_FUND_FLOW-0100
BANK-TXN-00000499,ACCOUNT-001349,ACCOUNT-001350,6400,2026-08-18T23:09:00Z,IMPS,True,MULTI_HOP_FUND_FLOW-0100
BANK-TXN-00000500,ACCOUNT-001350,ACCOUNT-001351,12000,2026-08-18T23:12:00Z,IMPS,True,MULTI_HOP_FUND_FLOW-0100
BANK-TXN-00000501,ACCOUNT-001353,ACCOUNT-001352,7400,2026-08-17T23:00:00Z,UPI,True,MANY_TO_ONE-0101
BANK-TXN-00000502,ACCOUNT-001354,ACCOUNT-001352,5200,2026-08-17T23:02:00Z,UPI,True,MANY_TO_ONE-0101
BANK-TXN-00000503,ACCOUNT-001355,ACCOUNT-001352,9700,2026-08-17T23:04:00Z,IMPS,True,MANY_TO_ONE-0101
BANK-TXN-00000504,ACCOUNT-001356,ACCOUNT-001352,7800,2026-08-17T23:06:00Z,NEFT,True,MANY_TO_ONE-0101
BANK-TXN-00000505,ACCOUNT-001357,ACCOUNT-001352,47700,2026-08-17T23:08:00Z,UPI,True,MANY_TO_ONE-0101
BANK-TXN-00000506,ACCOUNT-001358,ACCOUNT-001359,55500,2026-08-16T23:00:00Z,UPI,True,ONE_TO_MANY-0102
BANK-TXN-00000507,ACCOUNT-001358,ACCOUNT-001360,108000,2026-08-16T23:03:00Z,IMPS,True,ONE_TO_MANY-0102
BANK-TXN-00000508,ACCOUNT-001358,ACCOUNT-001361,6800,2026-08-16T23:06:00Z,UPI,True,ONE_TO_MANY-0102
BANK-TXN-00000509,ACCOUNT-001358,ACCOUNT-001362,7700,2026-08-16T23:09:00Z,UPI,True,ONE_TO_MANY-0102
BANK-TXN-00000510,ACCOUNT-001358,ACCOUNT-001363,46200,2026-08-16T23:12:00Z,IMPS,True,ONE_TO_MANY-0102
BANK-TXN-00000511,ACCOUNT-001364,ACCOUNT-001365,125300,2026-08-15T23:00:00Z,UPI,True,RAPID_TRANSFER-0103
BANK-TXN-00000512,ACCOUNT-001365,ACCOUNT-001366,192000,2026-08-15T23:03:00Z,IMPS,True,RAPID_TRANSFER-0103
BANK-TXN-00000513,ACCOUNT-001366,ACCOUNT-001367,3400,2026-08-15T23:06:00Z,IMPS,True,RAPID_TRANSFER-0103
BANK-TXN-00000514,ACCOUNT-001367,ACCOUNT-001368,204700,2026-08-15T23:09:00Z,IMPS,True,RAPID_TRANSFER-0103
BANK-TXN-00000515,ACCOUNT-001368,ACCOUNT-001369,7400,2026-08-15T23:12:00Z,IMPS,True,RAPID_TRANSFER-0103
BANK-TXN-00000516,ACCOUNT-001370,ACCOUNT-001371,137000,2026-08-14T23:00:00Z,UPI,True,GEOGRAPHICALLY_UNUSUAL-0104
BANK-TXN-00000517,ACCOUNT-001371,ACCOUNT-001372,6200,2026-08-14T23:03:00Z,UPI,True,GEOGRAPHICALLY_UNUSUAL-0104
BANK-TXN-00000518,ACCOUNT-001372,ACCOUNT-001373,10300,2026-08-14T23:06:00Z,UPI,True,GEOGRAPHICALLY_UNUSUAL-0104
BANK-TXN-00000519,ACCOUNT-001373,ACCOUNT-001374,38900,2026-08-14T23:09:00Z,NEFT,True,GEOGRAPHICALLY_UNUSUAL-0104
BANK-TXN-00000520,ACCOUNT-001374,ACCOUNT-001375,95100,2026-08-14T23:12:00Z,UPI,True,GEOGRAPHICALLY_UNUSUAL-0104
BANK-TXN-00000521,ACCOUNT-001376,ACCOUNT-001377,4300,2026-08-13T23:00:00Z,IMPS,True,STRUCTURED_LAYERING-0105
BANK-TXN-00000522,ACCOUNT-001377,ACCOUNT-001378,65200,2026-08-13T23:03:00Z,UPI,True,STRUCTURED_LAYERING-0105
BANK-TXN-00000523,ACCOUNT-001378,ACCOUNT-001379,400,2026-08-13T23:06:00Z,UPI,True,STRUCTURED_LAYERING-0105
BANK-TXN-00000524,ACCOUNT-001379,ACCOUNT-001380,6000,2026-08-13T23:09:00Z,IMPS,True,STRUCTURED_LAYERING-0105
BANK-TXN-00000525,ACCOUNT-001380,ACCOUNT-001381,83800,2026-08-13T23:12:00Z,IMPS,True,STRUCTURED_LAYERING-0105
BANK-TXN-00000526,ACCOUNT-CMP-000001,ACCOUNT-001383,156200,2026-08-12T23:00:00Z,UPI,True,MULE_ACCOUNT-0106
BANK-TXN-00000527,ACCOUNT-001383,ACCOUNT-001384,38400,2026-08-12T23:03:00Z,UPI,True,MULE_ACCOUNT-0106
BANK-TXN-00000528,ACCOUNT-001384,ACCOUNT-001385,8900,2026-08-12T23:06:00Z,UPI,True,MULE_ACCOUNT-0106
BANK-TXN-00000529,ACCOUNT-001385,ACCOUNT-001386,87300,2026-08-12T23:09:00Z,RTGS,True,MULE_ACCOUNT-0106
BANK-TXN-00000530,ACCOUNT-001386,ACCOUNT-001387,54400,2026-08-12T23:12:00Z,UPI,True,MULE_ACCOUNT-0106
BANK-TXN-00000531,ACCOUNT-001388,ACCOUNT-001389,159400,2026-08-11T23:00:00Z,RTGS,True,MULTI_HOP_FUND_FLOW-0107
BANK-TXN-00000532,ACCOUNT-001389,ACCOUNT-001390,800,2026-08-11T23:03:00Z,UPI,True,MULTI_HOP_FUND_FLOW-0107
BANK-TXN-00000533,ACCOUNT-001390,ACCOUNT-001391,124100,2026-08-11T23:06:00Z,IMPS,True,MULTI_HOP_FUND_FLOW-0107
BANK-TXN-00000534,ACCOUNT-001391,ACCOUNT-001392,8900,2026-08-11T23:09:00Z,RTGS,True,MULTI_HOP_FUND_FLOW-0107
BANK-TXN-00000535,ACCOUNT-001392,ACCOUNT-001393,26100,2026-08-11T23:12:00Z,UPI,True,MULTI_HOP_FUND_FLOW-0107
BANK-TXN-00000536,ACCOUNT-001395,ACCOUNT-001394,157600,2026-08-10T23:00:00Z,UPI,True,MANY_TO_ONE-0108
BANK-TXN-00000537,ACCOUNT-001396,ACCOUNT-001394,78100,2026-08-10T23:02:00Z,UPI,True,MANY_TO_ONE-0108
BANK-TXN-00000538,ACCOUNT-001397,ACCOUNT-001394,20100,2026-08-10T23:04:00Z,IMPS,True,MANY_TO_ONE-0108
BANK-TXN-00000539,ACCOUNT-001398,ACCOUNT-001394,7100,2026-08-10T23:06:00Z,NEFT,True,MANY_TO_ONE-0108
BANK-TXN-00000540,ACCOUNT-001399,ACCOUNT-001394,4200,2026-08-10T23:08:00Z,UPI,True,MANY_TO_ONE-0108
BANK-TXN-00000541,ACCOUNT-001400,ACCOUNT-001401,48700,2026-08-09T23:00:00Z,IMPS,True,ONE_TO_MANY-0109
BANK-TXN-00000542,ACCOUNT-001400,ACCOUNT-001402,77400,2026-08-09T23:03:00Z,UPI,True,ONE_TO_MANY-0109
BANK-TXN-00000543,ACCOUNT-001400,ACCOUNT-001403,1000,2026-08-09T23:06:00Z,UPI,True,ONE_TO_MANY-0109
BANK-TXN-00000544,ACCOUNT-001400,ACCOUNT-001404,81000,2026-08-09T23:09:00Z,UPI,True,ONE_TO_MANY-0109
BANK-TXN-00000545,ACCOUNT-001400,ACCOUNT-001405,106400,2026-08-09T23:12:00Z,UPI,True,ONE_TO_MANY-0109
BANK-TXN-00000546,ACCOUNT-001406,ACCOUNT-001407,13600,2026-08-08T23:00:00Z,IMPS,True,RAPID_TRANSFER-0110
BANK-TXN-00000547,ACCOUNT-001407,ACCOUNT-001408,3400,2026-08-08T23:03:00Z,IMPS,True,RAPID_TRANSFER-0110
BANK-TXN-00000548,ACCOUNT-001408,ACCOUNT-001409,6300,2026-08-08T23:06:00Z,IMPS,True,RAPID_TRANSFER-0110
BANK-TXN-00000549,ACCOUNT-001409,ACCOUNT-001410,34900,2026-08-08T23:09:00Z,IMPS,True,RAPID_TRANSFER-0110
BANK-TXN-00000550,ACCOUNT-001410,ACCOUNT-001411,55900,2026-08-08T23:12:00Z,UPI,True,RAPID_TRANSFER-0110
BANK-TXN-00000551,ACCOUNT-001412,ACCOUNT-001413,23600,2026-08-07T23:00:00Z,UPI,True,GEOGRAPHICALLY_UNUSUAL-0111
BANK-TXN-00000552,ACCOUNT-001413,ACCOUNT-001414,42100,2026-08-07T23:03:00Z,UPI,True,GEOGRAPHICALLY_UNUSUAL-0111
BANK-TXN-00000553,ACCOUNT-001414,ACCOUNT-001415,6000,2026-08-07T23:06:00Z,UPI,True,GEOGRAPHICALLY_UNUSUAL-0111
BANK-TXN-00000554,ACCOUNT-001415,ACCOUNT-001416,4000,2026-08-07T23:09:00Z,IMPS,True,GEOGRAPHICALLY_UNUSUAL-0111
BANK-TXN-00000555,ACCOUNT-001416,ACCOUNT-001417,1400,2026-08-07T23:12:00Z,UPI,True,GEOGRAPHICALLY_UNUSUAL-0111
BANK-TXN-00000556,ACCOUNT-001418,ACCOUNT-001419,35000,2026-08-06T23:00:00Z,UPI,True,STRUCTURED_LAYERING-0112
BANK-TXN-00000557,ACCOUNT-001419,ACCOUNT-001420,95600,2026-08-06T23:03:00Z,IMPS,True,STRUCTURED_LAYERING-0112
BANK-TXN-00000558,ACCOUNT-001420,ACCOUNT-001421,243200,2026-08-06T23:06:00Z,UPI,True,STRUCTURED_LAYERING-0112
BANK-TXN-00000559,ACCOUNT-001421,ACCOUNT-001422,17900,2026-08-06T23:09:00Z,UPI,True,STRUCTURED_LAYERING-0112
BANK-TXN-00000560,ACCOUNT-001422,ACCOUNT-001423,9500,2026-08-06T23:12:00Z,IMPS,True,STRUCTURED_LAYERING-0112
BANK-TXN-00000561,ACCOUNT-CMP-000001,ACCOUNT-001425,21600,2026-08-05T23:00:00Z,UPI,True,MULE_ACCOUNT-0113
BANK-TXN-00000562,ACCOUNT-001425,ACCOUNT-001426,3100,2026-08-05T23:03:00Z,UPI,True,MULE_ACCOUNT-0113
BANK-TXN-00000563,ACCOUNT-001426,ACCOUNT-001427,36800,2026-08-05T23:06:00Z,NEFT,True,MULE_ACCOUNT-0113
BANK-TXN-00000564,ACCOUNT-001427,ACCOUNT-001428,18900,2026-08-05T23:09:00Z,IMPS,True,MULE_ACCOUNT-0113
BANK-TXN-00000565,ACCOUNT-001428,ACCOUNT-001429,8200,2026-08-05T23:12:00Z,UPI,True,MULE_ACCOUNT-0113
BANK-TXN-00000566,ACCOUNT-001430,ACCOUNT-001431,39500,2026-08-04T23:00:00Z,IMPS,True,MULTI_HOP_FUND_FLOW-0114
BANK-TXN-00000567,ACCOUNT-001431,ACCOUNT-001432,85500,2026-08-04T23:03:00Z,UPI,True,MULTI_HOP_FUND_FLOW-0114
BANK-TXN-00000568,ACCOUNT-001432,ACCOUNT-001433,237100,2026-08-04T23:06:00Z,UPI,True,MULTI_HOP_FUND_FLOW-0114
BANK-TXN-00000569,ACCOUNT-001433,ACCOUNT-001434,217500,2026-08-04T23:09:00Z,NEFT,True,MULTI_HOP_FUND_FLOW-0114
BANK-TXN-00000570,ACCOUNT-001434,ACCOUNT-001435,3800,2026-08-04T23:12:00Z,IMPS,True,MULTI_HOP_FUND_FLOW-0114
BANK-TXN-00000571,ACCOUNT-001437,ACCOUNT-001436,26700,2026-08-03T23:00:00Z,IMPS,True,MANY_TO_ONE-0115
BANK-TXN-00000572,ACCOUNT-001438,ACCOUNT-001436,22600,2026-08-03T23:02:00Z,IMPS,True,MANY_TO_ONE-0115
BANK-TXN-00000573,ACCOUNT-001439,ACCOUNT-001436,8700,2026-08-03T23:04:00Z,NEFT,True,MANY_TO_ONE-0115
BANK-TXN-00000574,ACCOUNT-001440,ACCOUNT-001436,130500,2026-08-03T23:06:00Z,UPI,True,MANY_TO_ONE-0115
BANK-TXN-00000575,ACCOUNT-001441,ACCOUNT-001436,6300,2026-08-03T23:08:00Z,IMPS,True,MANY_TO_ONE-0115
BANK-TXN-00000576,ACCOUNT-001442,ACCOUNT-001443,3800,2026-08-02T23:00:00Z,UPI,True,ONE_TO_MANY-0116
BANK-TXN-00000577,ACCOUNT-001442,ACCOUNT-001444,2400,2026-08-02T23:03:00Z,NEFT,True,ONE_TO_MANY-0116
BANK-TXN-00000578,ACCOUNT-001442,ACCOUNT-001445,1900,2026-08-02T23:06:00Z,NEFT,True,ONE_TO_MANY-0116
BANK-TXN-00000579,ACCOUNT-001442,ACCOUNT-001446,165100,2026-08-02T23:09:00Z,IMPS,True,ONE_TO_MANY-0116
BANK-TXN-00000580,ACCOUNT-001442,ACCOUNT-001447,135500,2026-08-02T23:12:00Z,UPI,True,ONE_TO_MANY-0116
BANK-TXN-00000581,ACCOUNT-001448,ACCOUNT-001449,47800,2026-08-01T23:00:00Z,IMPS,True,RAPID_TRANSFER-0117
BANK-TXN-00000582,ACCOUNT-001449,ACCOUNT-001450,97600,2026-08-01T23:03:00Z,UPI,True,RAPID_TRANSFER-0117
BANK-TXN-00000583,ACCOUNT-001450,ACCOUNT-001451,7900,2026-08-01T23:06:00Z,UPI,True,RAPID_TRANSFER-0117
BANK-TXN-00000584,ACCOUNT-001451,ACCOUNT-001452,91900,2026-08-01T23:09:00Z,UPI,True,RAPID_TRANSFER-0117
BANK-TXN-00000585,ACCOUNT-001452,ACCOUNT-001453,15700,2026-08-01T23:12:00Z,UPI,True,RAPID_TRANSFER-0117
BANK-TXN-00000586,ACCOUNT-001454,ACCOUNT-001455,9600,2026-07-31T23:00:00Z,IMPS,True,GEOGRAPHICALLY_UNUSUAL-0118
BANK-TXN-00000587,ACCOUNT-001455,ACCOUNT-001456,21900,2026-07-31T23:03:00Z,UPI,True,GEOGRAPHICALLY_UNUSUAL-0118
BANK-TXN-00000588,ACCOUNT-001456,ACCOUNT-001457,95500,2026-07-31T23:06:00Z,IMPS,True,GEOGRAPHICALLY_UNUSUAL-0118
BANK-TXN-00000589,ACCOUNT-001457,ACCOUNT-001458,8000,2026-07-31T23:09:00Z,IMPS,True,GEOGRAPHICALLY_UNUSUAL-0118
BANK-TXN-00000590,ACCOUNT-001458,ACCOUNT-001459,236900,2026-07-31T23:12:00Z,UPI,True,GEOGRAPHICALLY_UNUSUAL-0118
BANK-TXN-00000591,ACCOUNT-001460,ACCOUNT-001461,215400,2026-07-30T23:00:00Z,UPI,True,STRUCTURED_LAYERING-0119
BANK-TXN-00000592,ACCOUNT-001461,ACCOUNT-001462,196900,2026-07-30T23:03:00Z,IMPS,True,STRUCTURED_LAYERING-0119
BANK-TXN-00000593,ACCOUNT-001462,ACCOUNT-001463,52600,2026-07-30T23:06:00Z,IMPS,True,STRUCTURED_LAYERING-0119
BANK-TXN-00000594,ACCOUNT-001463,ACCOUNT-001464,10600,2026-07-30T23:09:00Z,UPI,True,STRUCTURED_LAYERING-0119
BANK-TXN-00000595,ACCOUNT-001464,ACCOUNT-001465,900,2026-07-30T23:12:00Z,UPI,True,STRUCTURED_LAYERING-0119
BANK-TXN-00000596,ACCOUNT-CMP-000001,ACCOUNT-001467,29600,2026-07-29T23:00:00Z,IMPS,True,MULE_ACCOUNT-0120
BANK-TXN-00000597,ACCOUNT-001467,ACCOUNT-001468,2200,2026-07-29T23:03:00Z,RTGS,True,MULE_ACCOUNT-0120
BANK-TXN-00000598,ACCOUNT-001468,ACCOUNT-001469,8800,2026-07-29T23:06:00Z,NEFT,True,MULE_ACCOUNT-0120
BANK-TXN-00000599,ACCOUNT-001469,ACCOUNT-001470,8100,2026-07-29T23:09:00Z,IMPS,True,MULE_ACCOUNT-0120
BANK-TXN-00000600,ACCOUNT-001470,ACCOUNT-001471,44700,2026-07-29T23:12:00Z,UPI,True,MULE_ACCOUNT-0120
BANK-TXN-00000601,ACCOUNT-001472,ACCOUNT-001473,31700,2026-07-28T23:00:00Z,UPI,True,MULTI_HOP_FUND_FLOW-0121
BANK-TXN-00000602,ACCOUNT-001473,ACCOUNT-001474,25300,2026-07-28T23:03:00Z,UPI,True,MULTI_HOP_FUND_FLOW-0121
BANK-TXN-00000603,ACCOUNT-001474,ACCOUNT-001475,34700,2026-07-28T23:06:00Z,IMPS,True,MULTI_HOP_FUND_FLOW-0121
BANK-TXN-00000604,ACCOUNT-001475,ACCOUNT-001476,84900,2026-07-28T23:09:00Z,RTGS,True,MULTI_HOP_FUND_FLOW-0121
BANK-TXN-00000605,ACCOUNT-001476,ACCOUNT-001477,3500,2026-07-28T23:12:00Z,IMPS,True,MULTI_HOP_FUND_FLOW-0121
BANK-TXN-00000606,ACCOUNT-001479,ACCOUNT-001478,1700,2026-07-27T23:00:00Z,IMPS,True,MANY_TO_ONE-0122
BANK-TXN-00000607,ACCOUNT-001480,ACCOUNT-001478,237600,2026-07-27T23:02:00Z,IMPS,True,MANY_TO_ONE-0122
BANK-TXN-00000608,ACCOUNT-001481,ACCOUNT-001478,241300,2026-07-27T23:04:00Z,RTGS,True,MANY_TO_ONE-0122
BANK-TXN-00000609,ACCOUNT-001482,ACCOUNT-001478,101700,2026-07-27T23:06:00Z,NEFT,True,MANY_TO_ONE-0122
BANK-TXN-00000610,ACCOUNT-001483,ACCOUNT-001478,55300,2026-07-27T23:08:00Z,IMPS,True,MANY_TO_ONE-0122
BANK-TXN-00000611,ACCOUNT-001484,ACCOUNT-001485,54700,2026-07-26T23:00:00Z,UPI,True,ONE_TO_MANY-0123
BANK-TXN-00000612,ACCOUNT-001484,ACCOUNT-001486,124500,2026-07-26T23:03:00Z,UPI,True,ONE_TO_MANY-0123
BANK-TXN-00000613,ACCOUNT-001484,ACCOUNT-001487,4500,2026-07-26T23:06:00Z,UPI,True,ONE_TO_MANY-0123
BANK-TXN-00000614,ACCOUNT-001484,ACCOUNT-001488,192800,2026-07-26T23:09:00Z,NEFT,True,ONE_TO_MANY-0123
BANK-TXN-00000615,ACCOUNT-001484,ACCOUNT-001489,14100,2026-07-26T23:12:00Z,IMPS,True,ONE_TO_MANY-0123
BANK-TXN-00000616,ACCOUNT-001490,ACCOUNT-001491,82900,2026-07-25T23:00:00Z,UPI,True,RAPID_TRANSFER-0124
BANK-TXN-00000617,ACCOUNT-001491,ACCOUNT-001492,43300,2026-07-25T23:03:00Z,UPI,True,RAPID_TRANSFER-0124
BANK-TXN-00000618,ACCOUNT-001492,ACCOUNT-001493,500,2026-07-25T23:06:00Z,UPI,True,RAPID_TRANSFER-0124
BANK-TXN-00000619,ACCOUNT-001493,ACCOUNT-001494,151300,2026-07-25T23:09:00Z,IMPS,True,RAPID_TRANSFER-0124
BANK-TXN-00000620,ACCOUNT-001494,ACCOUNT-001495,3200,2026-07-25T23:12:00Z,UPI,True,RAPID_TRANSFER-0124
BANK-TXN-00000621,ACCOUNT-001496,ACCOUNT-001497,114300,2026-07-24T23:00:00Z,UPI,True,GEOGRAPHICALLY_UNUSUAL-0125
BANK-TXN-00000622,ACCOUNT-001497,ACCOUNT-001498,2500,2026-07-24T23:03:00Z,RTGS,True,GEOGRAPHICALLY_UNUSUAL-0125
BANK-TXN-00000623,ACCOUNT-001498,ACCOUNT-001499,28100,2026-07-24T23:06:00Z,IMPS,True,GEOGRAPHICALLY_UNUSUAL-0125
BANK-TXN-00000624,ACCOUNT-001499,ACCOUNT-001500,18500,2026-07-24T23:09:00Z,IMPS,True,GEOGRAPHICALLY_UNUSUAL-0125
BANK-TXN-00000625,ACCOUNT-001500,ACCOUNT-001501,26400,2026-07-24T23:12:00Z,IMPS,True,GEOGRAPHICALLY_UNUSUAL-0125
BANK-TXN-00000626,ACCOUNT-001502,ACCOUNT-001503,138800,2026-07-23T23:00:00Z,UPI,True,STRUCTURED_LAYERING-0126
BANK-TXN-00000627,ACCOUNT-001503,ACCOUNT-001504,5100,2026-07-23T23:03:00Z,IMPS,True,STRUCTURED_LAYERING-0126
BANK-TXN-00000628,ACCOUNT-001504,ACCOUNT-001505,62200,2026-07-23T23:06:00Z,UPI,True,STRUCTURED_LAYERING-0126
BANK-TXN-00000629,ACCOUNT-001505,ACCOUNT-001506,3500,2026-07-23T23:09:00Z,IMPS,True,STRUCTURED_LAYERING-0126
BANK-TXN-00000630,ACCOUNT-001506,ACCOUNT-001507,38600,2026-07-23T23:12:00Z,RTGS,True,STRUCTURED_LAYERING-0126
BANK-TXN-00000631,ACCOUNT-CMP-000001,ACCOUNT-001509,52300,2026-07-22T23:00:00Z,UPI,True,MULE_ACCOUNT-0127
BANK-TXN-00000632,ACCOUNT-001509,ACCOUNT-001510,126700,2026-07-22T23:03:00Z,UPI,True,MULE_ACCOUNT-0127
BANK-TXN-00000633,ACCOUNT-001510,ACCOUNT-001511,110200,2026-07-22T23:06:00Z,NEFT,True,MULE_ACCOUNT-0127
BANK-TXN-00000634,ACCOUNT-001511,ACCOUNT-001512,3000,2026-07-22T23:09:00Z,IMPS,True,MULE_ACCOUNT-0127
BANK-TXN-00000635,ACCOUNT-001512,ACCOUNT-001513,53200,2026-07-22T23:12:00Z,NEFT,True,MULE_ACCOUNT-0127
BANK-TXN-00000636,ACCOUNT-001514,ACCOUNT-001515,1800,2026-07-21T23:00:00Z,UPI,True,MULTI_HOP_FUND_FLOW-0128
BANK-TXN-00000637,ACCOUNT-001515,ACCOUNT-001516,29300,2026-07-21T23:03:00Z,IMPS,True,MULTI_HOP_FUND_FLOW-0128
BANK-TXN-00000638,ACCOUNT-001516,ACCOUNT-001517,58400,2026-07-21T23:06:00Z,UPI,True,MULTI_HOP_FUND_FLOW-0128
BANK-TXN-00000639,ACCOUNT-001517,ACCOUNT-001518,52000,2026-07-21T23:09:00Z,UPI,True,MULTI_HOP_FUND_FLOW-0128
BANK-TXN-00000640,ACCOUNT-001518,ACCOUNT-001519,225400,2026-07-21T23:12:00Z,UPI,True,MULTI_HOP_FUND_FLOW-0128
BANK-TXN-00000641,ACCOUNT-001521,ACCOUNT-001520,5500,2026-07-20T23:00:00Z,IMPS,True,MANY_TO_ONE-0129
BANK-TXN-00000642,ACCOUNT-001522,ACCOUNT-001520,197400,2026-07-20T23:02:00Z,IMPS,True,MANY_TO_ONE-0129
BANK-TXN-00000643,ACCOUNT-001523,ACCOUNT-001520,73000,2026-07-20T23:04:00Z,UPI,True,MANY_TO_ONE-0129
BANK-TXN-00000644,ACCOUNT-001524,ACCOUNT-001520,59200,2026-07-20T23:06:00Z,IMPS,True,MANY_TO_ONE-0129
BANK-TXN-00000645,ACCOUNT-001525,ACCOUNT-001520,20700,2026-07-20T23:08:00Z,UPI,True,MANY_TO_ONE-0129
BANK-TXN-00000646,ACCOUNT-001526,ACCOUNT-001527,75900,2026-07-19T23:00:00Z,UPI,True,ONE_TO_MANY-0130
BANK-TXN-00000647,ACCOUNT-001526,ACCOUNT-001528,11300,2026-07-19T23:03:00Z,UPI,True,ONE_TO_MANY-0130
BANK-TXN-00000648,ACCOUNT-001526,ACCOUNT-001529,29500,2026-07-19T23:06:00Z,UPI,True,ONE_TO_MANY-0130
BANK-TXN-00000649,ACCOUNT-001526,ACCOUNT-001530,15300,2026-07-19T23:09:00Z,UPI,True,ONE_TO_MANY-0130
BANK-TXN-00000650,ACCOUNT-001526,ACCOUNT-001531,4800,2026-07-19T23:12:00Z,UPI,True,ONE_TO_MANY-0130
BANK-TXN-00000651,ACCOUNT-001532,ACCOUNT-001533,5600,2026-07-18T23:00:00Z,UPI,True,RAPID_TRANSFER-0131
BANK-TXN-00000652,ACCOUNT-001533,ACCOUNT-001534,47200,2026-07-18T23:03:00Z,UPI,True,RAPID_TRANSFER-0131
BANK-TXN-00000653,ACCOUNT-001534,ACCOUNT-001535,5400,2026-07-18T23:06:00Z,UPI,True,RAPID_TRANSFER-0131
BANK-TXN-00000654,ACCOUNT-001535,ACCOUNT-001536,26300,2026-07-18T23:09:00Z,NEFT,True,RAPID_TRANSFER-0131
BANK-TXN-00000655,ACCOUNT-001536,ACCOUNT-001537,6300,2026-07-18T23:12:00Z,NEFT,True,RAPID_TRANSFER-0131
BANK-TXN-00000656,ACCOUNT-001538,ACCOUNT-001539,36700,2026-07-17T23:00:00Z,UPI,True,GEOGRAPHICALLY_UNUSUAL-0132
BANK-TXN-00000657,ACCOUNT-001539,ACCOUNT-001540,15600,2026-07-17T23:03:00Z,NEFT,True,GEOGRAPHICALLY_UNUSUAL-0132
BANK-TXN-00000658,ACCOUNT-001540,ACCOUNT-001541,58000,2026-07-17T23:06:00Z,IMPS,True,GEOGRAPHICALLY_UNUSUAL-0132
BANK-TXN-00000659,ACCOUNT-001541,ACCOUNT-001542,225200,2026-07-17T23:09:00Z,NEFT,True,GEOGRAPHICALLY_UNUSUAL-0132
BANK-TXN-00000660,ACCOUNT-001542,ACCOUNT-001543,99600,2026-07-17T23:12:00Z,IMPS,True,GEOGRAPHICALLY_UNUSUAL-0132
BANK-TXN-00000661,ACCOUNT-001544,ACCOUNT-001545,50000,2026-07-16T23:00:00Z,UPI,True,STRUCTURED_LAYERING-0133
BANK-TXN-00000662,ACCOUNT-001545,ACCOUNT-001546,43700,2026-07-16T23:03:00Z,IMPS,True,STRUCTURED_LAYERING-0133
BANK-TXN-00000663,ACCOUNT-001546,ACCOUNT-001547,2800,2026-07-16T23:06:00Z,UPI,True,STRUCTURED_LAYERING-0133
BANK-TXN-00000664,ACCOUNT-001547,ACCOUNT-001548,45700,2026-07-16T23:09:00Z,IMPS,True,STRUCTURED_LAYERING-0133
BANK-TXN-00000665,ACCOUNT-001548,ACCOUNT-001549,2900,2026-07-16T23:12:00Z,UPI,True,STRUCTURED_LAYERING-0133
BANK-TXN-00000666,ACCOUNT-CMP-000001,ACCOUNT-001551,10000,2026-07-15T23:00:00Z,NEFT,True,MULE_ACCOUNT-0134
BANK-TXN-00000667,ACCOUNT-001551,ACCOUNT-001552,195000,2026-07-15T23:03:00Z,IMPS,True,MULE_ACCOUNT-0134
BANK-TXN-00000668,ACCOUNT-001552,ACCOUNT-001553,4100,2026-07-15T23:06:00Z,UPI,True,MULE_ACCOUNT-0134
BANK-TXN-00000669,ACCOUNT-001553,ACCOUNT-001554,168100,2026-07-15T23:09:00Z,UPI,True,MULE_ACCOUNT-0134
BANK-TXN-00000670,ACCOUNT-001554,ACCOUNT-001555,20900,2026-07-15T23:12:00Z,IMPS,True,MULE_ACCOUNT-0134
BANK-TXN-00000671,ACCOUNT-001556,ACCOUNT-001557,86300,2026-07-14T23:00:00Z,IMPS,True,MULTI_HOP_FUND_FLOW-0135
BANK-TXN-00000672,ACCOUNT-001557,ACCOUNT-001558,7100,2026-07-14T23:03:00Z,UPI,True,MULTI_HOP_FUND_FLOW-0135
BANK-TXN-00000673,ACCOUNT-001558,ACCOUNT-001559,4200,2026-07-14T23:06:00Z,UPI,True,MULTI_HOP_FUND_FLOW-0135
BANK-TXN-00000674,ACCOUNT-001559,ACCOUNT-001560,94600,2026-07-14T23:09:00Z,RTGS,True,MULTI_HOP_FUND_FLOW-0135
BANK-TXN-00000675,ACCOUNT-001560,ACCOUNT-001561,9800,2026-07-14T23:12:00Z,IMPS,True,MULTI_HOP_FUND_FLOW-0135
BANK-TXN-00000676,ACCOUNT-001563,ACCOUNT-001562,11300,2026-07-13T23:00:00Z,UPI,True,MANY_TO_ONE-0136
BANK-TXN-00000677,ACCOUNT-001564,ACCOUNT-001562,76900,2026-07-13T23:02:00Z,NEFT,True,MANY_TO_ONE-0136
BANK-TXN-00000678,ACCOUNT-001565,ACCOUNT-001562,40800,2026-07-13T23:04:00Z,UPI,True,MANY_TO_ONE-0136
BANK-TXN-00000679,ACCOUNT-001566,ACCOUNT-001562,7900,2026-07-13T23:06:00Z,UPI,True,MANY_TO_ONE-0136
BANK-TXN-00000680,ACCOUNT-001567,ACCOUNT-001562,700,2026-07-13T23:08:00Z,UPI,True,MANY_TO_ONE-0136
BANK-TXN-00000681,ACCOUNT-001568,ACCOUNT-001569,20600,2026-07-12T23:00:00Z,RTGS,True,ONE_TO_MANY-0137
BANK-TXN-00000682,ACCOUNT-001568,ACCOUNT-001570,36300,2026-07-12T23:03:00Z,IMPS,True,ONE_TO_MANY-0137
BANK-TXN-00000683,ACCOUNT-001568,ACCOUNT-001571,1500,2026-07-12T23:06:00Z,NEFT,True,ONE_TO_MANY-0137
BANK-TXN-00000684,ACCOUNT-001568,ACCOUNT-001572,67500,2026-07-12T23:09:00Z,IMPS,True,ONE_TO_MANY-0137
BANK-TXN-00000685,ACCOUNT-001568,ACCOUNT-001573,32700,2026-07-12T23:12:00Z,IMPS,True,ONE_TO_MANY-0137
BANK-TXN-00000686,ACCOUNT-001574,ACCOUNT-001575,6500,2026-07-11T23:00:00Z,UPI,True,RAPID_TRANSFER-0138
BANK-TXN-00000687,ACCOUNT-001575,ACCOUNT-001576,24700,2026-07-11T23:03:00Z,UPI,True,RAPID_TRANSFER-0138
BANK-TXN-00000688,ACCOUNT-001576,ACCOUNT-001577,19400,2026-07-11T23:06:00Z,UPI,True,RAPID_TRANSFER-0138
BANK-TXN-00000689,ACCOUNT-001577,ACCOUNT-001578,86200,2026-07-11T23:09:00Z,UPI,True,RAPID_TRANSFER-0138
BANK-TXN-00000690,ACCOUNT-001578,ACCOUNT-001579,18800,2026-07-11T23:12:00Z,UPI,True,RAPID_TRANSFER-0138
BANK-TXN-00000691,ACCOUNT-001580,ACCOUNT-001581,244400,2026-07-10T23:00:00Z,UPI,True,GEOGRAPHICALLY_UNUSUAL-0139
BANK-TXN-00000692,ACCOUNT-001581,ACCOUNT-001582,24600,2026-07-10T23:03:00Z,IMPS,True,GEOGRAPHICALLY_UNUSUAL-0139
BANK-TXN-00000693,ACCOUNT-001582,ACCOUNT-001583,87300,2026-07-10T23:06:00Z,NEFT,True,GEOGRAPHICALLY_UNUSUAL-0139
BANK-TXN-00000694,ACCOUNT-001583,ACCOUNT-001584,33600,2026-07-10T23:09:00Z,IMPS,True,GEOGRAPHICALLY_UNUSUAL-0139
BANK-TXN-00000695,ACCOUNT-001584,ACCOUNT-001585,198000,2026-07-10T23:12:00Z,NEFT,True,GEOGRAPHICALLY_UNUSUAL-0139
BANK-TXN-00000696,ACCOUNT-001586,ACCOUNT-001587,237500,2026-07-09T23:00:00Z,RTGS,True,STRUCTURED_LAYERING-0140
BANK-TXN-00000697,ACCOUNT-001587,ACCOUNT-001588,70100,2026-07-09T23:03:00Z,UPI,True,STRUCTURED_LAYERING-0140
BANK-TXN-00000698,ACCOUNT-001588,ACCOUNT-001589,23000,2026-07-09T23:06:00Z,NEFT,True,STRUCTURED_LAYERING-0140
BANK-TXN-00000699,ACCOUNT-001589,ACCOUNT-001590,173900,2026-07-09T23:09:00Z,UPI,True,STRUCTURED_LAYERING-0140
BANK-TXN-00000700,ACCOUNT-001590,ACCOUNT-001591,187500,2026-07-09T23:12:00Z,UPI,True,STRUCTURED_LAYERING-0140
BANK-TXN-00000701,ACCOUNT-CMP-000001,ACCOUNT-001593,6300,2026-07-08T23:00:00Z,UPI,True,MULE_ACCOUNT-0141
BANK-TXN-00000702,ACCOUNT-001593,ACCOUNT-001594,67100,2026-07-08T23:03:00Z,UPI,True,MULE_ACCOUNT-0141
BANK-TXN-00000703,ACCOUNT-001594,ACCOUNT-001595,88700,2026-07-08T23:06:00Z,UPI,True,MULE_ACCOUNT-0141
BANK-TXN-00000704,ACCOUNT-001595,ACCOUNT-001596,2700,2026-07-08T23:09:00Z,IMPS,True,MULE_ACCOUNT-0141
BANK-TXN-00000705,ACCOUNT-001596,ACCOUNT-001597,20600,2026-07-08T23:12:00Z,UPI,True,MULE_ACCOUNT-0141
BANK-TXN-00000706,ACCOUNT-001598,ACCOUNT-001599,17600,2026-07-07T23:00:00Z,RTGS,True,MULTI_HOP_FUND_FLOW-0142
BANK-TXN-00000707,ACCOUNT-001599,ACCOUNT-001600,196700,2026-07-07T23:03:00Z,UPI,True,MULTI_HOP_FUND_FLOW-0142
BANK-TXN-00000708,ACCOUNT-001600,ACCOUNT-001601,158900,2026-07-07T23:06:00Z,UPI,True,MULTI_HOP_FUND_FLOW-0142
BANK-TXN-00000709,ACCOUNT-001601,ACCOUNT-001602,48200,2026-07-07T23:09:00Z,IMPS,True,MULTI_HOP_FUND_FLOW-0142
BANK-TXN-00000710,ACCOUNT-001602,ACCOUNT-001603,5100,2026-07-07T23:12:00Z,UPI,True,MULTI_HOP_FUND_FLOW-0142
BANK-TXN-00000711,ACCOUNT-001605,ACCOUNT-001604,74600,2026-07-06T23:00:00Z,IMPS,True,MANY_TO_ONE-0143
BANK-TXN-00000712,ACCOUNT-001606,ACCOUNT-001604,124400,2026-07-06T23:02:00Z,UPI,True,MANY_TO_ONE-0143
BANK-TXN-00000713,ACCOUNT-001607,ACCOUNT-001604,14100,2026-07-06T23:04:00Z,IMPS,True,MANY_TO_ONE-0143
BANK-TXN-00000714,ACCOUNT-001608,ACCOUNT-001604,127700,2026-07-06T23:06:00Z,UPI,True,MANY_TO_ONE-0143
BANK-TXN-00000715,ACCOUNT-001609,ACCOUNT-001604,41200,2026-07-06T23:08:00Z,NEFT,True,MANY_TO_ONE-0143
BANK-TXN-00000716,ACCOUNT-001610,ACCOUNT-001611,59900,2026-07-05T23:00:00Z,IMPS,True,ONE_TO_MANY-0144
BANK-TXN-00000717,ACCOUNT-001610,ACCOUNT-001612,66500,2026-07-05T23:03:00Z,NEFT,True,ONE_TO_MANY-0144
BANK-TXN-00000718,ACCOUNT-001610,ACCOUNT-001613,242900,2026-07-05T23:06:00Z,IMPS,True,ONE_TO_MANY-0144
BANK-TXN-00000719,ACCOUNT-001610,ACCOUNT-001614,5000,2026-07-05T23:09:00Z,UPI,True,ONE_TO_MANY-0144
BANK-TXN-00000720,ACCOUNT-001610,ACCOUNT-001615,14100,2026-07-05T23:12:00Z,UPI,True,ONE_TO_MANY-0144
BANK-TXN-00000721,ACCOUNT-001616,ACCOUNT-001617,9500,2026-07-04T23:00:00Z,UPI,True,RAPID_TRANSFER-0145
BANK-TXN-00000722,ACCOUNT-001617,ACCOUNT-001618,124200,2026-07-04T23:03:00Z,UPI,True,RAPID_TRANSFER-0145
BANK-TXN-00000723,ACCOUNT-001618,ACCOUNT-001619,129100,2026-07-04T23:06:00Z,IMPS,True,RAPID_TRANSFER-0145
BANK-TXN-00000724,ACCOUNT-001619,ACCOUNT-001620,13200,2026-07-04T23:09:00Z,UPI,True,RAPID_TRANSFER-0145
BANK-TXN-00000725,ACCOUNT-001620,ACCOUNT-001621,2800,2026-07-04T23:12:00Z,IMPS,True,RAPID_TRANSFER-0145
BANK-TXN-00000726,ACCOUNT-001622,ACCOUNT-001623,102100,2026-07-03T23:00:00Z,IMPS,True,GEOGRAPHICALLY_UNUSUAL-0146
BANK-TXN-00000727,ACCOUNT-001623,ACCOUNT-001624,3900,2026-07-03T23:03:00Z,UPI,True,GEOGRAPHICALLY_UNUSUAL-0146
BANK-TXN-00000728,ACCOUNT-001624,ACCOUNT-001625,6100,2026-07-03T23:06:00Z,IMPS,True,GEOGRAPHICALLY_UNUSUAL-0146
BANK-TXN-00000729,ACCOUNT-001625,ACCOUNT-001626,600,2026-07-03T23:09:00Z,UPI,True,GEOGRAPHICALLY_UNUSUAL-0146
BANK-TXN-00000730,ACCOUNT-001626,ACCOUNT-001627,156800,2026-07-03T23:12:00Z,NEFT,True,GEOGRAPHICALLY_UNUSUAL-0146
BANK-TXN-00000731,ACCOUNT-001628,ACCOUNT-001629,25000,2026-07-02T23:00:00Z,UPI,True,STRUCTURED_LAYERING-0147
BANK-TXN-00000732,ACCOUNT-001629,ACCOUNT-001630,121900,2026-07-02T23:03:00Z,UPI,True,STRUCTURED_LAYERING-0147
BANK-TXN-00000733,ACCOUNT-001630,ACCOUNT-001631,19700,2026-07-02T23:06:00Z,UPI,True,STRUCTURED_LAYERING-0147
BANK-TXN-00000734,ACCOUNT-001631,ACCOUNT-001632,61600,2026-07-02T23:09:00Z,UPI,True,STRUCTURED_LAYERING-0147
BANK-TXN-00000735,ACCOUNT-001632,ACCOUNT-001633,13100,2026-07-02T23:12:00Z,UPI,True,STRUCTURED_LAYERING-0147
BANK-TXN-00000736,ACCOUNT-CMP-000001,ACCOUNT-001635,49000,2026-07-01T23:00:00Z,IMPS,True,MULE_ACCOUNT-0148
BANK-TXN-00000737,ACCOUNT-001635,ACCOUNT-001636,5000,2026-07-01T23:03:00Z,RTGS,True,MULE_ACCOUNT-0148
BANK-TXN-00000738,ACCOUNT-001636,ACCOUNT-001637,42200,2026-07-01T23:06:00Z,UPI,True,MULE_ACCOUNT-0148
BANK-TXN-00000739,ACCOUNT-001637,ACCOUNT-001638,38300,2026-07-01T23:09:00Z,IMPS,True,MULE_ACCOUNT-0148
BANK-TXN-00000740,ACCOUNT-001638,ACCOUNT-001639,800,2026-07-01T23:12:00Z,UPI,True,MULE_ACCOUNT-0148
BANK-TXN-00000741,ACCOUNT-001640,ACCOUNT-001641,22100,2026-06-30T23:00:00Z,IMPS,True,MULTI_HOP_FUND_FLOW-0149
BANK-TXN-00000742,ACCOUNT-001641,ACCOUNT-001642,37400,2026-06-30T23:03:00Z,UPI,True,MULTI_HOP_FUND_FLOW-0149
BANK-TXN-00000743,ACCOUNT-001642,ACCOUNT-001643,9900,2026-06-30T23:06:00Z,UPI,True,MULTI_HOP_FUND_FLOW-0149
BANK-TXN-00000744,ACCOUNT-001643,ACCOUNT-001644,1700,2026-06-30T23:09:00Z,UPI,True,MULTI_HOP_FUND_FLOW-0149
BANK-TXN-00000745,ACCOUNT-001644,ACCOUNT-001645,9000,2026-06-30T23:12:00Z,NEFT,True,MULTI_HOP_FUND_FLOW-0149
BANK-TXN-00000746,ACCOUNT-001647,ACCOUNT-001646,7400,2026-06-29T23:00:00Z,IMPS,True,MANY_TO_ONE-0150
BANK-TXN-00000747,ACCOUNT-001648,ACCOUNT-001646,81900,2026-06-29T23:02:00Z,UPI,True,MANY_TO_ONE-0150
BANK-TXN-00000748,ACCOUNT-001649,ACCOUNT-001646,30100,2026-06-29T23:04:00Z,UPI,True,MANY_TO_ONE-0150
BANK-TXN-00000749,ACCOUNT-001650,ACCOUNT-001646,67500,2026-06-29T23:06:00Z,NEFT,True,MANY_TO_ONE-0150
BANK-TXN-00000750,ACCOUNT-001651,ACCOUNT-001646,2800,2026-06-29T23:08:00Z,NEFT,True,MANY_TO_ONE-0150
BANK-TXN-00000751,ACCOUNT-001652,ACCOUNT-001653,300,2026-06-28T23:00:00Z,UPI,True,ONE_TO_MANY-0151
BANK-TXN-00000752,ACCOUNT-001652,ACCOUNT-001654,36000,2026-06-28T23:03:00Z,UPI,True,ONE_TO_MANY-0151
BANK-TXN-00000753,ACCOUNT-001652,ACCOUNT-001655,84500,2026-06-28T23:06:00Z,UPI,True,ONE_TO_MANY-0151
BANK-TXN-00000754,ACCOUNT-001652,ACCOUNT-001656,39300,2026-06-28T23:09:00Z,NEFT,True,ONE_TO_MANY-0151
BANK-TXN-00000755,ACCOUNT-001652,ACCOUNT-001657,40100,2026-06-28T23:12:00Z,RTGS,True,ONE_TO_MANY-0151
BANK-TXN-00000756,ACCOUNT-001658,ACCOUNT-001659,6500,2026-06-27T23:00:00Z,IMPS,True,RAPID_TRANSFER-0152
BANK-TXN-00000757,ACCOUNT-001659,ACCOUNT-001660,54300,2026-06-27T23:03:00Z,NEFT,True,RAPID_TRANSFER-0152
BANK-TXN-00000758,ACCOUNT-001660,ACCOUNT-001661,2000,2026-06-27T23:06:00Z,UPI,True,RAPID_TRANSFER-0152
BANK-TXN-00000759,ACCOUNT-001661,ACCOUNT-001662,5100,2026-06-27T23:09:00Z,UPI,True,RAPID_TRANSFER-0152
BANK-TXN-00000760,ACCOUNT-001662,ACCOUNT-001663,3000,2026-06-27T23:12:00Z,IMPS,True,RAPID_TRANSFER-0152
BANK-TXN-00000761,ACCOUNT-001664,ACCOUNT-001665,238200,2026-06-26T23:00:00Z,UPI,True,GEOGRAPHICALLY_UNUSUAL-0153
BANK-TXN-00000762,ACCOUNT-001665,ACCOUNT-001666,37800,2026-06-26T23:03:00Z,NEFT,True,GEOGRAPHICALLY_UNUSUAL-0153
BANK-TXN-00000763,ACCOUNT-001666,ACCOUNT-001667,169500,2026-06-26T23:06:00Z,UPI,True,GEOGRAPHICALLY_UNUSUAL-0153
BANK-TXN-00000764,ACCOUNT-001667,ACCOUNT-001668,19300,2026-06-26T23:09:00Z,RTGS,True,GEOGRAPHICALLY_UNUSUAL-0153
BANK-TXN-00000765,ACCOUNT-001668,ACCOUNT-001669,8100,2026-06-26T23:12:00Z,IMPS,True,GEOGRAPHICALLY_UNUSUAL-0153
BANK-TXN-00000766,ACCOUNT-001670,ACCOUNT-001671,161800,2026-06-25T23:00:00Z,UPI,True,STRUCTURED_LAYERING-0154
BANK-TXN-00000767,ACCOUNT-001671,ACCOUNT-001672,21000,2026-06-25T23:03:00Z,IMPS,True,STRUCTURED_LAYERING-0154
BANK-TXN-00000768,ACCOUNT-001672,ACCOUNT-001673,15100,2026-06-25T23:06:00Z,UPI,True,STRUCTURED_LAYERING-0154
BANK-TXN-00000769,ACCOUNT-001673,ACCOUNT-001674,23100,2026-06-25T23:09:00Z,UPI,True,STRUCTURED_LAYERING-0154
BANK-TXN-00000770,ACCOUNT-001674,ACCOUNT-001675,59200,2026-06-25T23:12:00Z,NEFT,True,STRUCTURED_LAYERING-0154
BANK-TXN-00000771,ACCOUNT-CMP-000001,ACCOUNT-001677,35500,2026-06-24T23:00:00Z,UPI,True,MULE_ACCOUNT-0155
BANK-TXN-00000772,ACCOUNT-001677,ACCOUNT-001678,4100,2026-06-24T23:03:00Z,UPI,True,MULE_ACCOUNT-0155
BANK-TXN-00000773,ACCOUNT-001678,ACCOUNT-001679,31800,2026-06-24T23:06:00Z,NEFT,True,MULE_ACCOUNT-0155
BANK-TXN-00000774,ACCOUNT-001679,ACCOUNT-001680,132800,2026-06-24T23:09:00Z,UPI,True,MULE_ACCOUNT-0155
BANK-TXN-00000775,ACCOUNT-001680,ACCOUNT-001681,62000,2026-06-24T23:12:00Z,UPI,True,MULE_ACCOUNT-0155
BANK-TXN-00000776,ACCOUNT-001682,ACCOUNT-001683,108600,2026-06-23T23:00:00Z,RTGS,True,MULTI_HOP_FUND_FLOW-0156
BANK-TXN-00000777,ACCOUNT-001683,ACCOUNT-001684,45000,2026-06-23T23:03:00Z,UPI,True,MULTI_HOP_FUND_FLOW-0156
BANK-TXN-00000778,ACCOUNT-001684,ACCOUNT-001685,2100,2026-06-23T23:06:00Z,IMPS,True,MULTI_HOP_FUND_FLOW-0156
BANK-TXN-00000779,ACCOUNT-001685,ACCOUNT-001686,2700,2026-06-23T23:09:00Z,NEFT,True,MULTI_HOP_FUND_FLOW-0156
BANK-TXN-00000780,ACCOUNT-001686,ACCOUNT-001687,234600,2026-06-23T23:12:00Z,NEFT,True,MULTI_HOP_FUND_FLOW-0156
BANK-TXN-00000781,ACCOUNT-001689,ACCOUNT-001688,84000,2026-06-22T23:00:00Z,NEFT,True,MANY_TO_ONE-0157
BANK-TXN-00000782,ACCOUNT-001690,ACCOUNT-001688,47600,2026-06-22T23:02:00Z,UPI,True,MANY_TO_ONE-0157
BANK-TXN-00000783,ACCOUNT-001691,ACCOUNT-001688,24900,2026-06-22T23:04:00Z,IMPS,True,MANY_TO_ONE-0157
BANK-TXN-00000784,ACCOUNT-001692,ACCOUNT-001688,30500,2026-06-22T23:06:00Z,UPI,True,MANY_TO_ONE-0157
BANK-TXN-00000785,ACCOUNT-001693,ACCOUNT-001688,35400,2026-06-22T23:08:00Z,UPI,True,MANY_TO_ONE-0157
BANK-TXN-00000786,ACCOUNT-001694,ACCOUNT-001695,23900,2026-06-21T23:00:00Z,UPI,True,ONE_TO_MANY-0158
BANK-TXN-00000787,ACCOUNT-001694,ACCOUNT-001696,22100,2026-06-21T23:03:00Z,IMPS,True,ONE_TO_MANY-0158
BANK-TXN-00000788,ACCOUNT-001694,ACCOUNT-001697,235600,2026-06-21T23:06:00Z,IMPS,True,ONE_TO_MANY-0158
BANK-TXN-00000789,ACCOUNT-001694,ACCOUNT-001698,24100,2026-06-21T23:09:00Z,UPI,True,ONE_TO_MANY-0158
BANK-TXN-00000790,ACCOUNT-001694,ACCOUNT-001699,94300,2026-06-21T23:12:00Z,UPI,True,ONE_TO_MANY-0158
BANK-TXN-00000791,ACCOUNT-001700,ACCOUNT-001701,37000,2026-06-20T23:00:00Z,IMPS,True,RAPID_TRANSFER-0159
BANK-TXN-00000792,ACCOUNT-001701,ACCOUNT-001702,20800,2026-06-20T23:03:00Z,NEFT,True,RAPID_TRANSFER-0159
BANK-TXN-00000793,ACCOUNT-001702,ACCOUNT-001703,1100,2026-06-20T23:06:00Z,IMPS,True,RAPID_TRANSFER-0159
BANK-TXN-00000794,ACCOUNT-001703,ACCOUNT-001704,53300,2026-06-20T23:09:00Z,UPI,True,RAPID_TRANSFER-0159
BANK-TXN-00000795,ACCOUNT-001704,ACCOUNT-001705,87300,2026-06-20T23:12:00Z,NEFT,True,RAPID_TRANSFER-0159
BANK-TXN-00000796,ACCOUNT-001706,ACCOUNT-001707,54200,2026-06-19T23:00:00Z,UPI,True,GEOGRAPHICALLY_UNUSUAL-0160
BANK-TXN-00000797,ACCOUNT-001707,ACCOUNT-001708,8300,2026-06-19T23:03:00Z,IMPS,True,GEOGRAPHICALLY_UNUSUAL-0160
BANK-TXN-00000798,ACCOUNT-001708,ACCOUNT-001709,126600,2026-06-19T23:06:00Z,NEFT,True,GEOGRAPHICALLY_UNUSUAL-0160
BANK-TXN-00000799,ACCOUNT-001709,ACCOUNT-001710,184000,2026-06-19T23:09:00Z,IMPS,True,GEOGRAPHICALLY_UNUSUAL-0160
BANK-TXN-00000800,ACCOUNT-001710,ACCOUNT-001711,21500,2026-06-19T23:12:00Z,UPI,True,GEOGRAPHICALLY_UNUSUAL-0160
BANK-TXN-00000801,ACCOUNT-001712,ACCOUNT-001713,14300,2026-06-18T23:00:00Z,UPI,True,STRUCTURED_LAYERING-0161
BANK-TXN-00000802,ACCOUNT-001713,ACCOUNT-001714,71900,2026-06-18T23:03:00Z,IMPS,True,STRUCTURED_LAYERING-0161
BANK-TXN-00000803,ACCOUNT-001714,ACCOUNT-001715,5500,2026-06-18T23:06:00Z,RTGS,True,STRUCTURED_LAYERING-0161
BANK-TXN-00000804,ACCOUNT-001715,ACCOUNT-001716,8600,2026-06-18T23:09:00Z,UPI,True,STRUCTURED_LAYERING-0161
BANK-TXN-00000805,ACCOUNT-001716,ACCOUNT-001717,207600,2026-06-18T23:12:00Z,UPI,True,STRUCTURED_LAYERING-0161
BANK-TXN-00000806,ACCOUNT-CMP-000001,ACCOUNT-001719,29600,2026-06-17T23:00:00Z,UPI,True,MULE_ACCOUNT-0162
BANK-TXN-00000807,ACCOUNT-001719,ACCOUNT-001720,5100,2026-06-17T23:03:00Z,UPI,True,MULE_ACCOUNT-0162
BANK-TXN-00000808,ACCOUNT-001720,ACCOUNT-001721,16000,2026-06-17T23:06:00Z,IMPS,True,MULE_ACCOUNT-0162
BANK-TXN-00000809,ACCOUNT-001721,ACCOUNT-001722,7300,2026-06-17T23:09:00Z,IMPS,True,MULE_ACCOUNT-0162
BANK-TXN-00000810,ACCOUNT-001722,ACCOUNT-001723,193800,2026-06-17T23:12:00Z,UPI,True,MULE_ACCOUNT-0162
BANK-TXN-00000811,ACCOUNT-001724,ACCOUNT-001725,1700,2026-06-16T23:00:00Z,UPI,True,MULTI_HOP_FUND_FLOW-0163
BANK-TXN-00000812,ACCOUNT-001725,ACCOUNT-001726,32700,2026-06-16T23:03:00Z,RTGS,True,MULTI_HOP_FUND_FLOW-0163
BANK-TXN-00000813,ACCOUNT-001726,ACCOUNT-001727,175900,2026-06-16T23:06:00Z,UPI,True,MULTI_HOP_FUND_FLOW-0163
BANK-TXN-00000814,ACCOUNT-001727,ACCOUNT-001728,52100,2026-06-16T23:09:00Z,IMPS,True,MULTI_HOP_FUND_FLOW-0163
BANK-TXN-00000815,ACCOUNT-001728,ACCOUNT-001729,14300,2026-06-16T23:12:00Z,UPI,True,MULTI_HOP_FUND_FLOW-0163
BANK-TXN-00000816,ACCOUNT-001731,ACCOUNT-001730,6600,2026-06-15T23:00:00Z,UPI,True,MANY_TO_ONE-0164
BANK-TXN-00000817,ACCOUNT-001732,ACCOUNT-001730,19200,2026-06-15T23:02:00Z,NEFT,True,MANY_TO_ONE-0164
BANK-TXN-00000818,ACCOUNT-001733,ACCOUNT-001730,66000,2026-06-15T23:04:00Z,UPI,True,MANY_TO_ONE-0164
BANK-TXN-00000819,ACCOUNT-001734,ACCOUNT-001730,8500,2026-06-15T23:06:00Z,NEFT,True,MANY_TO_ONE-0164
BANK-TXN-00000820,ACCOUNT-001735,ACCOUNT-001730,1300,2026-06-15T23:08:00Z,UPI,True,MANY_TO_ONE-0164
BANK-TXN-00000821,ACCOUNT-001736,ACCOUNT-001737,27900,2026-06-14T23:00:00Z,RTGS,True,ONE_TO_MANY-0165
BANK-TXN-00000822,ACCOUNT-001736,ACCOUNT-001738,24300,2026-06-14T23:03:00Z,UPI,True,ONE_TO_MANY-0165
BANK-TXN-00000823,ACCOUNT-001736,ACCOUNT-001739,2300,2026-06-14T23:06:00Z,UPI,True,ONE_TO_MANY-0165
BANK-TXN-00000824,ACCOUNT-001736,ACCOUNT-001740,204100,2026-06-14T23:09:00Z,NEFT,True,ONE_TO_MANY-0165
BANK-TXN-00000825,ACCOUNT-001736,ACCOUNT-001741,99700,2026-06-14T23:12:00Z,UPI,True,ONE_TO_MANY-0165
BANK-TXN-00000826,ACCOUNT-001742,ACCOUNT-001743,3000,2026-06-13T23:00:00Z,NEFT,True,RAPID_TRANSFER-0166
BANK-TXN-00000827,ACCOUNT-001743,ACCOUNT-001744,198200,2026-06-13T23:03:00Z,UPI,True,RAPID_TRANSFER-0166
BANK-TXN-00000828,ACCOUNT-001744,ACCOUNT-001745,10100,2026-06-13T23:06:00Z,UPI,True,RAPID_TRANSFER-0166
BANK-TXN-00000829,ACCOUNT-001745,ACCOUNT-001746,4200,2026-06-13T23:09:00Z,IMPS,True,RAPID_TRANSFER-0166
BANK-TXN-00000830,ACCOUNT-001746,ACCOUNT-001747,33300,2026-06-13T23:12:00Z,NEFT,True,RAPID_TRANSFER-0166
BANK-TXN-00000831,ACCOUNT-001748,ACCOUNT-001749,200,2026-06-12T23:00:00Z,NEFT,True,GEOGRAPHICALLY_UNUSUAL-0167
BANK-TXN-00000832,ACCOUNT-001749,ACCOUNT-001750,7400,2026-06-12T23:03:00Z,IMPS,True,GEOGRAPHICALLY_UNUSUAL-0167
BANK-TXN-00000833,ACCOUNT-001750,ACCOUNT-001751,13900,2026-06-12T23:06:00Z,UPI,True,GEOGRAPHICALLY_UNUSUAL-0167
BANK-TXN-00000834,ACCOUNT-001751,ACCOUNT-001752,45500,2026-06-12T23:09:00Z,UPI,True,GEOGRAPHICALLY_UNUSUAL-0167
BANK-TXN-00000835,ACCOUNT-001752,ACCOUNT-001753,13300,2026-06-12T23:12:00Z,UPI,True,GEOGRAPHICALLY_UNUSUAL-0167
BANK-TXN-00000836,ACCOUNT-001754,ACCOUNT-001755,42300,2026-06-11T23:00:00Z,UPI,True,STRUCTURED_LAYERING-0168
BANK-TXN-00000837,ACCOUNT-001755,ACCOUNT-001756,246100,2026-06-11T23:03:00Z,UPI,True,STRUCTURED_LAYERING-0168
BANK-TXN-00000838,ACCOUNT-001756,ACCOUNT-001757,38400,2026-06-11T23:06:00Z,IMPS,True,STRUCTURED_LAYERING-0168
BANK-TXN-00000839,ACCOUNT-001757,ACCOUNT-001758,54200,2026-06-11T23:09:00Z,UPI,True,STRUCTURED_LAYERING-0168
BANK-TXN-00000840,ACCOUNT-001758,ACCOUNT-001759,27000,2026-06-11T23:12:00Z,NEFT,True,STRUCTURED_LAYERING-0168
BANK-TXN-00000841,ACCOUNT-CMP-000001,ACCOUNT-001761,16500,2026-06-10T23:00:00Z,IMPS,True,MULE_ACCOUNT-0169
BANK-TXN-00000842,ACCOUNT-001761,ACCOUNT-001762,50800,2026-06-10T23:03:00Z,UPI,True,MULE_ACCOUNT-0169
BANK-TXN-00000843,ACCOUNT-001762,ACCOUNT-001763,194700,2026-06-10T23:06:00Z,UPI,True,MULE_ACCOUNT-0169
BANK-TXN-00000844,ACCOUNT-001763,ACCOUNT-001764,7500,2026-06-10T23:09:00Z,UPI,True,MULE_ACCOUNT-0169
BANK-TXN-00000845,ACCOUNT-001764,ACCOUNT-001765,47400,2026-06-10T23:12:00Z,IMPS,True,MULE_ACCOUNT-0169
BANK-TXN-00000846,ACCOUNT-001766,ACCOUNT-001767,100,2026-06-09T23:00:00Z,UPI,True,MULTI_HOP_FUND_FLOW-0170
BANK-TXN-00000847,ACCOUNT-001767,ACCOUNT-001768,36700,2026-06-09T23:03:00Z,IMPS,True,MULTI_HOP_FUND_FLOW-0170
BANK-TXN-00000848,ACCOUNT-001768,ACCOUNT-001769,223200,2026-06-09T23:06:00Z,IMPS,True,MULTI_HOP_FUND_FLOW-0170
BANK-TXN-00000849,ACCOUNT-001769,ACCOUNT-001770,19200,2026-06-09T23:09:00Z,IMPS,True,MULTI_HOP_FUND_FLOW-0170
BANK-TXN-00000850,ACCOUNT-001770,ACCOUNT-001771,238200,2026-06-09T23:12:00Z,UPI,True,MULTI_HOP_FUND_FLOW-0170
BANK-TXN-00000851,ACCOUNT-001773,ACCOUNT-001772,200,2026-06-08T23:00:00Z,IMPS,True,MANY_TO_ONE-0171
BANK-TXN-00000852,ACCOUNT-001774,ACCOUNT-001772,41600,2026-06-08T23:02:00Z,UPI,True,MANY_TO_ONE-0171
BANK-TXN-00000853,ACCOUNT-001775,ACCOUNT-001772,2000,2026-06-08T23:04:00Z,IMPS,True,MANY_TO_ONE-0171
BANK-TXN-00000854,ACCOUNT-001776,ACCOUNT-001772,800,2026-06-08T23:06:00Z,UPI,True,MANY_TO_ONE-0171
BANK-TXN-00000855,ACCOUNT-001777,ACCOUNT-001772,37000,2026-06-08T23:08:00Z,UPI,True,MANY_TO_ONE-0171
BANK-TXN-00000856,ACCOUNT-001778,ACCOUNT-001779,2200,2026-06-07T23:00:00Z,UPI,True,ONE_TO_MANY-0172
BANK-TXN-00000857,ACCOUNT-001778,ACCOUNT-001780,43800,2026-06-07T23:03:00Z,IMPS,True,ONE_TO_MANY-0172
BANK-TXN-00000858,ACCOUNT-001778,ACCOUNT-001781,35200,2026-06-07T23:06:00Z,UPI,True,ONE_TO_MANY-0172
BANK-TXN-00000859,ACCOUNT-001778,ACCOUNT-001782,9500,2026-06-07T23:09:00Z,UPI,True,ONE_TO_MANY-0172
BANK-TXN-00000860,ACCOUNT-001778,ACCOUNT-001783,53200,2026-06-07T23:12:00Z,UPI,True,ONE_TO_MANY-0172
BANK-TXN-00000861,ACCOUNT-001784,ACCOUNT-001785,93600,2026-06-06T23:00:00Z,NEFT,True,RAPID_TRANSFER-0173
BANK-TXN-00000862,ACCOUNT-001785,ACCOUNT-001786,195900,2026-06-06T23:03:00Z,UPI,True,RAPID_TRANSFER-0173
BANK-TXN-00000863,ACCOUNT-001786,ACCOUNT-001787,19900,2026-06-06T23:06:00Z,RTGS,True,RAPID_TRANSFER-0173
BANK-TXN-00000864,ACCOUNT-001787,ACCOUNT-001788,233600,2026-06-06T23:09:00Z,IMPS,True,RAPID_TRANSFER-0173
BANK-TXN-00000865,ACCOUNT-001788,ACCOUNT-001789,45400,2026-06-06T23:12:00Z,RTGS,True,RAPID_TRANSFER-0173
BANK-TXN-00000866,ACCOUNT-001790,ACCOUNT-001791,16000,2026-06-05T23:00:00Z,UPI,True,GEOGRAPHICALLY_UNUSUAL-0174
BANK-TXN-00000867,ACCOUNT-001791,ACCOUNT-001792,200,2026-06-05T23:03:00Z,UPI,True,GEOGRAPHICALLY_UNUSUAL-0174
BANK-TXN-00000868,ACCOUNT-001792,ACCOUNT-001793,19100,2026-06-05T23:06:00Z,IMPS,True,GEOGRAPHICALLY_UNUSUAL-0174
BANK-TXN-00000869,ACCOUNT-001793,ACCOUNT-001794,8200,2026-06-05T23:09:00Z,UPI,True,GEOGRAPHICALLY_UNUSUAL-0174
BANK-TXN-00000870,ACCOUNT-001794,ACCOUNT-001795,2200,2026-06-05T23:12:00Z,UPI,True,GEOGRAPHICALLY_UNUSUAL-0174
BANK-TXN-00000871,ACCOUNT-001796,ACCOUNT-001797,81200,2026-06-04T23:00:00Z,IMPS,True,STRUCTURED_LAYERING-0175
BANK-TXN-00000872,ACCOUNT-001797,ACCOUNT-001798,3600,2026-06-04T23:03:00Z,UPI,True,STRUCTURED_LAYERING-0175
BANK-TXN-00000873,ACCOUNT-001798,ACCOUNT-001799,1100,2026-06-04T23:06:00Z,IMPS,True,STRUCTURED_LAYERING-0175
BANK-TXN-00000874,ACCOUNT-001799,ACCOUNT-001800,7300,2026-06-04T23:09:00Z,UPI,True,STRUCTURED_LAYERING-0175
BANK-TXN-00000875,ACCOUNT-001800,ACCOUNT-001801,21300,2026-06-04T23:12:00Z,IMPS,True,STRUCTURED_LAYERING-0175
BANK-TXN-00000876,ACCOUNT-CMP-000001,ACCOUNT-001803,19500,2026-06-03T23:00:00Z,IMPS,True,MULE_ACCOUNT-0176
BANK-TXN-00000877,ACCOUNT-001803,ACCOUNT-001804,34200,2026-06-03T23:03:00Z,IMPS,True,MULE_ACCOUNT-0176
BANK-TXN-00000878,ACCOUNT-001804,ACCOUNT-001805,5900,2026-06-03T23:06:00Z,IMPS,True,MULE_ACCOUNT-0176
BANK-TXN-00000879,ACCOUNT-001805,ACCOUNT-001806,71500,2026-06-03T23:09:00Z,IMPS,True,MULE_ACCOUNT-0176
BANK-TXN-00000880,ACCOUNT-001806,ACCOUNT-001807,7700,2026-06-03T23:12:00Z,UPI,True,MULE_ACCOUNT-0176
BANK-TXN-00000881,ACCOUNT-001808,ACCOUNT-001809,52900,2026-06-02T23:00:00Z,RTGS,True,MULTI_HOP_FUND_FLOW-0177
BANK-TXN-00000882,ACCOUNT-001809,ACCOUNT-001810,235200,2026-06-02T23:03:00Z,NEFT,True,MULTI_HOP_FUND_FLOW-0177
BANK-TXN-00000883,ACCOUNT-001810,ACCOUNT-001811,20700,2026-06-02T23:06:00Z,UPI,True,MULTI_HOP_FUND_FLOW-0177
BANK-TXN-00000884,ACCOUNT-001811,ACCOUNT-001812,243500,2026-06-02T23:09:00Z,IMPS,True,MULTI_HOP_FUND_FLOW-0177
BANK-TXN-00000885,ACCOUNT-001812,ACCOUNT-001813,18000,2026-06-02T23:12:00Z,NEFT,True,MULTI_HOP_FUND_FLOW-0177
BANK-TXN-00000886,ACCOUNT-001815,ACCOUNT-001814,142000,2026-06-01T23:00:00Z,NEFT,True,MANY_TO_ONE-0178
BANK-TXN-00000887,ACCOUNT-001816,ACCOUNT-001814,170700,2026-06-01T23:02:00Z,NEFT,True,MANY_TO_ONE-0178
BANK-TXN-00000888,ACCOUNT-001817,ACCOUNT-001814,6900,2026-06-01T23:04:00Z,UPI,True,MANY_TO_ONE-0178
BANK-TXN-00000889,ACCOUNT-001818,ACCOUNT-001814,247200,2026-06-01T23:06:00Z,IMPS,True,MANY_TO_ONE-0178
BANK-TXN-00000890,ACCOUNT-001819,ACCOUNT-001814,5500,2026-06-01T23:08:00Z,UPI,True,MANY_TO_ONE-0178
BANK-TXN-00000891,ACCOUNT-001820,ACCOUNT-001821,3500,2026-05-31T23:00:00Z,IMPS,True,ONE_TO_MANY-0179
BANK-TXN-00000892,ACCOUNT-001820,ACCOUNT-001822,55600,2026-05-31T23:03:00Z,IMPS,True,ONE_TO_MANY-0179
BANK-TXN-00000893,ACCOUNT-001820,ACCOUNT-001823,400,2026-05-31T23:06:00Z,IMPS,True,ONE_TO_MANY-0179
BANK-TXN-00000894,ACCOUNT-001820,ACCOUNT-001824,33600,2026-05-31T23:09:00Z,RTGS,True,ONE_TO_MANY-0179
BANK-TXN-00000895,ACCOUNT-001820,ACCOUNT-001825,17600,2026-05-31T23:12:00Z,UPI,True,ONE_TO_MANY-0179
BANK-TXN-00000896,ACCOUNT-001826,ACCOUNT-001827,2800,2026-08-28T23:00:00Z,NEFT,True,RAPID_TRANSFER-0180
BANK-TXN-00000897,ACCOUNT-001827,ACCOUNT-001828,30400,2026-08-28T23:03:00Z,UPI,True,RAPID_TRANSFER-0180
BANK-TXN-00000898,ACCOUNT-001828,ACCOUNT-001829,23400,2026-08-28T23:06:00Z,UPI,True,RAPID_TRANSFER-0180
BANK-TXN-00000899,ACCOUNT-001829,ACCOUNT-001830,76500,2026-08-28T23:09:00Z,IMPS,True,RAPID_TRANSFER-0180
BANK-TXN-00000900,ACCOUNT-001830,ACCOUNT-001831,24900,2026-08-28T23:12:00Z,UPI,True,RAPID_TRANSFER-0180
BANK-TXN-00000901,ACCOUNT-001832,ACCOUNT-001833,25800,2026-08-27T23:00:00Z,IMPS,True,GEOGRAPHICALLY_UNUSUAL-0181
BANK-TXN-00000902,ACCOUNT-001833,ACCOUNT-001834,68900,2026-08-27T23:03:00Z,NEFT,True,GEOGRAPHICALLY_UNUSUAL-0181
BANK-TXN-00000903,ACCOUNT-001834,ACCOUNT-001835,3900,2026-08-27T23:06:00Z,NEFT,True,GEOGRAPHICALLY_UNUSUAL-0181
BANK-TXN-00000904,ACCOUNT-001835,ACCOUNT-001836,800,2026-08-27T23:09:00Z,UPI,True,GEOGRAPHICALLY_UNUSUAL-0181
BANK-TXN-00000905,ACCOUNT-001836,ACCOUNT-001837,11000,2026-08-27T23:12:00Z,UPI,True,GEOGRAPHICALLY_UNUSUAL-0181
BANK-TXN-00000906,ACCOUNT-001838,ACCOUNT-001839,2700,2026-08-26T23:00:00Z,UPI,True,STRUCTURED_LAYERING-0182
BANK-TXN-00000907,ACCOUNT-001839,ACCOUNT-001840,24400,2026-08-26T23:03:00Z,UPI,True,STRUCTURED_LAYERING-0182
BANK-TXN-00000908,ACCOUNT-001840,ACCOUNT-001841,19600,2026-08-26T23:06:00Z,UPI,True,STRUCTURED_LAYERING-0182
BANK-TXN-00000909,ACCOUNT-001841,ACCOUNT-001842,224000,2026-08-26T23:09:00Z,UPI,True,STRUCTURED_LAYERING-0182
BANK-TXN-00000910,ACCOUNT-001842,ACCOUNT-001843,8200,2026-08-26T23:12:00Z,IMPS,True,STRUCTURED_LAYERING-0182
BANK-TXN-00000911,ACCOUNT-CMP-000001,ACCOUNT-001845,9500,2026-08-25T23:00:00Z,UPI,True,MULE_ACCOUNT-0183
BANK-TXN-00000912,ACCOUNT-001845,ACCOUNT-001846,244800,2026-08-25T23:03:00Z,UPI,True,MULE_ACCOUNT-0183
BANK-TXN-00000913,ACCOUNT-001846,ACCOUNT-001847,125300,2026-08-25T23:06:00Z,IMPS,True,MULE_ACCOUNT-0183
BANK-TXN-00000914,ACCOUNT-001847,ACCOUNT-001848,1300,2026-08-25T23:09:00Z,RTGS,True,MULE_ACCOUNT-0183
BANK-TXN-00000915,ACCOUNT-001848,ACCOUNT-001849,79500,2026-08-25T23:12:00Z,IMPS,True,MULE_ACCOUNT-0183
BANK-TXN-00000916,ACCOUNT-001850,ACCOUNT-001851,2200,2026-08-24T23:00:00Z,UPI,True,MULTI_HOP_FUND_FLOW-0184
BANK-TXN-00000917,ACCOUNT-001851,ACCOUNT-001852,25600,2026-08-24T23:03:00Z,NEFT,True,MULTI_HOP_FUND_FLOW-0184
BANK-TXN-00000918,ACCOUNT-001852,ACCOUNT-001853,19700,2026-08-24T23:06:00Z,UPI,True,MULTI_HOP_FUND_FLOW-0184
BANK-TXN-00000919,ACCOUNT-001853,ACCOUNT-001854,700,2026-08-24T23:09:00Z,UPI,True,MULTI_HOP_FUND_FLOW-0184
BANK-TXN-00000920,ACCOUNT-001854,ACCOUNT-001855,13600,2026-08-24T23:12:00Z,UPI,True,MULTI_HOP_FUND_FLOW-0184
BANK-TXN-00000921,ACCOUNT-001857,ACCOUNT-001856,4000,2026-08-23T23:00:00Z,RTGS,True,MANY_TO_ONE-0185
BANK-TXN-00000922,ACCOUNT-001858,ACCOUNT-001856,19900,2026-08-23T23:02:00Z,UPI,True,MANY_TO_ONE-0185
BANK-TXN-00000923,ACCOUNT-001859,ACCOUNT-001856,19600,2026-08-23T23:04:00Z,NEFT,True,MANY_TO_ONE-0185
BANK-TXN-00000924,ACCOUNT-001860,ACCOUNT-001856,9800,2026-08-23T23:06:00Z,IMPS,True,MANY_TO_ONE-0185
BANK-TXN-00000925,ACCOUNT-001861,ACCOUNT-001856,1800,2026-08-23T23:08:00Z,UPI,True,MANY_TO_ONE-0185
BANK-TXN-00000926,ACCOUNT-001862,ACCOUNT-001863,147800,2026-08-22T23:00:00Z,NEFT,True,ONE_TO_MANY-0186
BANK-TXN-00000927,ACCOUNT-001862,ACCOUNT-001864,9800,2026-08-22T23:03:00Z,IMPS,True,ONE_TO_MANY-0186
BANK-TXN-00000928,ACCOUNT-001862,ACCOUNT-001865,27100,2026-08-22T23:06:00Z,NEFT,True,ONE_TO_MANY-0186
BANK-TXN-00000929,ACCOUNT-001862,ACCOUNT-001866,58600,2026-08-22T23:09:00Z,IMPS,True,ONE_TO_MANY-0186
BANK-TXN-00000930,ACCOUNT-001862,ACCOUNT-001867,100,2026-08-22T23:12:00Z,NEFT,True,ONE_TO_MANY-0186
BANK-TXN-00000931,ACCOUNT-001868,ACCOUNT-001869,9600,2026-08-21T23:00:00Z,IMPS,True,RAPID_TRANSFER-0187
BANK-TXN-00000932,ACCOUNT-001869,ACCOUNT-001870,21000,2026-08-21T23:03:00Z,UPI,True,RAPID_TRANSFER-0187
BANK-TXN-00000933,ACCOUNT-001870,ACCOUNT-001871,99000,2026-08-21T23:06:00Z,NEFT,True,RAPID_TRANSFER-0187
BANK-TXN-00000934,ACCOUNT-001871,ACCOUNT-001872,170100,2026-08-21T23:09:00Z,IMPS,True,RAPID_TRANSFER-0187
BANK-TXN-00000935,ACCOUNT-001872,ACCOUNT-001873,192700,2026-08-21T23:12:00Z,UPI,True,RAPID_TRANSFER-0187
BANK-TXN-00000936,ACCOUNT-001874,ACCOUNT-001875,38700,2026-08-20T23:00:00Z,UPI,True,GEOGRAPHICALLY_UNUSUAL-0188
BANK-TXN-00000937,ACCOUNT-001875,ACCOUNT-001876,233300,2026-08-20T23:03:00Z,UPI,True,GEOGRAPHICALLY_UNUSUAL-0188
BANK-TXN-00000938,ACCOUNT-001876,ACCOUNT-001877,4300,2026-08-20T23:06:00Z,UPI,True,GEOGRAPHICALLY_UNUSUAL-0188
BANK-TXN-00000939,ACCOUNT-001877,ACCOUNT-001878,2300,2026-08-20T23:09:00Z,RTGS,True,GEOGRAPHICALLY_UNUSUAL-0188
BANK-TXN-00000940,ACCOUNT-001878,ACCOUNT-001879,46100,2026-08-20T23:12:00Z,IMPS,True,GEOGRAPHICALLY_UNUSUAL-0188
BANK-TXN-00000941,ACCOUNT-001880,ACCOUNT-001881,49700,2026-08-19T23:00:00Z,UPI,True,STRUCTURED_LAYERING-0189
BANK-TXN-00000942,ACCOUNT-001881,ACCOUNT-001882,22600,2026-08-19T23:03:00Z,NEFT,True,STRUCTURED_LAYERING-0189
BANK-TXN-00000943,ACCOUNT-001882,ACCOUNT-001883,224100,2026-08-19T23:06:00Z,UPI,True,STRUCTURED_LAYERING-0189
BANK-TXN-00000944,ACCOUNT-001883,ACCOUNT-001884,9000,2026-08-19T23:09:00Z,UPI,True,STRUCTURED_LAYERING-0189
BANK-TXN-00000945,ACCOUNT-001884,ACCOUNT-001885,24500,2026-08-19T23:12:00Z,UPI,True,STRUCTURED_LAYERING-0189
BANK-TXN-00000946,ACCOUNT-CMP-000001,ACCOUNT-001887,41400,2026-08-18T23:00:00Z,IMPS,True,MULE_ACCOUNT-0190
BANK-TXN-00000947,ACCOUNT-001887,ACCOUNT-001888,110600,2026-08-18T23:03:00Z,NEFT,True,MULE_ACCOUNT-0190
BANK-TXN-00000948,ACCOUNT-001888,ACCOUNT-001889,21000,2026-08-18T23:06:00Z,NEFT,True,MULE_ACCOUNT-0190
BANK-TXN-00000949,ACCOUNT-001889,ACCOUNT-001890,32000,2026-08-18T23:09:00Z,UPI,True,MULE_ACCOUNT-0190
BANK-TXN-00000950,ACCOUNT-001890,ACCOUNT-001891,73800,2026-08-18T23:12:00Z,UPI,True,MULE_ACCOUNT-0190
BANK-TXN-00000951,ACCOUNT-001892,ACCOUNT-001893,17900,2026-08-17T23:00:00Z,UPI,True,MULTI_HOP_FUND_FLOW-0191
BANK-TXN-00000952,ACCOUNT-001893,ACCOUNT-001894,119800,2026-08-17T23:03:00Z,UPI,True,MULTI_HOP_FUND_FLOW-0191
BANK-TXN-00000953,ACCOUNT-001894,ACCOUNT-001895,45600,2026-08-17T23:06:00Z,UPI,True,MULTI_HOP_FUND_FLOW-0191
BANK-TXN-00000954,ACCOUNT-001895,ACCOUNT-001896,168400,2026-08-17T23:09:00Z,NEFT,True,MULTI_HOP_FUND_FLOW-0191
BANK-TXN-00000955,ACCOUNT-001896,ACCOUNT-001897,5600,2026-08-17T23:12:00Z,UPI,True,MULTI_HOP_FUND_FLOW-0191
BANK-TXN-00000956,ACCOUNT-001899,ACCOUNT-001898,81700,2026-08-16T23:00:00Z,UPI,True,MANY_TO_ONE-0192
BANK-TXN-00000957,ACCOUNT-001900,ACCOUNT-001898,56300,2026-08-16T23:02:00Z,UPI,True,MANY_TO_ONE-0192
BANK-TXN-00000958,ACCOUNT-001901,ACCOUNT-001898,11600,2026-08-16T23:04:00Z,IMPS,True,MANY_TO_ONE-0192
BANK-TXN-00000959,ACCOUNT-001902,ACCOUNT-001898,21000,2026-08-16T23:06:00Z,UPI,True,MANY_TO_ONE-0192
BANK-TXN-00000960,ACCOUNT-001903,ACCOUNT-001898,19700,2026-08-16T23:08:00Z,UPI,True,MANY_TO_ONE-0192
BANK-TXN-00000961,ACCOUNT-001904,ACCOUNT-001905,34800,2026-08-15T23:00:00Z,UPI,True,ONE_TO_MANY-0193
BANK-TXN-00000962,ACCOUNT-001904,ACCOUNT-001906,10600,2026-08-15T23:03:00Z,UPI,True,ONE_TO_MANY-0193
BANK-TXN-00000963,ACCOUNT-001904,ACCOUNT-001907,100,2026-08-15T23:06:00Z,IMPS,True,ONE_TO_MANY-0193
BANK-TXN-00000964,ACCOUNT-001904,ACCOUNT-001908,204200,2026-08-15T23:09:00Z,UPI,True,ONE_TO_MANY-0193
BANK-TXN-00000965,ACCOUNT-001904,ACCOUNT-001909,6500,2026-08-15T23:12:00Z,UPI,True,ONE_TO_MANY-0193
BANK-TXN-00000966,ACCOUNT-001910,ACCOUNT-001911,33800,2026-08-14T23:00:00Z,UPI,True,RAPID_TRANSFER-0194
BANK-TXN-00000967,ACCOUNT-001911,ACCOUNT-001912,9000,2026-08-14T23:03:00Z,NEFT,True,RAPID_TRANSFER-0194
BANK-TXN-00000968,ACCOUNT-001912,ACCOUNT-001913,2200,2026-08-14T23:06:00Z,UPI,True,RAPID_TRANSFER-0194
BANK-TXN-00000969,ACCOUNT-001913,ACCOUNT-001914,42700,2026-08-14T23:09:00Z,IMPS,True,RAPID_TRANSFER-0194
BANK-TXN-00000970,ACCOUNT-001914,ACCOUNT-001915,40300,2026-08-14T23:12:00Z,IMPS,True,RAPID_TRANSFER-0194
BANK-TXN-00000971,ACCOUNT-001916,ACCOUNT-001917,60900,2026-08-13T23:00:00Z,UPI,True,GEOGRAPHICALLY_UNUSUAL-0195
BANK-TXN-00000972,ACCOUNT-001917,ACCOUNT-001918,167800,2026-08-13T23:03:00Z,NEFT,True,GEOGRAPHICALLY_UNUSUAL-0195
BANK-TXN-00000973,ACCOUNT-001918,ACCOUNT-001919,30200,2026-08-13T23:06:00Z,UPI,True,GEOGRAPHICALLY_UNUSUAL-0195
BANK-TXN-00000974,ACCOUNT-001919,ACCOUNT-001920,2400,2026-08-13T23:09:00Z,UPI,True,GEOGRAPHICALLY_UNUSUAL-0195
BANK-TXN-00000975,ACCOUNT-001920,ACCOUNT-001921,10700,2026-08-13T23:12:00Z,IMPS,True,GEOGRAPHICALLY_UNUSUAL-0195
BANK-TXN-00000976,ACCOUNT-001922,ACCOUNT-001923,200,2026-08-12T23:00:00Z,NEFT,True,STRUCTURED_LAYERING-0196
BANK-TXN-00000977,ACCOUNT-001923,ACCOUNT-001924,7400,2026-08-12T23:03:00Z,IMPS,True,STRUCTURED_LAYERING-0196
BANK-TXN-00000978,ACCOUNT-001924,ACCOUNT-001925,2200,2026-08-12T23:06:00Z,NEFT,True,STRUCTURED_LAYERING-0196
BANK-TXN-00000979,ACCOUNT-001925,ACCOUNT-001926,21600,2026-08-12T23:09:00Z,UPI,True,STRUCTURED_LAYERING-0196
BANK-TXN-00000980,ACCOUNT-001926,ACCOUNT-001927,14300,2026-08-12T23:12:00Z,NEFT,True,STRUCTURED_LAYERING-0196
BANK-TXN-00000981,ACCOUNT-CMP-000001,ACCOUNT-001929,16300,2026-08-11T23:00:00Z,UPI,True,MULE_ACCOUNT-0197
BANK-TXN-00000982,ACCOUNT-001929,ACCOUNT-001930,13200,2026-08-11T23:03:00Z,NEFT,True,MULE_ACCOUNT-0197
BANK-TXN-00000983,ACCOUNT-001930,ACCOUNT-001931,95300,2026-08-11T23:06:00Z,UPI,True,MULE_ACCOUNT-0197
BANK-TXN-00000984,ACCOUNT-001931,ACCOUNT-001932,116600,2026-08-11T23:09:00Z,IMPS,True,MULE_ACCOUNT-0197
BANK-TXN-00000985,ACCOUNT-001932,ACCOUNT-001933,225900,2026-08-11T23:12:00Z,UPI,True,MULE_ACCOUNT-0197
BANK-TXN-00000986,ACCOUNT-001934,ACCOUNT-001935,7500,2026-08-10T23:00:00Z,UPI,True,MULTI_HOP_FUND_FLOW-0198
BANK-TXN-00000987,ACCOUNT-001935,ACCOUNT-001936,47700,2026-08-10T23:03:00Z,UPI,True,MULTI_HOP_FUND_FLOW-0198
BANK-TXN-00000988,ACCOUNT-001936,ACCOUNT-001937,7300,2026-08-10T23:06:00Z,UPI,True,MULTI_HOP_FUND_FLOW-0198
BANK-TXN-00000989,ACCOUNT-001937,ACCOUNT-001938,900,2026-08-10T23:09:00Z,IMPS,True,MULTI_HOP_FUND_FLOW-0198
BANK-TXN-00000990,ACCOUNT-001938,ACCOUNT-001939,21300,2026-08-10T23:12:00Z,UPI,True,MULTI_HOP_FUND_FLOW-0198
BANK-TXN-00000991,ACCOUNT-001941,ACCOUNT-001940,36500,2026-08-09T23:00:00Z,UPI,True,MANY_TO_ONE-0199
BANK-TXN-00000992,ACCOUNT-001942,ACCOUNT-001940,16900,2026-08-09T23:02:00Z,UPI,True,MANY_TO_ONE-0199
BANK-TXN-00000993,ACCOUNT-001943,ACCOUNT-001940,11900,2026-08-09T23:04:00Z,UPI,True,MANY_TO_ONE-0199
BANK-TXN-00000994,ACCOUNT-001944,ACCOUNT-001940,15800,2026-08-09T23:06:00Z,UPI,True,MANY_TO_ONE-0199
BANK-TXN-00000995,ACCOUNT-001945,ACCOUNT-001940,60200,2026-08-09T23:08:00Z,UPI,True,MANY_TO_ONE-0199
BANK-TXN-00000996,ACCOUNT-001946,ACCOUNT-001947,9500,2026-08-08T23:00:00Z,IMPS,True,ONE_TO_MANY-0200
BANK-TXN-00000997,ACCOUNT-001946,ACCOUNT-001948,5000,2026-08-08T23:03:00Z,UPI,True,ONE_TO_MANY-0200
BANK-TXN-00000998,ACCOUNT-001946,ACCOUNT-001949,88700,2026-08-08T23:06:00Z,IMPS,True,ONE_TO_MANY-0200
BANK-TXN-00000999,ACCOUNT-001946,ACCOUNT-001950,30800,2026-08-08T23:09:00Z,UPI,True,ONE_TO_MANY-0200
BANK-TXN-00001000,ACCOUNT-001946,ACCOUNT-001951,80000,2026-08-08T23:12:00Z,IMPS,True,ONE_TO_MANY-0200
BANK-TXN-00001001,ACCOUNT-001552,ACCOUNT-000960,14800,2026-06-30T13:55:00Z,UPI,False,
BANK-TXN-00001002,ACCOUNT-001930,ACCOUNT-001430,51500,2026-07-06T16:32:00Z,UPI,False,
BANK-TXN-00001003,ACCOUNT-001183,ACCOUNT-001790,3200,2026-08-12T14:13:00Z,NEFT,False,
BANK-TXN-00001004,ACCOUNT-001709,ACCOUNT-000727,44500,2026-07-16T16:33:00Z,IMPS,False,
BANK-TXN-00001005,ACCOUNT-001102,ACCOUNT-000614,900,2026-07-18T09:24:00Z,UPI,False,
BANK-TXN-00001006,ACCOUNT-000677,ACCOUNT-001164,79300,2026-06-09T05:02:00Z,NEFT,False,
BANK-TXN-00001007,ACCOUNT-000781,ACCOUNT-000419,8000,2026-07-09T20:36:00Z,UPI,False,
BANK-TXN-00001008,ACCOUNT-001167,ACCOUNT-000925,5600,2026-06-08T03:55:00Z,IMPS,False,
BANK-TXN-00001009,ACCOUNT-000364,ACCOUNT-000066,6200,2026-06-01T09:59:00Z,UPI,False,
BANK-TXN-00001010,ACCOUNT-000791,ACCOUNT-000582,53500,2026-08-02T15:18:00Z,UPI,False,
BANK-TXN-00001011,ACCOUNT-000755,ACCOUNT-001062,35000,2026-08-27T16:05:00Z,UPI,False,
BANK-TXN-00001012,ACCOUNT-000227,ACCOUNT-000265,2500,2026-06-21T12:13:00Z,RTGS,False,
BANK-TXN-00001013,ACCOUNT-001773,ACCOUNT-000423,45900,2026-08-12T03:41:00Z,IMPS,False,
BANK-TXN-00001014,ACCOUNT-000973,ACCOUNT-000326,60300,2026-06-12T09:41:00Z,UPI,False,
BANK-TXN-00001015,ACCOUNT-001403,ACCOUNT-000940,26600,2026-07-24T16:51:00Z,NEFT,False,
BANK-TXN-00001016,ACCOUNT-001239,ACCOUNT-001654,95000,2026-07-28T10:02:00Z,UPI,False,
BANK-TXN-00001017,ACCOUNT-000948,ACCOUNT-001180,33800,2026-08-23T06:42:00Z,IMPS,False,
BANK-TXN-00001018,ACCOUNT-001458,ACCOUNT-001623,7600,2026-07-21T13:08:00Z,UPI,False,
BANK-TXN-00001019,ACCOUNT-001844,ACCOUNT-001266,9400,2026-07-04T11:02:00Z,IMPS,False,
BANK-TXN-00001020,ACCOUNT-000806,ACCOUNT-001431,6700,2026-08-23T15:05:00Z,NEFT,False,
BANK-TXN-00001021,ACCOUNT-001102,ACCOUNT-000598,8100,2026-06-04T02:16:00Z,UPI,False,
BANK-TXN-00001022,ACCOUNT-001561,ACCOUNT-001133,3300,2026-08-13T00:56:00Z,IMPS,False,
BANK-TXN-00001023,ACCOUNT-000668,ACCOUNT-000840,52200,2026-07-02T17:47:00Z,UPI,False,
BANK-TXN-00001024,ACCOUNT-000150,ACCOUNT-001309,33700,2026-06-01T08:31:00Z,IMPS,False,
BANK-TXN-00001025,ACCOUNT-001753,ACCOUNT-000399,4600,2026-07-09T21:44:00Z,NEFT,False,
BANK-TXN-00001026,ACCOUNT-000670,ACCOUNT-001373,3600,2026-06-30T11:56:00Z,IMPS,False,
BANK-TXN-00001027,ACCOUNT-001462,ACCOUNT-001946,14100,2026-07-03T17:08:00Z,UPI,False,
BANK-TXN-00001028,ACCOUNT-000037,ACCOUNT-001244,87900,2026-08-16T16:53:00Z,UPI,False,
BANK-TXN-00001029,ACCOUNT-000159,ACCOUNT-001376,34100,2026-08-27T08:51:00Z,UPI,False,
BANK-TXN-00001030,ACCOUNT-001464,ACCOUNT-000071,4100,2026-06-03T10:32:00Z,NEFT,False,
BANK-TXN-00001031,ACCOUNT-001313,ACCOUNT-001357,21300,2026-06-05T03:36:00Z,UPI,False,
BANK-TXN-00001032,ACCOUNT-000010,ACCOUNT-000100,7300,2026-07-11T06:01:00Z,NEFT,False,
BANK-TXN-00001033,ACCOUNT-000410,ACCOUNT-000188,14900,2026-08-26T13:00:00Z,IMPS,False,
BANK-TXN-00001034,ACCOUNT-000130,ACCOUNT-000452,9600,2026-08-16T05:07:00Z,UPI,False,
BANK-TXN-00001035,ACCOUNT-000852,ACCOUNT-001050,82000,2026-08-15T05:40:00Z,UPI,False,
BANK-TXN-00001036,ACCOUNT-000425,ACCOUNT-001914,1500,2026-06-20T13:33:00Z,UPI,False,
BANK-TXN-00001037,ACCOUNT-000731,ACCOUNT-000663,10300,2026-08-06T23:19:00Z,UPI,False,
BANK-TXN-00001038,ACCOUNT-000940,ACCOUNT-000451,68800,2026-08-20T08:43:00Z,UPI,False,
BANK-TXN-00001039,ACCOUNT-001814,ACCOUNT-000448,27600,2026-07-07T14:22:00Z,IMPS,False,
BANK-TXN-00001040,ACCOUNT-001621,ACCOUNT-001889,66600,2026-06-17T16:54:00Z,RTGS,False,
BANK-TXN-00001041,ACCOUNT-001427,ACCOUNT-000796,7100,2026-06-03T02:11:00Z,UPI,False,
BANK-TXN-00001042,ACCOUNT-001560,ACCOUNT-001811,26700,2026-06-01T14:06:00Z,UPI,False,
BANK-TXN-00001043,ACCOUNT-001247,ACCOUNT-001868,8200,2026-06-15T12:28:00Z,IMPS,False,
BANK-TXN-00001044,ACCOUNT-000028,ACCOUNT-000477,2000,2026-08-26T09:03:00Z,UPI,False,
BANK-TXN-00001045,ACCOUNT-000878,ACCOUNT-001551,7300,2026-07-28T09:57:00Z,UPI,False,
BANK-TXN-00001046,ACCOUNT-000414,ACCOUNT-000311,9600,2026-07-11T16:58:00Z,IMPS,False,
BANK-TXN-00001047,ACCOUNT-001938,ACCOUNT-000909,3400,2026-07-17T17:40:00Z,IMPS,False,
BANK-TXN-00001048,ACCOUNT-000850,ACCOUNT-001328,18700,2026-07-23T06:46:00Z,UPI,False,
BANK-TXN-00001049,ACCOUNT-001105,ACCOUNT-000111,8800,2026-06-04T00:09:00Z,NEFT,False,
BANK-TXN-00001050,ACCOUNT-001068,ACCOUNT-000659,3200,2026-08-05T13:00:00Z,UPI,False,
BANK-TXN-00001051,ACCOUNT-000395,ACCOUNT-000107,5500,2026-06-08T00:47:00Z,UPI,False,
BANK-TXN-00001052,ACCOUNT-001125,ACCOUNT-001703,43500,2026-08-02T15:55:00Z,UPI,False,
BANK-TXN-00001053,ACCOUNT-000337,ACCOUNT-001478,62700,2026-08-03T15:49:00Z,UPI,False,
BANK-TXN-00001054,ACCOUNT-001181,ACCOUNT-000919,27000,2026-06-08T16:05:00Z,RTGS,False,
BANK-TXN-00001055,ACCOUNT-000737,ACCOUNT-000816,37900,2026-07-11T17:32:00Z,IMPS,False,
BANK-TXN-00001056,ACCOUNT-000888,ACCOUNT-001558,25500,2026-08-09T05:10:00Z,IMPS,False,
BANK-TXN-00001057,ACCOUNT-000876,ACCOUNT-001750,23700,2026-08-18T06:02:00Z,UPI,False,
BANK-TXN-00001058,ACCOUNT-001489,ACCOUNT-000360,32200,2026-07-27T13:41:00Z,UPI,False,
BANK-TXN-00001059,ACCOUNT-001242,ACCOUNT-000985,30000,2026-08-19T14:15:00Z,UPI,False,
BANK-TXN-00001060,ACCOUNT-000389,ACCOUNT-000009,22500,2026-08-27T04:14:00Z,UPI,False,
BANK-TXN-00001061,ACCOUNT-000852,ACCOUNT-001926,37500,2026-07-09T01:37:00Z,UPI,False,
BANK-TXN-00001062,ACCOUNT-001205,ACCOUNT-000146,2500,2026-07-07T03:02:00Z,NEFT,False,
BANK-TXN-00001063,ACCOUNT-000333,ACCOUNT-000398,23000,2026-07-04T01:11:00Z,IMPS,False,
BANK-TXN-00001064,ACCOUNT-001301,ACCOUNT-001411,48700,2026-07-12T07:19:00Z,UPI,False,
BANK-TXN-00001065,ACCOUNT-000506,ACCOUNT-000497,10700,2026-06-28T22:08:00Z,IMPS,False,
BANK-TXN-00001066,ACCOUNT-001322,ACCOUNT-000303,6600,2026-07-26T09:17:00Z,UPI,False,
BANK-TXN-00001067,ACCOUNT-001185,ACCOUNT-001950,5000,2026-06-05T05:00:00Z,UPI,False,
BANK-TXN-00001068,ACCOUNT-001458,ACCOUNT-001878,3400,2026-07-10T12:23:00Z,NEFT,False,
BANK-TXN-00001069,ACCOUNT-001795,ACCOUNT-000867,22800,2026-08-07T05:44:00Z,RTGS,False,
BANK-TXN-00001070,ACCOUNT-001349,ACCOUNT-001816,44200,2026-07-11T09:14:00Z,NEFT,False,
BANK-TXN-00001071,ACCOUNT-001491,ACCOUNT-001781,13600,2026-08-17T18:24:00Z,UPI,False,
BANK-TXN-00001072,ACCOUNT-000430,ACCOUNT-001905,8100,2026-07-09T08:00:00Z,UPI,False,
BANK-TXN-00001073,ACCOUNT-000144,ACCOUNT-001585,21000,2026-05-31T12:34:00Z,UPI,False,
BANK-TXN-00001074,ACCOUNT-000768,ACCOUNT-000382,98500,2026-08-11T16:49:00Z,UPI,False,
BANK-TXN-00001075,ACCOUNT-001162,ACCOUNT-001668,9800,2026-08-01T16:57:00Z,UPI,False,
BANK-TXN-00001076,ACCOUNT-001848,ACCOUNT-001786,55500,2026-07-07T12:02:00Z,NEFT,False,
BANK-TXN-00001077,ACCOUNT-000341,ACCOUNT-000164,11600,2026-07-22T19:53:00Z,UPI,False,
BANK-TXN-00001078,ACCOUNT-001200,ACCOUNT-000481,100,2026-06-28T11:12:00Z,UPI,False,
BANK-TXN-00001079,ACCOUNT-001540,ACCOUNT-000015,1400,2026-06-04T09:58:00Z,UPI,False,
BANK-TXN-00001080,ACCOUNT-000015,ACCOUNT-000770,22400,2026-06-12T10:12:00Z,UPI,False,
BANK-TXN-00001081,ACCOUNT-000691,ACCOUNT-001238,18000,2026-07-05T14:17:00Z,NEFT,False,
BANK-TXN-00001082,ACCOUNT-001928,ACCOUNT-000740,2300,2026-06-04T12:21:00Z,NEFT,False,
BANK-TXN-00001083,ACCOUNT-001652,ACCOUNT-000206,43500,2026-08-28T11:16:00Z,NEFT,False,
BANK-TXN-00001084,ACCOUNT-001895,ACCOUNT-000285,64300,2026-08-25T09:05:00Z,RTGS,False,
BANK-TXN-00001085,ACCOUNT-001539,ACCOUNT-001670,38100,2026-07-28T13:21:00Z,UPI,False,
BANK-TXN-00001086,ACCOUNT-000385,ACCOUNT-000007,10400,2026-06-08T01:08:00Z,IMPS,False,
BANK-TXN-00001087,ACCOUNT-001789,ACCOUNT-000094,74800,2026-07-18T08:46:00Z,UPI,False,
BANK-TXN-00001088,ACCOUNT-001255,ACCOUNT-001627,41800,2026-08-18T13:01:00Z,NEFT,False,
BANK-TXN-00001089,ACCOUNT-001854,ACCOUNT-000206,8300,2026-07-10T14:48:00Z,NEFT,False,
BANK-TXN-00001090,ACCOUNT-001608,ACCOUNT-001755,2000,2026-06-25T22:29:00Z,NEFT,False,
BANK-TXN-00001091,ACCOUNT-001124,ACCOUNT-001792,3100,2026-06-30T17:32:00Z,IMPS,False,
BANK-TXN-00001092,ACCOUNT-000494,ACCOUNT-000499,700,2026-08-01T16:18:00Z,UPI,False,
BANK-TXN-00001093,ACCOUNT-001466,ACCOUNT-000060,44600,2026-08-08T02:40:00Z,UPI,False,
BANK-TXN-00001094,ACCOUNT-001473,ACCOUNT-000528,4300,2026-06-04T11:03:00Z,UPI,False,
BANK-TXN-00001095,ACCOUNT-001095,ACCOUNT-001298,15700,2026-06-27T19:16:00Z,NEFT,False,
BANK-TXN-00001096,ACCOUNT-001570,ACCOUNT-001893,48300,2026-06-13T20:39:00Z,IMPS,False,
BANK-TXN-00001097,ACCOUNT-001508,ACCOUNT-001485,99400,2026-07-11T08:10:00Z,NEFT,False,
BANK-TXN-00001098,ACCOUNT-001656,ACCOUNT-000478,800,2026-07-31T15:42:00Z,UPI,False,
BANK-TXN-00001099,ACCOUNT-001517,ACCOUNT-001213,68800,2026-08-04T06:53:00Z,UPI,False,
BANK-TXN-00001100,ACCOUNT-000642,ACCOUNT-000779,3800,2026-06-16T06:41:00Z,UPI,False,
BANK-TXN-00001101,ACCOUNT-001735,ACCOUNT-000795,8300,2026-07-05T14:37:00Z,IMPS,False,
BANK-TXN-00001102,ACCOUNT-001210,ACCOUNT-000455,33000,2026-08-15T13:26:00Z,UPI,False,
BANK-TXN-00001103,ACCOUNT-001932,ACCOUNT-000608,8800,2026-07-31T11:31:00Z,UPI,False,
BANK-TXN-00001104,ACCOUNT-001530,ACCOUNT-001363,22800,2026-05-31T22:40:00Z,RTGS,False,
BANK-TXN-00001105,ACCOUNT-000253,ACCOUNT-000561,8100,2026-06-16T11:07:00Z,UPI,False,
BANK-TXN-00001106,ACCOUNT-000772,ACCOUNT-000121,9600,2026-07-17T17:15:00Z,NEFT,False,
BANK-TXN-00001107,ACCOUNT-000461,ACCOUNT-001435,8100,2026-08-22T02:11:00Z,IMPS,False,
BANK-TXN-00001108,ACCOUNT-000613,ACCOUNT-001670,3600,2026-06-05T02:50:00Z,UPI,False,
BANK-TXN-00001109,ACCOUNT-000866,ACCOUNT-001389,35000,2026-06-29T00:12:00Z,UPI,False,
BANK-TXN-00001110,ACCOUNT-001489,ACCOUNT-000580,70100,2026-07-23T07:48:00Z,UPI,False,
BANK-TXN-00001111,ACCOUNT-000663,ACCOUNT-001541,21700,2026-06-15T04:57:00Z,IMPS,False,
BANK-TXN-00001112,ACCOUNT-001183,ACCOUNT-000282,6300,2026-07-03T07:42:00Z,UPI,False,
BANK-TXN-00001113,ACCOUNT-001533,ACCOUNT-000401,55200,2026-06-06T23:14:00Z,IMPS,False,
BANK-TXN-00001114,ACCOUNT-001759,ACCOUNT-000303,5300,2026-07-11T01:33:00Z,UPI,False,
BANK-TXN-00001115,ACCOUNT-000971,ACCOUNT-000368,21100,2026-08-22T17:28:00Z,RTGS,False,
BANK-TXN-00001116,ACCOUNT-001285,ACCOUNT-001480,7500,2026-07-08T15:53:00Z,UPI,False,
BANK-TXN-00001117,ACCOUNT-001409,ACCOUNT-001221,5000,2026-08-06T08:36:00Z,UPI,False,
BANK-TXN-00001118,ACCOUNT-001676,ACCOUNT-001332,34400,2026-07-11T15:19:00Z,UPI,False,
BANK-TXN-00001119,ACCOUNT-000239,ACCOUNT-000170,61500,2026-08-13T11:18:00Z,UPI,False,
BANK-TXN-00001120,ACCOUNT-001174,ACCOUNT-001173,3800,2026-06-28T15:13:00Z,UPI,False,
BANK-TXN-00001121,ACCOUNT-000992,ACCOUNT-001321,5600,2026-05-31T12:24:00Z,UPI,False,
BANK-TXN-00001122,ACCOUNT-001462,ACCOUNT-001862,2600,2026-06-21T16:08:00Z,IMPS,False,
BANK-TXN-00001123,ACCOUNT-001099,ACCOUNT-001605,77500,2026-06-22T11:27:00Z,IMPS,False,
BANK-TXN-00001124,ACCOUNT-001619,ACCOUNT-001335,1200,2026-08-13T06:47:00Z,NEFT,False,
BANK-TXN-00001125,ACCOUNT-001424,ACCOUNT-000369,13100,2026-08-28T10:09:00Z,UPI,False,
BANK-TXN-00001126,ACCOUNT-001178,ACCOUNT-000423,10800,2026-06-06T17:25:00Z,UPI,False,
BANK-TXN-00001127,ACCOUNT-000256,ACCOUNT-001037,7700,2026-07-21T13:26:00Z,RTGS,False,
BANK-TXN-00001128,ACCOUNT-001348,ACCOUNT-000001,23600,2026-07-28T14:27:00Z,UPI,False,
BANK-TXN-00001129,ACCOUNT-001182,ACCOUNT-001005,23700,2026-06-01T14:02:00Z,UPI,False,
BANK-TXN-00001130,ACCOUNT-001409,ACCOUNT-000203,1300,2026-06-05T05:45:00Z,UPI,False,
BANK-TXN-00001131,ACCOUNT-001754,ACCOUNT-001706,61000,2026-08-01T01:22:00Z,IMPS,False,
BANK-TXN-00001132,ACCOUNT-000569,ACCOUNT-000264,16600,2026-06-10T12:25:00Z,UPI,False,
BANK-TXN-00001133,ACCOUNT-001851,ACCOUNT-000335,49000,2026-07-08T11:44:00Z,IMPS,False,
BANK-TXN-00001134,ACCOUNT-001098,ACCOUNT-000418,9500,2026-08-19T08:43:00Z,UPI,False,
BANK-TXN-00001135,ACCOUNT-001347,ACCOUNT-001327,7000,2026-06-24T09:34:00Z,RTGS,False,
BANK-TXN-00001136,ACCOUNT-000889,ACCOUNT-000777,1800,2026-08-25T01:45:00Z,UPI,False,
BANK-TXN-00001137,ACCOUNT-000226,ACCOUNT-001401,2400,2026-06-19T12:39:00Z,NEFT,False,
BANK-TXN-00001138,ACCOUNT-001594,ACCOUNT-000560,10200,2026-08-10T03:46:00Z,UPI,False,
BANK-TXN-00001139,ACCOUNT-000456,ACCOUNT-000776,8300,2026-08-15T06:53:00Z,IMPS,False,
BANK-TXN-00001140,ACCOUNT-000628,ACCOUNT-001206,94300,2026-06-27T18:38:00Z,UPI,False,
BANK-TXN-00001141,ACCOUNT-000556,ACCOUNT-001245,19900,2026-08-16T03:50:00Z,UPI,False,
BANK-TXN-00001142,ACCOUNT-001651,ACCOUNT-001519,80400,2026-06-03T01:26:00Z,NEFT,False,
BANK-TXN-00001143,ACCOUNT-000825,ACCOUNT-000977,86500,2026-06-14T18:00:00Z,UPI,False,
BANK-TXN-00001144,ACCOUNT-000259,ACCOUNT-000293,4700,2026-07-11T09:43:00Z,IMPS,False,
BANK-TXN-00001145,ACCOUNT-000759,ACCOUNT-001449,29600,2026-07-28T08:34:00Z,UPI,False,
BANK-TXN-00001146,ACCOUNT-000725,ACCOUNT-001636,38300,2026-06-30T11:43:00Z,NEFT,False,
BANK-TXN-00001147,ACCOUNT-001806,ACCOUNT-001892,2000,2026-07-30T14:06:00Z,UPI,False,
BANK-TXN-00001148,ACCOUNT-000641,ACCOUNT-001732,5500,2026-08-17T08:56:00Z,UPI,False,
BANK-TXN-00001149,ACCOUNT-000118,ACCOUNT-000174,2800,2026-07-23T10:29:00Z,IMPS,False,
BANK-TXN-00001150,ACCOUNT-001910,ACCOUNT-001497,85700,2026-08-11T11:28:00Z,UPI,False,
BANK-TXN-00001151,ACCOUNT-000029,ACCOUNT-001263,4600,2026-08-04T02:13:00Z,UPI,False,
BANK-TXN-00001152,ACCOUNT-001095,ACCOUNT-001536,85000,2026-07-15T15:13:00Z,IMPS,False,
BANK-TXN-00001153,ACCOUNT-001244,ACCOUNT-000919,96200,2026-08-07T08:04:00Z,UPI,False,
BANK-TXN-00001154,ACCOUNT-000154,ACCOUNT-000752,37600,2026-08-11T10:57:00Z,UPI,False,
BANK-TXN-00001155,ACCOUNT-000765,ACCOUNT-000232,93500,2026-07-16T02:45:00Z,IMPS,False,
BANK-TXN-00001156,ACCOUNT-000242,ACCOUNT-000595,5000,2026-07-21T11:44:00Z,IMPS,False,
BANK-TXN-00001157,ACCOUNT-001165,ACCOUNT-000807,92200,2026-08-01T02:01:00Z,NEFT,False,
BANK-TXN-00001158,ACCOUNT-001916,ACCOUNT-000949,10100,2026-06-10T04:57:00Z,IMPS,False,
BANK-TXN-00001159,ACCOUNT-000673,ACCOUNT-000612,7500,2026-07-14T18:38:00Z,UPI,False,
BANK-TXN-00001160,ACCOUNT-000208,ACCOUNT-000883,96000,2026-06-27T16:27:00Z,UPI,False,
BANK-TXN-00001161,ACCOUNT-000254,ACCOUNT-001871,15700,2026-06-27T23:11:00Z,UPI,False,
BANK-TXN-00001162,ACCOUNT-000767,ACCOUNT-000613,91500,2026-07-13T12:49:00Z,UPI,False,
BANK-TXN-00001163,ACCOUNT-000899,ACCOUNT-001345,25100,2026-07-03T17:38:00Z,UPI,False,
BANK-TXN-00001164,ACCOUNT-001783,ACCOUNT-001453,900,2026-08-03T18:42:00Z,UPI,False,
BANK-TXN-00001165,ACCOUNT-001524,ACCOUNT-000679,49500,2026-08-24T17:48:00Z,IMPS,False,
BANK-TXN-00001166,ACCOUNT-000545,ACCOUNT-000244,7000,2026-07-06T11:29:00Z,IMPS,False,
BANK-TXN-00001167,ACCOUNT-001599,ACCOUNT-001806,28300,2026-07-08T11:01:00Z,UPI,False,
BANK-TXN-00001168,ACCOUNT-000221,ACCOUNT-001624,50600,2026-08-26T17:38:00Z,IMPS,False,
BANK-TXN-00001169,ACCOUNT-000485,ACCOUNT-000107,87700,2026-06-03T05:33:00Z,UPI,False,
BANK-TXN-00001170,ACCOUNT-000984,ACCOUNT-000593,31300,2026-07-23T11:12:00Z,IMPS,False,
BANK-TXN-00001171,ACCOUNT-001494,ACCOUNT-001048,1700,2026-08-05T15:11:00Z,RTGS,False,
BANK-TXN-00001172,ACCOUNT-000507,ACCOUNT-001365,4500,2026-07-05T16:15:00Z,IMPS,False,
BANK-TXN-00001173,ACCOUNT-001252,ACCOUNT-000372,6400,2026-08-04T00:23:00Z,UPI,False,
BANK-TXN-00001174,ACCOUNT-000822,ACCOUNT-000079,7700,2026-07-24T00:01:00Z,UPI,False,
BANK-TXN-00001175,ACCOUNT-000409,ACCOUNT-000187,15900,2026-08-22T13:27:00Z,UPI,False,
BANK-TXN-00001176,ACCOUNT-000873,ACCOUNT-000982,2000,2026-08-21T10:19:00Z,UPI,False,
BANK-TXN-00001177,ACCOUNT-000745,ACCOUNT-000575,11200,2026-07-15T07:45:00Z,UPI,False,
BANK-TXN-00001178,ACCOUNT-000002,ACCOUNT-000107,22000,2026-06-05T06:47:00Z,UPI,False,
BANK-TXN-00001179,ACCOUNT-001243,ACCOUNT-000207,18500,2026-07-04T16:29:00Z,UPI,False,
BANK-TXN-00001180,ACCOUNT-000199,ACCOUNT-001371,7100,2026-08-27T07:11:00Z,UPI,False,
BANK-TXN-00001181,ACCOUNT-001659,ACCOUNT-000741,9100,2026-06-14T10:37:00Z,UPI,False,
BANK-TXN-00001182,ACCOUNT-001197,ACCOUNT-000787,56100,2026-08-17T03:52:00Z,UPI,False,
BANK-TXN-00001183,ACCOUNT-001869,ACCOUNT-001811,48600,2026-06-06T05:48:00Z,UPI,False,
BANK-TXN-00001184,ACCOUNT-001929,ACCOUNT-001120,44400,2026-06-10T13:14:00Z,UPI,False,
BANK-TXN-00001185,ACCOUNT-001477,ACCOUNT-000315,86400,2026-08-23T17:34:00Z,UPI,False,
BANK-TXN-00001186,ACCOUNT-001797,ACCOUNT-001556,21400,2026-06-18T01:03:00Z,IMPS,False,
BANK-TXN-00001187,ACCOUNT-000241,ACCOUNT-001866,97600,2026-07-04T20:34:00Z,RTGS,False,
BANK-TXN-00001188,ACCOUNT-001620,ACCOUNT-000045,6800,2026-08-07T09:16:00Z,UPI,False,
BANK-TXN-00001189,ACCOUNT-001160,ACCOUNT-000125,37600,2026-06-01T16:08:00Z,IMPS,False,
BANK-TXN-00001190,ACCOUNT-001783,ACCOUNT-001052,69600,2026-08-19T17:12:00Z,IMPS,False,
BANK-TXN-00001191,ACCOUNT-000800,ACCOUNT-000821,1100,2026-06-12T15:49:00Z,IMPS,False,
BANK-TXN-00001192,ACCOUNT-001213,ACCOUNT-001427,73300,2026-08-27T03:10:00Z,UPI,False,
BANK-TXN-00001193,ACCOUNT-001476,ACCOUNT-001076,16800,2026-07-26T14:46:00Z,IMPS,False,
BANK-TXN-00001194,ACCOUNT-000351,ACCOUNT-000459,4100,2026-08-23T10:42:00Z,UPI,False,
BANK-TXN-00001195,ACCOUNT-001810,ACCOUNT-000569,4200,2026-08-11T15:10:00Z,RTGS,False,
BANK-TXN-00001196,ACCOUNT-001687,ACCOUNT-000431,19400,2026-06-21T17:19:00Z,UPI,False,
BANK-TXN-00001197,ACCOUNT-001939,ACCOUNT-001445,47900,2026-06-19T15:52:00Z,IMPS,False,
BANK-TXN-00001198,ACCOUNT-000665,ACCOUNT-000118,15600,2026-06-09T05:08:00Z,IMPS,False,
BANK-TXN-00001199,ACCOUNT-000573,ACCOUNT-000362,55400,2026-07-27T01:26:00Z,IMPS,False,
BANK-TXN-00001200,ACCOUNT-001410,ACCOUNT-000783,78200,2026-06-06T15:20:00Z,UPI,False,
BANK-TXN-00001201,ACCOUNT-000906,ACCOUNT-000452,28900,2026-07-18T15:23:00Z,UPI,False,
BANK-TXN-00001202,ACCOUNT-001495,ACCOUNT-001488,27300,2026-07-04T13:03:00Z,UPI,False,
BANK-TXN-00001203,ACCOUNT-000941,ACCOUNT-000379,9100,2026-08-06T16:29:00Z,UPI,False,
BANK-TXN-00001204,ACCOUNT-000636,ACCOUNT-000334,59600,2026-08-06T05:17:00Z,UPI,False,
BANK-TXN-00001205,ACCOUNT-000148,ACCOUNT-000874,27500,2026-07-28T11:19:00Z,IMPS,False,
BANK-TXN-00001206,ACCOUNT-000282,ACCOUNT-001489,25500,2026-08-27T09:36:00Z,UPI,False,
BANK-TXN-00001207,ACCOUNT-000028,ACCOUNT-001564,9900,2026-06-07T02:52:00Z,UPI,False,
BANK-TXN-00001208,ACCOUNT-000293,ACCOUNT-001923,700,2026-06-09T09:10:00Z,UPI,False,
BANK-TXN-00001209,ACCOUNT-001676,ACCOUNT-000694,95600,2026-08-18T16:30:00Z,UPI,False,
BANK-TXN-00001210,ACCOUNT-000335,ACCOUNT-000630,3500,2026-07-17T11:45:00Z,IMPS,False,
BANK-TXN-00001211,ACCOUNT-001286,ACCOUNT-001114,3500,2026-08-13T22:58:00Z,UPI,False,
BANK-TXN-00001212,ACCOUNT-001048,ACCOUNT-001816,5100,2026-07-06T17:02:00Z,UPI,False,
BANK-TXN-00001213,ACCOUNT-000790,ACCOUNT-000302,42500,2026-07-14T08:46:00Z,NEFT,False,
BANK-TXN-00001214,ACCOUNT-001686,ACCOUNT-001847,5600,2026-08-14T11:53:00Z,RTGS,False,
BANK-TXN-00001215,ACCOUNT-000578,ACCOUNT-000732,12100,2026-08-19T09:53:00Z,NEFT,False,
BANK-TXN-00001216,ACCOUNT-001239,ACCOUNT-000310,59200,2026-08-06T12:39:00Z,IMPS,False,
BANK-TXN-00001217,ACCOUNT-000308,ACCOUNT-001830,18900,2026-06-04T07:21:00Z,NEFT,False,
BANK-TXN-00001218,ACCOUNT-000556,ACCOUNT-001877,11900,2026-06-26T08:01:00Z,IMPS,False,
BANK-TXN-00001219,ACCOUNT-001765,ACCOUNT-001911,13700,2026-08-09T06:51:00Z,UPI,False,
BANK-TXN-00001220,ACCOUNT-001478,ACCOUNT-001632,71800,2026-06-28T05:53:00Z,RTGS,False,
BANK-TXN-00001221,ACCOUNT-000571,ACCOUNT-000297,9900,2026-08-17T14:52:00Z,UPI,False,
BANK-TXN-00001222,ACCOUNT-000654,ACCOUNT-001013,90600,2026-07-05T11:34:00Z,IMPS,False,
BANK-TXN-00001223,ACCOUNT-000284,ACCOUNT-001643,39000,2026-06-06T02:36:00Z,UPI,False,
BANK-TXN-00001224,ACCOUNT-001094,ACCOUNT-001009,27100,2026-06-21T10:46:00Z,IMPS,False,
BANK-TXN-00001225,ACCOUNT-000864,ACCOUNT-001080,9400,2026-06-16T06:09:00Z,UPI,False,
BANK-TXN-00001226,ACCOUNT-000741,ACCOUNT-000006,24200,2026-08-02T00:59:00Z,UPI,False,
BANK-TXN-00001227,ACCOUNT-000274,ACCOUNT-001887,13500,2026-08-14T20:38:00Z,UPI,False,
BANK-TXN-00001228,ACCOUNT-000296,ACCOUNT-001711,31200,2026-06-19T01:02:00Z,UPI,False,
BANK-TXN-00001229,ACCOUNT-000460,ACCOUNT-000115,7400,2026-08-11T17:16:00Z,IMPS,False,
BANK-TXN-00001230,ACCOUNT-001426,ACCOUNT-000870,53700,2026-07-12T21:54:00Z,UPI,False,
BANK-TXN-00001231,ACCOUNT-001217,ACCOUNT-001783,5500,2026-08-08T22:37:00Z,UPI,False,
BANK-TXN-00001232,ACCOUNT-000026,ACCOUNT-001166,44000,2026-07-06T17:49:00Z,UPI,False,
BANK-TXN-00001233,ACCOUNT-001081,ACCOUNT-001431,21300,2026-07-21T11:14:00Z,IMPS,False,
BANK-TXN-00001234,ACCOUNT-001424,ACCOUNT-000028,3900,2026-07-23T18:57:00Z,IMPS,False,
BANK-TXN-00001235,ACCOUNT-001031,ACCOUNT-000329,39100,2026-08-27T12:33:00Z,IMPS,False,
BANK-TXN-00001236,ACCOUNT-000529,ACCOUNT-001883,7700,2026-06-16T11:15:00Z,NEFT,False,
BANK-TXN-00001237,ACCOUNT-000557,ACCOUNT-000189,7500,2026-06-23T13:52:00Z,IMPS,False,
BANK-TXN-00001238,ACCOUNT-000449,ACCOUNT-000804,93000,2026-08-05T05:25:00Z,UPI,False,
BANK-TXN-00001239,ACCOUNT-001419,ACCOUNT-000960,46100,2026-06-28T14:19:00Z,UPI,False,
BANK-TXN-00001240,ACCOUNT-000112,ACCOUNT-001646,12700,2026-07-12T08:48:00Z,UPI,False,
BANK-TXN-00001241,ACCOUNT-000743,ACCOUNT-001236,8400,2026-07-17T22:42:00Z,UPI,False,
BANK-TXN-00001242,ACCOUNT-000434,ACCOUNT-001223,8500,2026-08-27T06:41:00Z,UPI,False,
BANK-TXN-00001243,ACCOUNT-001904,ACCOUNT-000067,52200,2026-07-29T15:24:00Z,IMPS,False,
BANK-TXN-00001244,ACCOUNT-001619,ACCOUNT-000991,10200,2026-08-23T21:55:00Z,RTGS,False,
BANK-TXN-00001245,ACCOUNT-001540,ACCOUNT-000579,43500,2026-07-09T11:40:00Z,UPI,False,
BANK-TXN-00001246,ACCOUNT-000266,ACCOUNT-001440,55100,2026-06-03T18:34:00Z,UPI,False,
BANK-TXN-00001247,ACCOUNT-001588,ACCOUNT-000308,40000,2026-08-25T09:36:00Z,NEFT,False,
BANK-TXN-00001248,ACCOUNT-000077,ACCOUNT-000595,4100,2026-08-08T17:31:00Z,UPI,False,
BANK-TXN-00001249,ACCOUNT-001472,ACCOUNT-000475,9900,2026-08-01T05:19:00Z,IMPS,False,
BANK-TXN-00001250,ACCOUNT-001028,ACCOUNT-001058,21400,2026-06-12T08:01:00Z,IMPS,False,
BANK-TXN-00001251,ACCOUNT-000695,ACCOUNT-000596,4600,2026-07-13T08:33:00Z,IMPS,False,
BANK-TXN-00001252,ACCOUNT-000794,ACCOUNT-000490,1000,2026-08-02T00:22:00Z,IMPS,False,
BANK-TXN-00001253,ACCOUNT-001019,ACCOUNT-000200,24000,2026-08-27T17:05:00Z,NEFT,False,
BANK-TXN-00001254,ACCOUNT-001634,ACCOUNT-001601,14300,2026-08-17T11:31:00Z,NEFT,False,
BANK-TXN-00001255,ACCOUNT-000331,ACCOUNT-000140,500,2026-07-24T09:38:00Z,UPI,False,
BANK-TXN-00001256,ACCOUNT-001581,ACCOUNT-000944,41600,2026-07-26T00:44:00Z,NEFT,False,
BANK-TXN-00001257,ACCOUNT-001925,ACCOUNT-000254,20200,2026-06-17T11:37:00Z,UPI,False,
BANK-TXN-00001258,ACCOUNT-001270,ACCOUNT-001879,93200,2026-06-02T17:37:00Z,IMPS,False,
BANK-TXN-00001259,ACCOUNT-000643,ACCOUNT-000766,31700,2026-08-18T07:28:00Z,NEFT,False,
BANK-TXN-00001260,ACCOUNT-001398,ACCOUNT-000088,9400,2026-06-10T01:57:00Z,NEFT,False,
BANK-TXN-00001261,ACCOUNT-000017,ACCOUNT-000317,70400,2026-08-15T14:50:00Z,NEFT,False,
BANK-TXN-00001262,ACCOUNT-000457,ACCOUNT-000796,36900,2026-06-30T08:38:00Z,IMPS,False,
BANK-TXN-00001263,ACCOUNT-001844,ACCOUNT-001676,2600,2026-06-30T18:49:00Z,IMPS,False,
BANK-TXN-00001264,ACCOUNT-000409,ACCOUNT-000823,74800,2026-07-17T20:39:00Z,UPI,False,
BANK-TXN-00001265,ACCOUNT-001519,ACCOUNT-000976,57900,2026-08-14T15:58:00Z,NEFT,False,
BANK-TXN-00001266,ACCOUNT-000299,ACCOUNT-001312,89600,2026-08-01T14:58:00Z,UPI,False,
BANK-TXN-00001267,ACCOUNT-001918,ACCOUNT-001656,5300,2026-07-13T06:30:00Z,UPI,False,
BANK-TXN-00001268,ACCOUNT-000047,ACCOUNT-001554,5500,2026-06-02T12:44:00Z,UPI,False,
BANK-TXN-00001269,ACCOUNT-000561,ACCOUNT-000830,47300,2026-08-18T14:15:00Z,UPI,False,
BANK-TXN-00001270,ACCOUNT-000439,ACCOUNT-001372,2800,2026-07-26T16:57:00Z,UPI,False,
BANK-TXN-00001271,ACCOUNT-001543,ACCOUNT-000609,37100,2026-08-07T16:34:00Z,UPI,False,
BANK-TXN-00001272,ACCOUNT-001606,ACCOUNT-000330,69900,2026-05-31T12:02:00Z,NEFT,False,
BANK-TXN-00001273,ACCOUNT-001149,ACCOUNT-001604,81500,2026-06-13T16:14:00Z,UPI,False,
BANK-TXN-00001274,ACCOUNT-001361,ACCOUNT-001687,48900,2026-07-19T23:03:00Z,UPI,False,
BANK-TXN-00001275,ACCOUNT-001771,ACCOUNT-000649,31700,2026-08-14T06:17:00Z,UPI,False,
BANK-TXN-00001276,ACCOUNT-000008,ACCOUNT-000923,54900,2026-08-12T08:20:00Z,UPI,False,
BANK-TXN-00001277,ACCOUNT-001528,ACCOUNT-000385,8800,2026-07-06T07:11:00Z,UPI,False,
BANK-TXN-00001278,ACCOUNT-000713,ACCOUNT-000430,2400,2026-08-04T01:24:00Z,NEFT,False,
BANK-TXN-00001279,ACCOUNT-000034,ACCOUNT-000619,4500,2026-07-20T11:05:00Z,UPI,False,
BANK-TXN-00001280,ACCOUNT-000934,ACCOUNT-000848,71800,2026-07-07T13:07:00Z,UPI,False,
BANK-TXN-00001281,ACCOUNT-001567,ACCOUNT-000688,34500,2026-08-14T02:31:00Z,UPI,False,
BANK-TXN-00001282,ACCOUNT-001219,ACCOUNT-000334,41200,2026-06-20T12:42:00Z,UPI,False,
BANK-TXN-00001283,ACCOUNT-001271,ACCOUNT-001921,600,2026-08-16T00:09:00Z,IMPS,False,
BANK-TXN-00001284,ACCOUNT-001263,ACCOUNT-001910,97400,2026-07-07T18:13:00Z,UPI,False,
BANK-TXN-00001285,ACCOUNT-001298,ACCOUNT-000910,20700,2026-06-25T09:58:00Z,UPI,False,
BANK-TXN-00001286,ACCOUNT-001592,ACCOUNT-000932,49300,2026-06-19T13:48:00Z,UPI,False,
BANK-TXN-00001287,ACCOUNT-001626,ACCOUNT-001872,25100,2026-06-30T12:08:00Z,NEFT,False,
BANK-TXN-00001288,ACCOUNT-001602,ACCOUNT-000459,17800,2026-06-25T14:04:00Z,NEFT,False,
BANK-TXN-00001289,ACCOUNT-001629,ACCOUNT-001863,25800,2026-07-06T09:00:00Z,UPI,False,
BANK-TXN-00001290,ACCOUNT-000315,ACCOUNT-001619,66200,2026-07-12T04:27:00Z,UPI,False,
BANK-TXN-00001291,ACCOUNT-001172,ACCOUNT-000881,8900,2026-07-29T10:35:00Z,IMPS,False,
BANK-TXN-00001292,ACCOUNT-001697,ACCOUNT-000106,50000,2026-06-16T12:20:00Z,IMPS,False,
BANK-TXN-00001293,ACCOUNT-000826,ACCOUNT-001852,5600,2026-07-19T10:33:00Z,IMPS,False,
BANK-TXN-00001294,ACCOUNT-000259,ACCOUNT-001033,46500,2026-08-13T08:10:00Z,IMPS,False,
BANK-TXN-00001295,ACCOUNT-001878,ACCOUNT-000533,5500,2026-06-19T17:40:00Z,UPI,False,
BANK-TXN-00001296,ACCOUNT-000896,ACCOUNT-000024,4000,2026-06-09T06:51:00Z,IMPS,False,
BANK-TXN-00001297,ACCOUNT-001886,ACCOUNT-000162,7900,2026-06-16T13:13:00Z,IMPS,False,
BANK-TXN-00001298,ACCOUNT-001593,ACCOUNT-000734,6900,2026-08-05T15:03:00Z,UPI,False,
BANK-TXN-00001299,ACCOUNT-001722,ACCOUNT-000503,1800,2026-07-11T06:18:00Z,UPI,False,
BANK-TXN-00001300,ACCOUNT-000295,ACCOUNT-001285,800,2026-08-26T08:23:00Z,UPI,False,
BANK-TXN-00001301,ACCOUNT-001221,ACCOUNT-000252,5500,2026-08-15T17:44:00Z,UPI,False,
BANK-TXN-00001302,ACCOUNT-001730,ACCOUNT-000741,2700,2026-08-02T13:29:00Z,UPI,False,
BANK-TXN-00001303,ACCOUNT-001282,ACCOUNT-000157,21500,2026-08-02T07:36:00Z,NEFT,False,
BANK-TXN-00001304,ACCOUNT-000369,ACCOUNT-000612,82300,2026-08-27T03:18:00Z,IMPS,False,
BANK-TXN-00001305,ACCOUNT-000065,ACCOUNT-000241,80700,2026-07-16T00:30:00Z,UPI,False,
BANK-TXN-00001306,ACCOUNT-000325,ACCOUNT-001069,51500,2026-07-27T02:48:00Z,UPI,False,
BANK-TXN-00001307,ACCOUNT-001061,ACCOUNT-001049,1400,2026-08-09T16:37:00Z,UPI,False,
BANK-TXN-00001308,ACCOUNT-000284,ACCOUNT-000451,17000,2026-08-18T07:52:00Z,UPI,False,
BANK-TXN-00001309,ACCOUNT-000189,ACCOUNT-000714,36100,2026-06-19T08:31:00Z,UPI,False,
BANK-TXN-00001310,ACCOUNT-000820,ACCOUNT-001889,20000,2026-08-04T15:48:00Z,UPI,False,
BANK-TXN-00001311,ACCOUNT-001625,ACCOUNT-001570,9600,2026-06-14T14:10:00Z,UPI,False,
BANK-TXN-00001312,ACCOUNT-001809,ACCOUNT-000914,12700,2026-07-05T09:43:00Z,IMPS,False,
BANK-TXN-00001313,ACCOUNT-000880,ACCOUNT-000410,2900,2026-06-17T13:03:00Z,UPI,False,
BANK-TXN-00001314,ACCOUNT-000070,ACCOUNT-001048,92300,2026-07-27T09:42:00Z,NEFT,False,
BANK-TXN-00001315,ACCOUNT-001947,ACCOUNT-001087,7000,2026-07-14T12:53:00Z,UPI,False,
BANK-TXN-00001316,ACCOUNT-000381,ACCOUNT-000733,19500,2026-07-28T20:18:00Z,UPI,False,
BANK-TXN-00001317,ACCOUNT-000644,ACCOUNT-000251,15400,2026-08-27T15:00:00Z,UPI,False,
BANK-TXN-00001318,ACCOUNT-001629,ACCOUNT-000659,15400,2026-07-30T10:36:00Z,UPI,False,
BANK-TXN-00001319,ACCOUNT-000211,ACCOUNT-001149,3700,2026-07-24T07:04:00Z,NEFT,False,
BANK-TXN-00001320,ACCOUNT-000864,ACCOUNT-001398,6200,2026-07-04T14:40:00Z,UPI,False,
BANK-TXN-00001321,ACCOUNT-001012,ACCOUNT-001022,800,2026-08-23T00:34:00Z,UPI,False,
BANK-TXN-00001322,ACCOUNT-001232,ACCOUNT-000670,1900,2026-06-14T13:24:00Z,UPI,False,
BANK-TXN-00001323,ACCOUNT-001605,ACCOUNT-001754,32200,2026-06-16T00:02:00Z,UPI,False,
BANK-TXN-00001324,ACCOUNT-000825,ACCOUNT-000076,10400,2026-06-21T02:58:00Z,UPI,False,
BANK-TXN-00001325,ACCOUNT-000195,ACCOUNT-001700,18800,2026-07-06T07:43:00Z,UPI,False,
BANK-TXN-00001326,ACCOUNT-001140,ACCOUNT-001587,32600,2026-07-19T11:57:00Z,IMPS,False,
BANK-TXN-00001327,ACCOUNT-000931,ACCOUNT-001011,12600,2026-06-07T01:53:00Z,UPI,False,
BANK-TXN-00001328,ACCOUNT-000098,ACCOUNT-001691,30700,2026-08-27T17:40:00Z,UPI,False,
BANK-TXN-00001329,ACCOUNT-000392,ACCOUNT-001483,4500,2026-07-12T05:26:00Z,NEFT,False,
BANK-TXN-00001330,ACCOUNT-000532,ACCOUNT-001810,1700,2026-08-23T18:41:00Z,UPI,False,
BANK-TXN-00001331,ACCOUNT-001255,ACCOUNT-001622,8700,2026-07-11T15:50:00Z,UPI,False,
BANK-TXN-00001332,ACCOUNT-000259,ACCOUNT-000654,41300,2026-08-10T06:04:00Z,UPI,False,
BANK-TXN-00001333,ACCOUNT-000251,ACCOUNT-001069,49900,2026-06-22T15:30:00Z,UPI,False,
BANK-TXN-00001334,ACCOUNT-001583,ACCOUNT-001497,12100,2026-06-28T16:44:00Z,UPI,False,
BANK-TXN-00001335,ACCOUNT-001712,ACCOUNT-001788,9400,2026-07-28T08:13:00Z,UPI,False,
BANK-TXN-00001336,ACCOUNT-001013,ACCOUNT-000124,45900,2026-08-01T23:47:00Z,UPI,False,
BANK-TXN-00001337,ACCOUNT-000999,ACCOUNT-000215,76300,2026-07-16T16:23:00Z,NEFT,False,
BANK-TXN-00001338,ACCOUNT-001558,ACCOUNT-001935,8200,2026-07-20T07:19:00Z,UPI,False,
BANK-TXN-00001339,ACCOUNT-000267,ACCOUNT-000449,76200,2026-07-13T13:32:00Z,UPI,False,
BANK-TXN-00001340,ACCOUNT-000820,ACCOUNT-000385,24700,2026-08-20T15:50:00Z,IMPS,False,
BANK-TXN-00001341,ACCOUNT-000302,ACCOUNT-000945,3000,2026-08-15T06:45:00Z,UPI,False,
BANK-TXN-00001342,ACCOUNT-000059,ACCOUNT-000976,13000,2026-06-05T10:38:00Z,NEFT,False,
BANK-TXN-00001343,ACCOUNT-000173,ACCOUNT-000726,72000,2026-07-04T16:35:00Z,UPI,False,
BANK-TXN-00001344,ACCOUNT-000109,ACCOUNT-000904,43700,2026-07-25T13:57:00Z,NEFT,False,
BANK-TXN-00001345,ACCOUNT-000398,ACCOUNT-000603,23500,2026-08-04T12:22:00Z,IMPS,False,
BANK-TXN-00001346,ACCOUNT-001063,ACCOUNT-000888,5700,2026-08-15T07:19:00Z,UPI,False,
BANK-TXN-00001347,ACCOUNT-000109,ACCOUNT-001834,3500,2026-08-24T09:45:00Z,UPI,False,
BANK-TXN-00001348,ACCOUNT-000464,ACCOUNT-001808,35000,2026-06-10T07:35:00Z,UPI,False,
BANK-TXN-00001349,ACCOUNT-001504,ACCOUNT-001688,10000,2026-06-01T15:47:00Z,UPI,False,
BANK-TXN-00001350,ACCOUNT-001305,ACCOUNT-000590,1200,2026-06-13T15:00:00Z,UPI,False,
BANK-TXN-00001351,ACCOUNT-001435,ACCOUNT-001275,6000,2026-06-28T06:06:00Z,UPI,False,
BANK-TXN-00001352,ACCOUNT-000143,ACCOUNT-000342,5000,2026-08-05T14:31:00Z,IMPS,False,
BANK-TXN-00001353,ACCOUNT-000877,ACCOUNT-000685,1100,2026-08-26T16:44:00Z,IMPS,False,
BANK-TXN-00001354,ACCOUNT-001748,ACCOUNT-000020,50000,2026-06-13T13:30:00Z,UPI,False,
BANK-TXN-00001355,ACCOUNT-000507,ACCOUNT-000968,84800,2026-08-14T21:59:00Z,RTGS,False,
BANK-TXN-00001356,ACCOUNT-001711,ACCOUNT-000468,9900,2026-06-22T11:12:00Z,UPI,False,
BANK-TXN-00001357,ACCOUNT-000624,ACCOUNT-001647,23900,2026-07-17T12:13:00Z,UPI,False,
BANK-TXN-00001358,ACCOUNT-000997,ACCOUNT-000520,17700,2026-07-13T11:08:00Z,IMPS,False,
BANK-TXN-00001359,ACCOUNT-001826,ACCOUNT-001061,74700,2026-06-05T04:03:00Z,UPI,False,
BANK-TXN-00001360,ACCOUNT-001405,ACCOUNT-001064,9200,2026-06-08T22:34:00Z,RTGS,False,
BANK-TXN-00001361,ACCOUNT-000732,ACCOUNT-001020,34200,2026-08-25T15:13:00Z,UPI,False,
BANK-TXN-00001362,ACCOUNT-000183,ACCOUNT-000397,96000,2026-07-11T08:43:00Z,NEFT,False,
BANK-TXN-00001363,ACCOUNT-001795,ACCOUNT-001080,18400,2026-08-06T15:17:00Z,UPI,False,
BANK-TXN-00001364,ACCOUNT-000855,ACCOUNT-001936,76600,2026-07-24T14:58:00Z,IMPS,False,
BANK-TXN-00001365,ACCOUNT-001709,ACCOUNT-001255,99500,2026-08-13T12:31:00Z,IMPS,False,
BANK-TXN-00001366,ACCOUNT-000711,ACCOUNT-000591,7900,2026-08-14T01:29:00Z,IMPS,False,
BANK-TXN-00001367,ACCOUNT-001072,ACCOUNT-000594,22400,2026-06-10T10:50:00Z,UPI,False,
BANK-TXN-00001368,ACCOUNT-001638,ACCOUNT-000604,13100,2026-08-27T11:47:00Z,UPI,False,
BANK-TXN-00001369,ACCOUNT-000627,ACCOUNT-000011,400,2026-07-04T13:07:00Z,UPI,False,
BANK-TXN-00001370,ACCOUNT-000718,ACCOUNT-001800,57900,2026-07-23T06:28:00Z,RTGS,False,
BANK-TXN-00001371,ACCOUNT-001461,ACCOUNT-000555,39900,2026-08-10T00:48:00Z,NEFT,False,
BANK-TXN-00001372,ACCOUNT-000596,ACCOUNT-000449,9300,2026-08-24T11:38:00Z,IMPS,False,
BANK-TXN-00001373,ACCOUNT-000866,ACCOUNT-000818,17900,2026-08-16T03:02:00Z,UPI,False,
BANK-TXN-00001374,ACCOUNT-000893,ACCOUNT-001391,6600,2026-07-18T05:52:00Z,UPI,False,
BANK-TXN-00001375,ACCOUNT-001136,ACCOUNT-000409,97400,2026-07-21T14:41:00Z,IMPS,False,
BANK-TXN-00001376,ACCOUNT-001118,ACCOUNT-000376,27400,2026-07-11T06:07:00Z,UPI,False,
BANK-TXN-00001377,ACCOUNT-000906,ACCOUNT-001422,21900,2026-07-19T11:17:00Z,UPI,False,
BANK-TXN-00001378,ACCOUNT-000956,ACCOUNT-000862,51300,2026-07-07T11:02:00Z,RTGS,False,
BANK-TXN-00001379,ACCOUNT-000863,ACCOUNT-000182,8700,2026-08-11T09:41:00Z,UPI,False,
BANK-TXN-00001380,ACCOUNT-000261,ACCOUNT-001272,11300,2026-06-20T03:04:00Z,IMPS,False,
BANK-TXN-00001381,ACCOUNT-000805,ACCOUNT-000258,73500,2026-07-08T08:31:00Z,NEFT,False,
BANK-TXN-00001382,ACCOUNT-000174,ACCOUNT-000113,2200,2026-07-25T05:19:00Z,IMPS,False,
BANK-TXN-00001383,ACCOUNT-001684,ACCOUNT-000596,800,2026-06-17T11:39:00Z,IMPS,False,
BANK-TXN-00001384,ACCOUNT-001382,ACCOUNT-001047,8500,2026-08-22T07:27:00Z,IMPS,False,
BANK-TXN-00001385,ACCOUNT-001015,ACCOUNT-000280,6900,2026-07-31T03:20:00Z,IMPS,False,
BANK-TXN-00001386,ACCOUNT-001473,ACCOUNT-001919,5700,2026-08-28T05:21:00Z,UPI,False,
BANK-TXN-00001387,ACCOUNT-000314,ACCOUNT-001237,5600,2026-08-13T10:45:00Z,UPI,False,
BANK-TXN-00001388,ACCOUNT-001706,ACCOUNT-001036,2000,2026-07-03T13:01:00Z,UPI,False,
BANK-TXN-00001389,ACCOUNT-000377,ACCOUNT-001680,21200,2026-07-29T04:26:00Z,NEFT,False,
BANK-TXN-00001390,ACCOUNT-001264,ACCOUNT-000253,5900,2026-07-04T17:59:00Z,NEFT,False,
BANK-TXN-00001391,ACCOUNT-001347,ACCOUNT-000493,60200,2026-08-07T10:16:00Z,UPI,False,
BANK-TXN-00001392,ACCOUNT-000594,ACCOUNT-000593,34400,2026-06-04T18:23:00Z,IMPS,False,
BANK-TXN-00001393,ACCOUNT-000802,ACCOUNT-000791,45800,2026-05-31T05:31:00Z,UPI,False,
BANK-TXN-00001394,ACCOUNT-000058,ACCOUNT-000581,3800,2026-07-01T17:36:00Z,UPI,False,
BANK-TXN-00001395,ACCOUNT-001322,ACCOUNT-001333,13500,2026-06-05T09:58:00Z,UPI,False,
BANK-TXN-00001396,ACCOUNT-001481,ACCOUNT-000939,22800,2026-07-24T23:50:00Z,NEFT,False,
BANK-TXN-00001397,ACCOUNT-001031,ACCOUNT-000432,38100,2026-07-15T03:27:00Z,UPI,False,
BANK-TXN-00001398,ACCOUNT-001344,ACCOUNT-000311,21700,2026-07-14T08:24:00Z,IMPS,False,
BANK-TXN-00001399,ACCOUNT-001612,ACCOUNT-000287,20000,2026-07-24T06:18:00Z,UPI,False,
BANK-TXN-00001400,ACCOUNT-001719,ACCOUNT-001322,83700,2026-06-28T13:30:00Z,UPI,False,
BANK-TXN-00001401,ACCOUNT-001452,ACCOUNT-001900,13300,2026-06-25T06:27:00Z,IMPS,False,
BANK-TXN-00001402,ACCOUNT-001206,ACCOUNT-001190,26700,2026-07-15T09:07:00Z,UPI,False,
BANK-TXN-00001403,ACCOUNT-001745,ACCOUNT-001501,3200,2026-08-08T15:18:00Z,NEFT,False,
BANK-TXN-00001404,ACCOUNT-000976,ACCOUNT-000663,5600,2026-07-30T00:09:00Z,NEFT,False,
BANK-TXN-00001405,ACCOUNT-000357,ACCOUNT-001492,400,2026-07-10T06:34:00Z,IMPS,False,
BANK-TXN-00001406,ACCOUNT-000235,ACCOUNT-000077,82300,2026-08-19T12:37:00Z,NEFT,False,
BANK-TXN-00001407,ACCOUNT-001892,ACCOUNT-000357,28400,2026-07-18T18:32:00Z,RTGS,False,
BANK-TXN-00001408,ACCOUNT-001176,ACCOUNT-001140,42300,2026-08-03T16:29:00Z,UPI,False,
BANK-TXN-00001409,ACCOUNT-000413,ACCOUNT-001520,5500,2026-08-08T12:27:00Z,IMPS,False,
BANK-TXN-00001410,ACCOUNT-001289,ACCOUNT-001370,5000,2026-08-16T16:09:00Z,UPI,False,
BANK-TXN-00001411,ACCOUNT-000836,ACCOUNT-001164,9300,2026-06-20T04:39:00Z,IMPS,False,
BANK-TXN-00001412,ACCOUNT-001866,ACCOUNT-001492,8600,2026-06-07T10:48:00Z,NEFT,False,
BANK-TXN-00001413,ACCOUNT-001026,ACCOUNT-000722,5400,2026-07-14T09:25:00Z,UPI,False,
BANK-TXN-00001414,ACCOUNT-001281,ACCOUNT-000771,65200,2026-08-19T09:52:00Z,UPI,False,
BANK-TXN-00001415,ACCOUNT-001022,ACCOUNT-000473,1500,2026-08-22T09:39:00Z,NEFT,False,
BANK-TXN-00001416,ACCOUNT-000594,ACCOUNT-001889,1100,2026-07-27T13:38:00Z,RTGS,False,
BANK-TXN-00001417,ACCOUNT-000154,ACCOUNT-001095,75600,2026-06-16T15:27:00Z,UPI,False,
BANK-TXN-00001418,ACCOUNT-001267,ACCOUNT-000117,74100,2026-06-20T07:53:00Z,NEFT,False,
BANK-TXN-00001419,ACCOUNT-000539,ACCOUNT-001338,15100,2026-08-25T22:34:00Z,UPI,False,
BANK-TXN-00001420,ACCOUNT-001567,ACCOUNT-000122,11500,2026-08-11T16:08:00Z,UPI,False,
BANK-TXN-00001421,ACCOUNT-000150,ACCOUNT-001650,2300,2026-06-17T03:16:00Z,RTGS,False,
BANK-TXN-00001422,ACCOUNT-001946,ACCOUNT-000853,3600,2026-06-13T06:01:00Z,UPI,False,
BANK-TXN-00001423,ACCOUNT-000266,ACCOUNT-000555,61500,2026-08-23T18:29:00Z,IMPS,False,
BANK-TXN-00001424,ACCOUNT-000884,ACCOUNT-000979,5100,2026-07-21T06:04:00Z,NEFT,False,
BANK-TXN-00001425,ACCOUNT-000054,ACCOUNT-001585,42400,2026-08-03T10:05:00Z,IMPS,False,
BANK-TXN-00001426,ACCOUNT-000038,ACCOUNT-001132,42800,2026-06-28T21:11:00Z,UPI,False,
BANK-TXN-00001427,ACCOUNT-001437,ACCOUNT-000875,4000,2026-06-19T17:32:00Z,RTGS,False,
BANK-TXN-00001428,ACCOUNT-000754,ACCOUNT-000721,1600,2026-08-04T13:02:00Z,UPI,False,
BANK-TXN-00001429,ACCOUNT-001206,ACCOUNT-000021,79000,2026-07-30T12:12:00Z,UPI,False,
BANK-TXN-00001430,ACCOUNT-001643,ACCOUNT-000031,900,2026-07-28T05:56:00Z,UPI,False,
BANK-TXN-00001431,ACCOUNT-000579,ACCOUNT-000090,6800,2026-07-19T13:19:00Z,UPI,False,
BANK-TXN-00001432,ACCOUNT-000815,ACCOUNT-000981,1700,2026-06-05T17:56:00Z,NEFT,False,
BANK-TXN-00001433,ACCOUNT-000422,ACCOUNT-001014,7800,2026-07-14T03:06:00Z,IMPS,False,
BANK-TXN-00001434,ACCOUNT-001929,ACCOUNT-000752,8300,2026-06-19T14:19:00Z,NEFT,False,
BANK-TXN-00001435,ACCOUNT-000654,ACCOUNT-001430,20500,2026-06-20T11:57:00Z,IMPS,False,
BANK-TXN-00001436,ACCOUNT-001274,ACCOUNT-000996,8300,2026-07-24T19:02:00Z,UPI,False,
BANK-TXN-00001437,ACCOUNT-001520,ACCOUNT-001133,5200,2026-08-02T17:14:00Z,RTGS,False,
BANK-TXN-00001438,ACCOUNT-001431,ACCOUNT-000902,3200,2026-06-06T06:53:00Z,NEFT,False,
BANK-TXN-00001439,ACCOUNT-000554,ACCOUNT-000570,400,2026-06-14T13:08:00Z,UPI,False,
BANK-TXN-00001440,ACCOUNT-001249,ACCOUNT-000787,36300,2026-06-26T23:36:00Z,UPI,False,
BANK-TXN-00001441,ACCOUNT-000422,ACCOUNT-000777,4300,2026-08-05T08:26:00Z,UPI,False,
BANK-TXN-00001442,ACCOUNT-001110,ACCOUNT-001563,88600,2026-07-15T02:02:00Z,NEFT,False,
BANK-TXN-00001443,ACCOUNT-001890,ACCOUNT-001697,9800,2026-07-26T05:23:00Z,UPI,False,
BANK-TXN-00001444,ACCOUNT-001487,ACCOUNT-001699,700,2026-06-10T12:33:00Z,IMPS,False,
BANK-TXN-00001445,ACCOUNT-001951,ACCOUNT-001478,35800,2026-06-03T14:26:00Z,IMPS,False,
BANK-TXN-00001446,ACCOUNT-001164,ACCOUNT-001575,44000,2026-06-23T15:36:00Z,RTGS,False,
BANK-TXN-00001447,ACCOUNT-000488,ACCOUNT-000271,12100,2026-08-27T15:17:00Z,RTGS,False,
BANK-TXN-00001448,ACCOUNT-001580,ACCOUNT-001112,4000,2026-07-22T14:35:00Z,UPI,False,
BANK-TXN-00001449,ACCOUNT-000551,ACCOUNT-001351,50600,2026-07-27T06:09:00Z,UPI,False,
BANK-TXN-00001450,ACCOUNT-001165,ACCOUNT-001354,7800,2026-07-18T04:06:00Z,UPI,False,
BANK-TXN-00001451,ACCOUNT-000901,ACCOUNT-000019,41300,2026-06-30T22:38:00Z,NEFT,False,
BANK-TXN-00001452,ACCOUNT-000447,ACCOUNT-000837,24100,2026-08-21T09:55:00Z,UPI,False,
BANK-TXN-00001453,ACCOUNT-000132,ACCOUNT-000903,16600,2026-08-05T15:10:00Z,NEFT,False,
BANK-TXN-00001454,ACCOUNT-000261,ACCOUNT-000466,83500,2026-06-09T16:05:00Z,UPI,False,
BANK-TXN-00001455,ACCOUNT-000235,ACCOUNT-001341,39800,2026-08-24T16:28:00Z,UPI,False,
BANK-TXN-00001456,ACCOUNT-001134,ACCOUNT-001470,16500,2026-07-30T20:15:00Z,UPI,False,
BANK-TXN-00001457,ACCOUNT-001731,ACCOUNT-001757,62000,2026-07-14T10:58:00Z,UPI,False,
BANK-TXN-00001458,ACCOUNT-000159,ACCOUNT-001039,6300,2026-07-03T18:56:00Z,UPI,False,
BANK-TXN-00001459,ACCOUNT-000761,ACCOUNT-001699,47400,2026-06-02T12:19:00Z,UPI,False,
BANK-TXN-00001460,ACCOUNT-000051,ACCOUNT-000669,47900,2026-06-12T06:39:00Z,IMPS,False,
BANK-TXN-00001461,ACCOUNT-000964,ACCOUNT-001931,11100,2026-07-22T09:50:00Z,UPI,False,
BANK-TXN-00001462,ACCOUNT-000308,ACCOUNT-001868,7000,2026-06-14T22:22:00Z,UPI,False,
BANK-TXN-00001463,ACCOUNT-001600,ACCOUNT-001520,15500,2026-06-24T06:15:00Z,UPI,False,
BANK-TXN-00001464,ACCOUNT-001194,ACCOUNT-000067,500,2026-06-05T07:36:00Z,RTGS,False,
BANK-TXN-00001465,ACCOUNT-000460,ACCOUNT-001158,87500,2026-06-25T00:20:00Z,UPI,False,
BANK-TXN-00001466,ACCOUNT-001502,ACCOUNT-000249,41800,2026-06-22T05:22:00Z,UPI,False,
BANK-TXN-00001467,ACCOUNT-000904,ACCOUNT-000650,16200,2026-07-25T16:24:00Z,UPI,False,
BANK-TXN-00001468,ACCOUNT-001637,ACCOUNT-001573,4500,2026-07-13T15:40:00Z,UPI,False,
BANK-TXN-00001469,ACCOUNT-001501,ACCOUNT-001803,75800,2026-07-07T13:38:00Z,UPI,False,
BANK-TXN-00001470,ACCOUNT-000742,ACCOUNT-001339,30800,2026-06-28T09:32:00Z,IMPS,False,
BANK-TXN-00001471,ACCOUNT-001694,ACCOUNT-000257,42200,2026-06-21T15:02:00Z,IMPS,False,
BANK-TXN-00001472,ACCOUNT-000283,ACCOUNT-001241,13000,2026-07-26T05:39:00Z,UPI,False,
BANK-TXN-00001473,ACCOUNT-000863,ACCOUNT-001035,6100,2026-08-10T09:20:00Z,NEFT,False,
BANK-TXN-00001474,ACCOUNT-000032,ACCOUNT-000342,86400,2026-08-13T12:12:00Z,NEFT,False,
BANK-TXN-00001475,ACCOUNT-001522,ACCOUNT-000207,25600,2026-08-12T03:07:00Z,IMPS,False,
BANK-TXN-00001476,ACCOUNT-000150,ACCOUNT-000272,48100,2026-06-24T04:02:00Z,UPI,False,
BANK-TXN-00001477,ACCOUNT-000262,ACCOUNT-000824,13000,2026-05-31T10:15:00Z,UPI,False,
BANK-TXN-00001478,ACCOUNT-001690,ACCOUNT-001840,4700,2026-07-16T09:21:00Z,UPI,False,
BANK-TXN-00001479,ACCOUNT-001513,ACCOUNT-001886,41100,2026-07-14T01:02:00Z,UPI,False,
BANK-TXN-00001480,ACCOUNT-001710,ACCOUNT-000893,9600,2026-07-22T06:16:00Z,UPI,False,
BANK-TXN-00001481,ACCOUNT-001569,ACCOUNT-001208,3800,2026-06-24T19:03:00Z,IMPS,False,
BANK-TXN-00001482,ACCOUNT-001381,ACCOUNT-001330,8200,2026-07-01T13:32:00Z,IMPS,False,
BANK-TXN-00001483,ACCOUNT-000573,ACCOUNT-001935,11200,2026-08-16T15:29:00Z,IMPS,False,
BANK-TXN-00001484,ACCOUNT-001838,ACCOUNT-001076,32300,2026-06-15T11:01:00Z,UPI,False,
BANK-TXN-00001485,ACCOUNT-000653,ACCOUNT-001551,7700,2026-08-06T01:58:00Z,UPI,False,
BANK-TXN-00001486,ACCOUNT-001178,ACCOUNT-001802,14200,2026-06-11T14:38:00Z,UPI,False,
BANK-TXN-00001487,ACCOUNT-000561,ACCOUNT-000997,16600,2026-07-03T16:50:00Z,RTGS,False,
BANK-TXN-00001488,ACCOUNT-001544,ACCOUNT-000218,1400,2026-07-30T08:51:00Z,IMPS,False,
BANK-TXN-00001489,ACCOUNT-001042,ACCOUNT-001546,3500,2026-08-07T22:03:00Z,UPI,False,
BANK-TXN-00001490,ACCOUNT-000400,ACCOUNT-000014,15200,2026-06-27T04:59:00Z,UPI,False,
BANK-TXN-00001491,ACCOUNT-001942,ACCOUNT-001170,7900,2026-07-05T07:27:00Z,UPI,False,
BANK-TXN-00001492,ACCOUNT-000225,ACCOUNT-001467,31700,2026-08-13T12:33:00Z,UPI,False,
BANK-TXN-00001493,ACCOUNT-000281,ACCOUNT-000571,4800,2026-06-04T17:38:00Z,IMPS,False,
BANK-TXN-00001494,ACCOUNT-001490,ACCOUNT-000153,21600,2026-07-18T17:39:00Z,IMPS,False,
BANK-TXN-00001495,ACCOUNT-001051,ACCOUNT-001377,2800,2026-08-19T07:40:00Z,UPI,False,
BANK-TXN-00001496,ACCOUNT-001445,ACCOUNT-001627,83800,2026-06-23T14:07:00Z,NEFT,False,
BANK-TXN-00001497,ACCOUNT-001283,ACCOUNT-000073,8700,2026-06-08T08:45:00Z,UPI,False,
BANK-TXN-00001498,ACCOUNT-001932,ACCOUNT-000451,8100,2026-06-03T16:30:00Z,NEFT,False,
BANK-TXN-00001499,ACCOUNT-001503,ACCOUNT-001018,3400,2026-07-23T17:20:00Z,NEFT,False,
BANK-TXN-00001500,ACCOUNT-001535,ACCOUNT-000439,81200,2026-08-28T12:29:00Z,UPI,False,
BANK-TXN-00001501,ACCOUNT-000365,ACCOUNT-000080,41100,2026-07-06T07:21:00Z,IMPS,False,
BANK-TXN-00001502,ACCOUNT-001307,ACCOUNT-000715,15900,2026-06-28T10:49:00Z,NEFT,False,
BANK-TXN-00001503,ACCOUNT-001369,ACCOUNT-000994,68200,2026-06-27T05:35:00Z,UPI,False,
BANK-TXN-00001504,ACCOUNT-000606,ACCOUNT-000198,20700,2026-07-31T18:04:00Z,RTGS,False,
BANK-TXN-00001505,ACCOUNT-000667,ACCOUNT-000507,49400,2026-06-05T12:49:00Z,UPI,False,
BANK-TXN-00001506,ACCOUNT-000233,ACCOUNT-000712,46500,2026-05-31T12:52:00Z,NEFT,False,
BANK-TXN-00001507,ACCOUNT-001002,ACCOUNT-001231,16800,2026-07-07T07:59:00Z,UPI,False,
BANK-TXN-00001508,ACCOUNT-001823,ACCOUNT-001743,16600,2026-07-07T20:11:00Z,IMPS,False,
BANK-TXN-00001509,ACCOUNT-000843,ACCOUNT-000802,1800,2026-07-03T12:44:00Z,UPI,False,
BANK-TXN-00001510,ACCOUNT-000449,ACCOUNT-000696,35400,2026-06-08T05:41:00Z,UPI,False,
BANK-TXN-00001511,ACCOUNT-001794,ACCOUNT-000342,4000,2026-06-21T16:20:00Z,IMPS,False,
BANK-TXN-00001512,ACCOUNT-000265,ACCOUNT-001239,2500,2026-06-20T22:14:00Z,UPI,False,
BANK-TXN-00001513,ACCOUNT-001444,ACCOUNT-000683,4200,2026-07-14T06:25:00Z,UPI,False,
BANK-TXN-00001514,ACCOUNT-000432,ACCOUNT-000742,70200,2026-06-21T16:50:00Z,NEFT,False,
BANK-TXN-00001515,ACCOUNT-000470,ACCOUNT-000595,30500,2026-08-08T02:39:00Z,IMPS,False,
BANK-TXN-00001516,ACCOUNT-000510,ACCOUNT-001926,55200,2026-08-27T22:59:00Z,UPI,False,
BANK-TXN-00001517,ACCOUNT-001621,ACCOUNT-000994,1500,2026-08-23T17:41:00Z,IMPS,False,
BANK-TXN-00001518,ACCOUNT-001410,ACCOUNT-000507,41700,2026-08-24T15:53:00Z,UPI,False,
BANK-TXN-00001519,ACCOUNT-001676,ACCOUNT-001517,3300,2026-07-25T04:56:00Z,IMPS,False,
BANK-TXN-00001520,ACCOUNT-001562,ACCOUNT-001501,80900,2026-07-06T22:13:00Z,NEFT,False,
BANK-TXN-00001521,ACCOUNT-000196,ACCOUNT-001508,93900,2026-06-14T05:48:00Z,UPI,False,
BANK-TXN-00001522,ACCOUNT-000663,ACCOUNT-000871,21700,2026-06-24T06:41:00Z,UPI,False,
BANK-TXN-00001523,ACCOUNT-000542,ACCOUNT-001344,27300,2026-06-16T11:42:00Z,UPI,False,
BANK-TXN-00001524,ACCOUNT-000833,ACCOUNT-001149,75900,2026-07-24T11:02:00Z,UPI,False,
BANK-TXN-00001525,ACCOUNT-000036,ACCOUNT-001018,86500,2026-07-09T01:12:00Z,UPI,False,
BANK-TXN-00001526,ACCOUNT-000459,ACCOUNT-001184,34400,2026-08-25T12:46:00Z,UPI,False,
BANK-TXN-00001527,ACCOUNT-000224,ACCOUNT-001317,700,2026-07-20T14:09:00Z,IMPS,False,
BANK-TXN-00001528,ACCOUNT-000426,ACCOUNT-001772,7500,2026-06-27T09:55:00Z,IMPS,False,
BANK-TXN-00001529,ACCOUNT-000970,ACCOUNT-001072,31400,2026-06-17T06:57:00Z,UPI,False,
BANK-TXN-00001530,ACCOUNT-001517,ACCOUNT-000692,80600,2026-08-09T22:16:00Z,UPI,False,
BANK-TXN-00001531,ACCOUNT-000012,ACCOUNT-000550,38900,2026-06-01T16:25:00Z,UPI,False,
BANK-TXN-00001532,ACCOUNT-001336,ACCOUNT-000483,78400,2026-07-18T11:30:00Z,NEFT,False,
BANK-TXN-00001533,ACCOUNT-001502,ACCOUNT-000167,28200,2026-08-15T12:56:00Z,IMPS,False,
BANK-TXN-00001534,ACCOUNT-000332,ACCOUNT-001065,300,2026-08-13T17:32:00Z,NEFT,False,
BANK-TXN-00001535,ACCOUNT-001015,ACCOUNT-000350,9700,2026-06-09T05:29:00Z,NEFT,False,
BANK-TXN-00001536,ACCOUNT-000857,ACCOUNT-000818,16900,2026-08-27T14:33:00Z,UPI,False,
BANK-TXN-00001537,ACCOUNT-001260,ACCOUNT-001822,6800,2026-07-12T10:50:00Z,UPI,False,
BANK-TXN-00001538,ACCOUNT-000419,ACCOUNT-001645,80900,2026-06-11T01:37:00Z,UPI,False,
BANK-TXN-00001539,ACCOUNT-000948,ACCOUNT-000432,6000,2026-07-17T02:14:00Z,UPI,False,
BANK-TXN-00001540,ACCOUNT-001699,ACCOUNT-000971,8000,2026-08-27T14:49:00Z,UPI,False,
BANK-TXN-00001541,ACCOUNT-000012,ACCOUNT-000639,3500,2026-05-31T16:16:00Z,UPI,False,
BANK-TXN-00001542,ACCOUNT-000194,ACCOUNT-000126,2300,2026-06-10T11:50:00Z,IMPS,False,
BANK-TXN-00001543,ACCOUNT-001810,ACCOUNT-000463,6700,2026-07-15T08:01:00Z,UPI,False,
BANK-TXN-00001544,ACCOUNT-001867,ACCOUNT-001778,20300,2026-07-05T09:41:00Z,NEFT,False,
BANK-TXN-00001545,ACCOUNT-001150,ACCOUNT-001109,57800,2026-06-07T08:56:00Z,UPI,False,
BANK-TXN-00001546,ACCOUNT-000444,ACCOUNT-000574,8300,2026-08-06T15:54:00Z,IMPS,False,
BANK-TXN-00001547,ACCOUNT-001569,ACCOUNT-000785,80900,2026-07-17T09:06:00Z,UPI,False,
BANK-TXN-00001548,ACCOUNT-001654,ACCOUNT-001510,6000,2026-06-11T08:30:00Z,UPI,False,
BANK-TXN-00001549,ACCOUNT-000475,ACCOUNT-000444,5900,2026-08-17T02:21:00Z,UPI,False,
BANK-TXN-00001550,ACCOUNT-001792,ACCOUNT-000001,8200,2026-07-18T19:57:00Z,NEFT,False,
BANK-TXN-00001551,ACCOUNT-000872,ACCOUNT-001362,1600,2026-06-29T14:28:00Z,IMPS,False,
BANK-TXN-00001552,ACCOUNT-000773,ACCOUNT-001585,23300,2026-07-10T07:38:00Z,UPI,False,
BANK-TXN-00001553,ACCOUNT-000161,ACCOUNT-001809,13600,2026-06-12T04:50:00Z,NEFT,False,
BANK-TXN-00001554,ACCOUNT-001148,ACCOUNT-000905,3600,2026-06-27T07:44:00Z,NEFT,False,
BANK-TXN-00001555,ACCOUNT-001336,ACCOUNT-000714,44700,2026-08-06T22:37:00Z,IMPS,False,
BANK-TXN-00001556,ACCOUNT-001492,ACCOUNT-000869,7400,2026-08-01T09:04:00Z,UPI,False,
BANK-TXN-00001557,ACCOUNT-001912,ACCOUNT-001532,59900,2026-08-27T16:37:00Z,UPI,False,
BANK-TXN-00001558,ACCOUNT-000636,ACCOUNT-000673,22800,2026-08-16T02:02:00Z,NEFT,False,
BANK-TXN-00001559,ACCOUNT-001243,ACCOUNT-000560,35100,2026-08-24T08:19:00Z,UPI,False,
BANK-TXN-00001560,ACCOUNT-001425,ACCOUNT-001443,92100,2026-07-27T15:57:00Z,UPI,False,
BANK-TXN-00001561,ACCOUNT-001471,ACCOUNT-001900,37500,2026-06-29T00:20:00Z,UPI,False,
BANK-TXN-00001562,ACCOUNT-001536,ACCOUNT-001792,300,2026-06-07T06:09:00Z,UPI,False,
BANK-TXN-00001563,ACCOUNT-001256,ACCOUNT-001832,5500,2026-08-09T07:49:00Z,UPI,False,
BANK-TXN-00001564,ACCOUNT-001733,ACCOUNT-000245,2100,2026-08-21T12:15:00Z,UPI,False,
BANK-TXN-00001565,ACCOUNT-001115,ACCOUNT-000569,2200,2026-08-04T08:13:00Z,NEFT,False,
BANK-TXN-00001566,ACCOUNT-001738,ACCOUNT-001843,86900,2026-07-19T03:50:00Z,NEFT,False,
BANK-TXN-00001567,ACCOUNT-001058,ACCOUNT-000030,500,2026-06-04T12:07:00Z,UPI,False,
BANK-TXN-00001568,ACCOUNT-001560,ACCOUNT-001028,7800,2026-08-10T07:55:00Z,UPI,False,
BANK-TXN-00001569,ACCOUNT-001247,ACCOUNT-000407,2000,2026-06-01T11:49:00Z,UPI,False,
BANK-TXN-00001570,ACCOUNT-000719,ACCOUNT-000242,3700,2026-07-16T11:07:00Z,NEFT,False,
BANK-TXN-00001571,ACCOUNT-000181,ACCOUNT-000239,7000,2026-08-17T16:55:00Z,IMPS,False,
BANK-TXN-00001572,ACCOUNT-000042,ACCOUNT-001571,21700,2026-08-07T06:47:00Z,UPI,False,
BANK-TXN-00001573,ACCOUNT-001484,ACCOUNT-001932,9700,2026-07-28T14:17:00Z,IMPS,False,
BANK-TXN-00001574,ACCOUNT-000272,ACCOUNT-000636,6700,2026-08-22T13:42:00Z,UPI,False,
BANK-TXN-00001575,ACCOUNT-000647,ACCOUNT-000848,6100,2026-07-31T04:43:00Z,RTGS,False,
BANK-TXN-00001576,ACCOUNT-000532,ACCOUNT-001429,24800,2026-07-03T15:29:00Z,UPI,False,
BANK-TXN-00001577,ACCOUNT-001582,ACCOUNT-001315,5200,2026-06-23T12:20:00Z,NEFT,False,
BANK-TXN-00001578,ACCOUNT-001199,ACCOUNT-000790,33800,2026-08-09T10:47:00Z,IMPS,False,
BANK-TXN-00001579,ACCOUNT-001397,ACCOUNT-001631,78200,2026-07-23T16:16:00Z,NEFT,False,
BANK-TXN-00001580,ACCOUNT-001627,ACCOUNT-000551,15500,2026-08-17T10:47:00Z,UPI,False,
BANK-TXN-00001581,ACCOUNT-000065,ACCOUNT-001889,8000,2026-08-14T10:20:00Z,UPI,False,
BANK-TXN-00001582,ACCOUNT-001202,ACCOUNT-000662,96100,2026-07-12T10:18:00Z,UPI,False,
BANK-TXN-00001583,ACCOUNT-001437,ACCOUNT-000215,1100,2026-06-09T13:03:00Z,UPI,False,
BANK-TXN-00001584,ACCOUNT-000686,ACCOUNT-000690,17800,2026-06-07T03:49:00Z,UPI,False,
BANK-TXN-00001585,ACCOUNT-001120,ACCOUNT-000382,40100,2026-08-26T12:21:00Z,IMPS,False,
BANK-TXN-00001586,ACCOUNT-000891,ACCOUNT-001497,19500,2026-07-08T11:45:00Z,IMPS,False,
BANK-TXN-00001587,ACCOUNT-000989,ACCOUNT-001390,9800,2026-07-08T14:01:00Z,NEFT,False,
BANK-TXN-00001588,ACCOUNT-001899,ACCOUNT-001039,24700,2026-08-15T12:11:00Z,UPI,False,
BANK-TXN-00001589,ACCOUNT-000059,ACCOUNT-000336,99400,2026-06-24T17:41:00Z,IMPS,False,
BANK-TXN-00001590,ACCOUNT-001074,ACCOUNT-000407,11300,2026-06-17T06:52:00Z,RTGS,False,
BANK-TXN-00001591,ACCOUNT-000634,ACCOUNT-001624,29200,2026-08-10T05:31:00Z,UPI,False,
BANK-TXN-00001592,ACCOUNT-001349,ACCOUNT-000303,12000,2026-08-03T03:41:00Z,UPI,False,
BANK-TXN-00001593,ACCOUNT-001757,ACCOUNT-000417,9300,2026-07-04T19:45:00Z,IMPS,False,
BANK-TXN-00001594,ACCOUNT-001589,ACCOUNT-000767,3100,2026-08-28T11:38:00Z,UPI,False,
BANK-TXN-00001595,ACCOUNT-000808,ACCOUNT-001432,46200,2026-08-01T02:18:00Z,UPI,False,
BANK-TXN-00001596,ACCOUNT-000498,ACCOUNT-001563,7500,2026-08-16T13:40:00Z,IMPS,False,
BANK-TXN-00001597,ACCOUNT-001840,ACCOUNT-000580,70100,2026-06-03T07:33:00Z,UPI,False,
BANK-TXN-00001598,ACCOUNT-000711,ACCOUNT-001001,1500,2026-06-04T06:23:00Z,NEFT,False,
BANK-TXN-00001599,ACCOUNT-000365,ACCOUNT-001573,92100,2026-07-29T13:39:00Z,UPI,False,
BANK-TXN-00001600,ACCOUNT-001228,ACCOUNT-001540,5800,2026-07-09T02:19:00Z,UPI,False,
BANK-TXN-00001601,ACCOUNT-000091,ACCOUNT-000433,41700,2026-07-21T12:39:00Z,UPI,False,
BANK-TXN-00001602,ACCOUNT-000309,ACCOUNT-000584,25800,2026-07-20T13:08:00Z,UPI,False,
BANK-TXN-00001603,ACCOUNT-000864,ACCOUNT-000368,3000,2026-08-08T12:27:00Z,NEFT,False,
BANK-TXN-00001604,ACCOUNT-000710,ACCOUNT-001406,1100,2026-08-16T08:35:00Z,UPI,False,
BANK-TXN-00001605,ACCOUNT-001177,ACCOUNT-001039,41700,2026-07-10T08:00:00Z,RTGS,False,
BANK-TXN-00001606,ACCOUNT-000823,ACCOUNT-000866,3900,2026-08-22T14:44:00Z,NEFT,False,
BANK-TXN-00001607,ACCOUNT-001861,ACCOUNT-000923,23600,2026-06-25T13:30:00Z,RTGS,False,
BANK-TXN-00001608,ACCOUNT-000229,ACCOUNT-001609,47200,2026-08-06T01:26:00Z,IMPS,False,
BANK-TXN-00001609,ACCOUNT-000308,ACCOUNT-000015,63200,2026-07-16T01:15:00Z,UPI,False,
BANK-TXN-00001610,ACCOUNT-001665,ACCOUNT-001259,11000,2026-07-01T12:31:00Z,UPI,False,
BANK-TXN-00001611,ACCOUNT-001003,ACCOUNT-000943,16400,2026-07-13T21:22:00Z,UPI,False,
BANK-TXN-00001612,ACCOUNT-001383,ACCOUNT-000607,19100,2026-08-25T10:49:00Z,UPI,False,
BANK-TXN-00001613,ACCOUNT-000915,ACCOUNT-000665,2300,2026-07-21T08:22:00Z,IMPS,False,
BANK-TXN-00001614,ACCOUNT-001089,ACCOUNT-001513,54800,2026-07-09T15:55:00Z,UPI,False,
BANK-TXN-00001615,ACCOUNT-000297,ACCOUNT-001297,21700,2026-06-26T12:43:00Z,IMPS,False,
BANK-TXN-00001616,ACCOUNT-000500,ACCOUNT-001882,2100,2026-06-22T09:58:00Z,UPI,False,
BANK-TXN-00001617,ACCOUNT-000301,ACCOUNT-001248,38100,2026-06-08T05:54:00Z,RTGS,False,
BANK-TXN-00001618,ACCOUNT-000162,ACCOUNT-000692,25500,2026-06-08T06:33:00Z,UPI,False,
BANK-TXN-00001619,ACCOUNT-001530,ACCOUNT-000527,49700,2026-06-06T06:55:00Z,UPI,False,
BANK-TXN-00001620,ACCOUNT-000393,ACCOUNT-001170,77600,2026-07-26T00:21:00Z,NEFT,False,
BANK-TXN-00001621,ACCOUNT-000500,ACCOUNT-001422,9800,2026-08-22T13:30:00Z,NEFT,False,
BANK-TXN-00001622,ACCOUNT-000563,ACCOUNT-001530,84300,2026-06-01T06:43:00Z,UPI,False,
BANK-TXN-00001623,ACCOUNT-000817,ACCOUNT-001864,2700,2026-08-05T08:43:00Z,UPI,False,
BANK-TXN-00001624,ACCOUNT-001602,ACCOUNT-000849,40300,2026-06-05T17:43:00Z,IMPS,False,
BANK-TXN-00001625,ACCOUNT-001301,ACCOUNT-000652,15600,2026-08-16T16:59:00Z,UPI,False,
BANK-TXN-00001626,ACCOUNT-000590,ACCOUNT-001492,41200,2026-06-12T05:23:00Z,IMPS,False,
BANK-TXN-00001627,ACCOUNT-001109,ACCOUNT-000797,18700,2026-06-29T03:00:00Z,UPI,False,
BANK-TXN-00001628,ACCOUNT-001685,ACCOUNT-000911,30300,2026-08-09T11:13:00Z,UPI,False,
BANK-TXN-00001629,ACCOUNT-000349,ACCOUNT-001379,99500,2026-07-10T15:58:00Z,UPI,False,
BANK-TXN-00001630,ACCOUNT-000997,ACCOUNT-001150,68900,2026-07-15T19:13:00Z,UPI,False,
BANK-TXN-00001631,ACCOUNT-001538,ACCOUNT-000646,8900,2026-07-02T08:59:00Z,IMPS,False,
BANK-TXN-00001632,ACCOUNT-001279,ACCOUNT-000721,4900,2026-06-17T12:12:00Z,RTGS,False,
BANK-TXN-00001633,ACCOUNT-001140,ACCOUNT-001524,56700,2026-06-27T00:36:00Z,UPI,False,
BANK-TXN-00001634,ACCOUNT-001944,ACCOUNT-001741,5700,2026-08-13T18:47:00Z,IMPS,False,
BANK-TXN-00001635,ACCOUNT-000366,ACCOUNT-001772,39000,2026-08-08T06:13:00Z,UPI,False,
BANK-TXN-00001636,ACCOUNT-001539,ACCOUNT-000446,19200,2026-07-06T03:43:00Z,IMPS,False,
BANK-TXN-00001637,ACCOUNT-001361,ACCOUNT-001812,22800,2026-06-02T01:12:00Z,UPI,False,
BANK-TXN-00001638,ACCOUNT-000804,ACCOUNT-000462,21500,2026-07-08T11:31:00Z,UPI,False,
BANK-TXN-00001639,ACCOUNT-001789,ACCOUNT-000364,21800,2026-07-08T14:26:00Z,IMPS,False,
BANK-TXN-00001640,ACCOUNT-001400,ACCOUNT-001859,49900,2026-08-16T13:19:00Z,UPI,False,
BANK-TXN-00001641,ACCOUNT-000387,ACCOUNT-001304,81700,2026-08-25T09:52:00Z,UPI,False,
BANK-TXN-00001642,ACCOUNT-000165,ACCOUNT-001228,16300,2026-06-16T07:59:00Z,UPI,False,
BANK-TXN-00001643,ACCOUNT-001282,ACCOUNT-000967,4800,2026-06-02T19:37:00Z,IMPS,False,
BANK-TXN-00001644,ACCOUNT-001618,ACCOUNT-001340,6000,2026-07-10T10:05:00Z,UPI,False,
BANK-TXN-00001645,ACCOUNT-001481,ACCOUNT-001792,7000,2026-07-29T16:01:00Z,UPI,False,
BANK-TXN-00001646,ACCOUNT-000133,ACCOUNT-001832,31200,2026-08-25T16:31:00Z,IMPS,False,
BANK-TXN-00001647,ACCOUNT-000909,ACCOUNT-000496,3900,2026-08-06T01:28:00Z,NEFT,False,
BANK-TXN-00001648,ACCOUNT-001787,ACCOUNT-001885,100,2026-08-08T15:14:00Z,IMPS,False,
BANK-TXN-00001649,ACCOUNT-001397,ACCOUNT-001387,26800,2026-07-07T04:30:00Z,IMPS,False,
BANK-TXN-00001650,ACCOUNT-000533,ACCOUNT-001810,83100,2026-06-21T17:11:00Z,RTGS,False,
BANK-TXN-00001651,ACCOUNT-001464,ACCOUNT-000049,1900,2026-07-03T11:14:00Z,NEFT,False,
BANK-TXN-00001652,ACCOUNT-001697,ACCOUNT-001685,82200,2026-08-23T13:15:00Z,IMPS,False,
BANK-TXN-00001653,ACCOUNT-000878,ACCOUNT-001613,24800,2026-08-13T18:06:00Z,IMPS,False,
BANK-TXN-00001654,ACCOUNT-000229,ACCOUNT-001479,13600,2026-08-07T13:18:00Z,NEFT,False,
BANK-TXN-00001655,ACCOUNT-001630,ACCOUNT-000989,3000,2026-08-02T15:39:00Z,NEFT,False,
BANK-TXN-00001656,ACCOUNT-001007,ACCOUNT-001542,21300,2026-07-28T06:39:00Z,UPI,False,
BANK-TXN-00001657,ACCOUNT-000923,ACCOUNT-001433,4900,2026-07-26T09:22:00Z,UPI,False,
BANK-TXN-00001658,ACCOUNT-001069,ACCOUNT-000591,68500,2026-08-25T16:37:00Z,IMPS,False,
BANK-TXN-00001659,ACCOUNT-000629,ACCOUNT-001935,43200,2026-08-08T09:41:00Z,UPI,False,
BANK-TXN-00001660,ACCOUNT-000604,ACCOUNT-000317,19800,2026-06-01T17:22:00Z,UPI,False,
BANK-TXN-00001661,ACCOUNT-000467,ACCOUNT-000058,50600,2026-08-01T09:51:00Z,UPI,False,
BANK-TXN-00001662,ACCOUNT-001477,ACCOUNT-001042,7200,2026-06-23T12:21:00Z,IMPS,False,
BANK-TXN-00001663,ACCOUNT-001203,ACCOUNT-001747,47100,2026-06-25T14:37:00Z,NEFT,False,
BANK-TXN-00001664,ACCOUNT-001328,ACCOUNT-000347,25300,2026-06-22T11:30:00Z,IMPS,False,
BANK-TXN-00001665,ACCOUNT-000133,ACCOUNT-000702,6700,2026-07-31T14:46:00Z,IMPS,False,
BANK-TXN-00001666,ACCOUNT-001493,ACCOUNT-001617,36700,2026-08-13T08:38:00Z,IMPS,False,
BANK-TXN-00001667,ACCOUNT-001308,ACCOUNT-001857,95900,2026-08-27T04:06:00Z,UPI,False,
BANK-TXN-00001668,ACCOUNT-000415,ACCOUNT-000745,2200,2026-06-04T22:20:00Z,UPI,False,
BANK-TXN-00001669,ACCOUNT-000556,ACCOUNT-001134,400,2026-06-21T04:26:00Z,UPI,False,
BANK-TXN-00001670,ACCOUNT-001071,ACCOUNT-000508,9400,2026-07-28T15:13:00Z,NEFT,False,
BANK-TXN-00001671,ACCOUNT-001757,ACCOUNT-000502,5200,2026-07-30T07:31:00Z,RTGS,False,
BANK-TXN-00001672,ACCOUNT-000545,ACCOUNT-001131,900,2026-07-24T19:48:00Z,UPI,False,
BANK-TXN-00001673,ACCOUNT-000125,ACCOUNT-000426,74400,2026-07-30T15:12:00Z,UPI,False,
BANK-TXN-00001674,ACCOUNT-001100,ACCOUNT-001806,1300,2026-08-22T14:20:00Z,UPI,False,
BANK-TXN-00001675,ACCOUNT-000906,ACCOUNT-000171,61000,2026-06-29T16:26:00Z,IMPS,False,
BANK-TXN-00001676,ACCOUNT-000615,ACCOUNT-001166,4700,2026-08-27T09:05:00Z,NEFT,False,
BANK-TXN-00001677,ACCOUNT-001593,ACCOUNT-001317,88600,2026-08-04T09:20:00Z,UPI,False,
BANK-TXN-00001678,ACCOUNT-000002,ACCOUNT-000516,7100,2026-07-07T09:29:00Z,UPI,False,
BANK-TXN-00001679,ACCOUNT-001054,ACCOUNT-000582,62700,2026-06-07T14:05:00Z,UPI,False,
BANK-TXN-00001680,ACCOUNT-001389,ACCOUNT-001150,4900,2026-06-25T14:32:00Z,NEFT,False,
BANK-TXN-00001681,ACCOUNT-000999,ACCOUNT-000014,37600,2026-07-19T03:28:00Z,UPI,False,
BANK-TXN-00001682,ACCOUNT-000135,ACCOUNT-001558,33700,2026-07-04T08:54:00Z,IMPS,False,
BANK-TXN-00001683,ACCOUNT-001104,ACCOUNT-001685,6300,2026-08-05T16:54:00Z,UPI,False,
BANK-TXN-00001684,ACCOUNT-000626,ACCOUNT-000656,15300,2026-06-22T11:17:00Z,IMPS,False,
BANK-TXN-00001685,ACCOUNT-000317,ACCOUNT-000664,6000,2026-08-08T16:35:00Z,IMPS,False,
BANK-TXN-00001686,ACCOUNT-000322,ACCOUNT-000667,90300,2026-06-23T00:19:00Z,UPI,False,
BANK-TXN-00001687,ACCOUNT-001488,ACCOUNT-000552,19400,2026-07-30T02:30:00Z,UPI,False,
BANK-TXN-00001688,ACCOUNT-000684,ACCOUNT-001489,32800,2026-07-14T05:40:00Z,UPI,False,
BANK-TXN-00001689,ACCOUNT-000806,ACCOUNT-001562,2700,2026-07-06T23:35:00Z,UPI,False,
BANK-TXN-00001690,ACCOUNT-001650,ACCOUNT-000287,6300,2026-07-01T06:59:00Z,IMPS,False,
BANK-TXN-00001691,ACCOUNT-000525,ACCOUNT-000604,33300,2026-07-12T22:33:00Z,IMPS,False,
BANK-TXN-00001692,ACCOUNT-001514,ACCOUNT-000409,12700,2026-08-01T09:32:00Z,UPI,False,
BANK-TXN-00001693,ACCOUNT-000329,ACCOUNT-000667,49300,2026-06-28T02:23:00Z,RTGS,False,
BANK-TXN-00001694,ACCOUNT-000095,ACCOUNT-001600,31300,2026-06-05T13:02:00Z,UPI,False,
BANK-TXN-00001695,ACCOUNT-001243,ACCOUNT-001201,17000,2026-07-11T20:57:00Z,UPI,False,
BANK-TXN-00001696,ACCOUNT-000898,ACCOUNT-001892,2100,2026-07-23T18:52:00Z,RTGS,False,
BANK-TXN-00001697,ACCOUNT-001501,ACCOUNT-000848,24600,2026-08-09T03:23:00Z,UPI,False,
BANK-TXN-00001698,ACCOUNT-000181,ACCOUNT-000898,24200,2026-07-28T14:26:00Z,UPI,False,
BANK-TXN-00001699,ACCOUNT-000597,ACCOUNT-001413,4500,2026-08-26T17:11:00Z,IMPS,False,
BANK-TXN-00001700,ACCOUNT-000643,ACCOUNT-001748,6100,2026-07-13T03:32:00Z,UPI,False,
BANK-TXN-00001701,ACCOUNT-000467,ACCOUNT-000944,16500,2026-07-13T14:17:00Z,IMPS,False,
BANK-TXN-00001702,ACCOUNT-001911,ACCOUNT-000048,35100,2026-08-11T17:34:00Z,NEFT,False,
BANK-TXN-00001703,ACCOUNT-001635,ACCOUNT-000099,10400,2026-06-22T20:28:00Z,IMPS,False,
BANK-TXN-00001704,ACCOUNT-000066,ACCOUNT-001033,24700,2026-07-18T06:29:00Z,UPI,False,
BANK-TXN-00001705,ACCOUNT-000138,ACCOUNT-001505,3500,2026-08-19T10:25:00Z,UPI,False,
BANK-TXN-00001706,ACCOUNT-001052,ACCOUNT-001734,83200,2026-08-17T09:31:00Z,RTGS,False,
BANK-TXN-00001707,ACCOUNT-001540,ACCOUNT-000150,36500,2026-06-02T12:43:00Z,NEFT,False,
BANK-TXN-00001708,ACCOUNT-001514,ACCOUNT-000312,67300,2026-06-06T14:49:00Z,UPI,False,
BANK-TXN-00001709,ACCOUNT-001600,ACCOUNT-001419,65000,2026-07-04T03:35:00Z,UPI,False,
BANK-TXN-00001710,ACCOUNT-001697,ACCOUNT-000799,28800,2026-08-26T23:40:00Z,UPI,False,
BANK-TXN-00001711,ACCOUNT-000457,ACCOUNT-001197,41700,2026-06-03T06:26:00Z,IMPS,False,
BANK-TXN-00001712,ACCOUNT-001577,ACCOUNT-001683,57800,2026-06-16T02:03:00Z,UPI,False,
BANK-TXN-00001713,ACCOUNT-000304,ACCOUNT-000423,80800,2026-07-20T16:59:00Z,NEFT,False,
BANK-TXN-00001714,ACCOUNT-000081,ACCOUNT-001597,18000,2026-08-12T10:56:00Z,NEFT,False,
BANK-TXN-00001715,ACCOUNT-001348,ACCOUNT-000428,15900,2026-08-03T14:33:00Z,NEFT,False,
BANK-TXN-00001716,ACCOUNT-000445,ACCOUNT-001582,28100,2026-07-14T22:04:00Z,NEFT,False,
BANK-TXN-00001717,ACCOUNT-000769,ACCOUNT-000053,7400,2026-07-03T04:06:00Z,UPI,False,
BANK-TXN-00001718,ACCOUNT-000899,ACCOUNT-000818,91700,2026-08-03T16:36:00Z,UPI,False,
BANK-TXN-00001719,ACCOUNT-000359,ACCOUNT-001038,9800,2026-06-15T07:53:00Z,UPI,False,
BANK-TXN-00001720,ACCOUNT-001927,ACCOUNT-001002,29800,2026-06-12T13:40:00Z,UPI,False,
BANK-TXN-00001721,ACCOUNT-000186,ACCOUNT-001638,55700,2026-06-25T13:44:00Z,NEFT,False,
BANK-TXN-00001722,ACCOUNT-000034,ACCOUNT-000015,2300,2026-07-11T05:35:00Z,UPI,False,
BANK-TXN-00001723,ACCOUNT-000635,ACCOUNT-001714,15800,2026-08-20T12:06:00Z,RTGS,False,
BANK-TXN-00001724,ACCOUNT-000173,ACCOUNT-001333,25400,2026-06-07T05:04:00Z,RTGS,False,
BANK-TXN-00001725,ACCOUNT-000563,ACCOUNT-001495,6500,2026-06-07T03:58:00Z,UPI,False,
BANK-TXN-00001726,ACCOUNT-000019,ACCOUNT-000263,44500,2026-06-23T17:16:00Z,UPI,False,
BANK-TXN-00001727,ACCOUNT-001222,ACCOUNT-001644,19500,2026-08-02T04:18:00Z,IMPS,False,
BANK-TXN-00001728,ACCOUNT-001687,ACCOUNT-000323,99400,2026-07-06T16:01:00Z,UPI,False,
BANK-TXN-00001729,ACCOUNT-001658,ACCOUNT-001660,1100,2026-06-04T16:04:00Z,UPI,False,
BANK-TXN-00001730,ACCOUNT-000418,ACCOUNT-000627,18200,2026-07-08T08:02:00Z,UPI,False,
BANK-TXN-00001731,ACCOUNT-000053,ACCOUNT-000680,7600,2026-08-25T03:58:00Z,UPI,False,
BANK-TXN-00001732,ACCOUNT-000773,ACCOUNT-001562,5600,2026-06-13T07:50:00Z,UPI,False,
BANK-TXN-00001733,ACCOUNT-001838,ACCOUNT-000457,3100,2026-08-17T12:56:00Z,UPI,False,
BANK-TXN-00001734,ACCOUNT-000851,ACCOUNT-001754,91400,2026-06-21T12:06:00Z,IMPS,False,
BANK-TXN-00001735,ACCOUNT-000638,ACCOUNT-000976,7000,2026-06-29T03:44:00Z,IMPS,False,
BANK-TXN-00001736,ACCOUNT-000749,ACCOUNT-001257,44100,2026-06-04T07:30:00Z,NEFT,False,
BANK-TXN-00001737,ACCOUNT-001170,ACCOUNT-000402,6400,2026-08-12T16:52:00Z,IMPS,False,
BANK-TXN-00001738,ACCOUNT-001523,ACCOUNT-000195,1600,2026-07-08T15:21:00Z,UPI,False,
BANK-TXN-00001739,ACCOUNT-000379,ACCOUNT-001496,42100,2026-06-05T14:15:00Z,IMPS,False,
BANK-TXN-00001740,ACCOUNT-001059,ACCOUNT-001183,20800,2026-07-25T06:52:00Z,UPI,False,
BANK-TXN-00001741,ACCOUNT-000298,ACCOUNT-001187,41100,2026-08-24T06:09:00Z,UPI,False,
BANK-TXN-00001742,ACCOUNT-000406,ACCOUNT-000374,6000,2026-08-27T17:58:00Z,UPI,False,
BANK-TXN-00001743,ACCOUNT-000024,ACCOUNT-001172,9000,2026-06-28T11:38:00Z,NEFT,False,
BANK-TXN-00001744,ACCOUNT-001183,ACCOUNT-000831,63400,2026-07-02T00:31:00Z,UPI,False,
BANK-TXN-00001745,ACCOUNT-000242,ACCOUNT-001526,18600,2026-07-24T08:28:00Z,RTGS,False,
BANK-TXN-00001746,ACCOUNT-000382,ACCOUNT-000523,73300,2026-07-16T05:29:00Z,IMPS,False,
BANK-TXN-00001747,ACCOUNT-001369,ACCOUNT-001754,2400,2026-07-16T06:44:00Z,UPI,False,
BANK-TXN-00001748,ACCOUNT-000053,ACCOUNT-001113,800,2026-08-12T18:31:00Z,IMPS,False,
BANK-TXN-00001749,ACCOUNT-000606,ACCOUNT-000259,98100,2026-07-15T14:33:00Z,UPI,False,
BANK-TXN-00001750,ACCOUNT-001776,ACCOUNT-001034,59900,2026-08-05T12:04:00Z,UPI,False,
BANK-TXN-00001751,ACCOUNT-001394,ACCOUNT-000455,23400,2026-08-26T16:13:00Z,IMPS,False,
BANK-TXN-00001752,ACCOUNT-000311,ACCOUNT-001153,68500,2026-06-22T10:09:00Z,UPI,False,
BANK-TXN-00001753,ACCOUNT-001421,ACCOUNT-001940,4400,2026-06-22T17:50:00Z,UPI,False,
BANK-TXN-00001754,ACCOUNT-001300,ACCOUNT-001760,8400,2026-06-10T16:01:00Z,NEFT,False,
BANK-TXN-00001755,ACCOUNT-001249,ACCOUNT-000869,19900,2026-08-03T15:35:00Z,NEFT,False,
BANK-TXN-00001756,ACCOUNT-000863,ACCOUNT-001831,10000,2026-06-29T11:52:00Z,UPI,False,
BANK-TXN-00001757,ACCOUNT-001451,ACCOUNT-001139,80400,2026-06-04T14:01:00Z,RTGS,False,
BANK-TXN-00001758,ACCOUNT-000122,ACCOUNT-001547,9800,2026-07-07T17:30:00Z,RTGS,False,
BANK-TXN-00001759,ACCOUNT-001948,ACCOUNT-000497,35000,2026-07-09T06:19:00Z,IMPS,False,
BANK-TXN-00001760,ACCOUNT-000510,ACCOUNT-001709,7500,2026-07-15T20:43:00Z,UPI,False,
BANK-TXN-00001761,ACCOUNT-001515,ACCOUNT-001200,9300,2026-06-03T17:32:00Z,UPI,False,
BANK-TXN-00001762,ACCOUNT-000671,ACCOUNT-000023,55200,2026-06-08T17:41:00Z,IMPS,False,
BANK-TXN-00001763,ACCOUNT-001226,ACCOUNT-000965,3500,2026-07-30T08:41:00Z,IMPS,False,
BANK-TXN-00001764,ACCOUNT-000931,ACCOUNT-000315,16900,2026-08-19T03:12:00Z,NEFT,False,
BANK-TXN-00001765,ACCOUNT-000084,ACCOUNT-000782,39900,2026-07-27T18:31:00Z,UPI,False,
BANK-TXN-00001766,ACCOUNT-001454,ACCOUNT-001417,55200,2026-06-27T06:46:00Z,UPI,False,
BANK-TXN-00001767,ACCOUNT-001499,ACCOUNT-001236,46400,2026-06-13T04:45:00Z,IMPS,False,
BANK-TXN-00001768,ACCOUNT-000886,ACCOUNT-000864,17000,2026-08-21T08:05:00Z,NEFT,False,
BANK-TXN-00001769,ACCOUNT-001312,ACCOUNT-001041,19100,2026-07-17T12:07:00Z,UPI,False,
BANK-TXN-00001770,ACCOUNT-000208,ACCOUNT-001461,8700,2026-06-27T15:29:00Z,UPI,False,
BANK-TXN-00001771,ACCOUNT-000545,ACCOUNT-000213,69200,2026-06-27T10:07:00Z,IMPS,False,
BANK-TXN-00001772,ACCOUNT-001783,ACCOUNT-001895,3800,2026-06-04T13:22:00Z,NEFT,False,
BANK-TXN-00001773,ACCOUNT-001317,ACCOUNT-000202,7300,2026-06-16T18:12:00Z,IMPS,False,
BANK-TXN-00001774,ACCOUNT-001453,ACCOUNT-001851,2300,2026-06-12T12:35:00Z,IMPS,False,
BANK-TXN-00001775,ACCOUNT-000902,ACCOUNT-001746,2600,2026-07-01T09:27:00Z,NEFT,False,
BANK-TXN-00001776,ACCOUNT-001287,ACCOUNT-001525,8600,2026-07-04T08:59:00Z,UPI,False,
BANK-TXN-00001777,ACCOUNT-001292,ACCOUNT-001938,45500,2026-07-17T18:02:00Z,UPI,False,
BANK-TXN-00001778,ACCOUNT-000936,ACCOUNT-001740,19000,2026-07-27T13:17:00Z,RTGS,False,
BANK-TXN-00001779,ACCOUNT-000510,ACCOUNT-000567,42800,2026-07-02T06:40:00Z,RTGS,False,
BANK-TXN-00001780,ACCOUNT-000539,ACCOUNT-001575,83100,2026-08-08T16:11:00Z,UPI,False,
BANK-TXN-00001781,ACCOUNT-000822,ACCOUNT-001543,46900,2026-07-15T06:49:00Z,UPI,False,
BANK-TXN-00001782,ACCOUNT-000721,ACCOUNT-001263,7000,2026-06-21T06:07:00Z,NEFT,False,
BANK-TXN-00001783,ACCOUNT-000208,ACCOUNT-001873,75400,2026-08-17T08:40:00Z,IMPS,False,
BANK-TXN-00001784,ACCOUNT-001550,ACCOUNT-000784,33900,2026-08-03T15:15:00Z,UPI,False,
BANK-TXN-00001785,ACCOUNT-000897,ACCOUNT-001835,10400,2026-07-13T06:50:00Z,UPI,False,
BANK-TXN-00001786,ACCOUNT-001192,ACCOUNT-000636,24300,2026-06-25T07:25:00Z,UPI,False,
BANK-TXN-00001787,ACCOUNT-000816,ACCOUNT-001267,4600,2026-05-31T19:55:00Z,IMPS,False,
BANK-TXN-00001788,ACCOUNT-001796,ACCOUNT-001359,23600,2026-07-08T04:51:00Z,UPI,False,
BANK-TXN-00001789,ACCOUNT-000273,ACCOUNT-001887,24500,2026-07-10T18:13:00Z,RTGS,False,
BANK-TXN-00001790,ACCOUNT-000664,ACCOUNT-000461,57900,2026-07-03T05:45:00Z,IMPS,False,
BANK-TXN-00001791,ACCOUNT-000561,ACCOUNT-000054,6500,2026-06-26T16:16:00Z,NEFT,False,
BANK-TXN-00001792,ACCOUNT-000902,ACCOUNT-001327,5100,2026-08-01T17:42:00Z,NEFT,False,
BANK-TXN-00001793,ACCOUNT-000990,ACCOUNT-001717,59800,2026-07-03T12:25:00Z,UPI,False,
BANK-TXN-00001794,ACCOUNT-001737,ACCOUNT-001063,44100,2026-06-15T12:24:00Z,UPI,False,
BANK-TXN-00001795,ACCOUNT-001632,ACCOUNT-000746,7000,2026-07-26T12:37:00Z,UPI,False,
BANK-TXN-00001796,ACCOUNT-000158,ACCOUNT-001420,10000,2026-08-11T14:08:00Z,UPI,False,
BANK-TXN-00001797,ACCOUNT-000264,ACCOUNT-000198,12600,2026-06-25T07:26:00Z,NEFT,False,
BANK-TXN-00001798,ACCOUNT-001238,ACCOUNT-000467,92000,2026-07-15T07:19:00Z,RTGS,False,
BANK-TXN-00001799,ACCOUNT-000953,ACCOUNT-000552,72400,2026-06-16T04:31:00Z,UPI,False,
BANK-TXN-00001800,ACCOUNT-000894,ACCOUNT-000133,83200,2026-08-07T22:32:00Z,UPI,False,
BANK-TXN-00001801,ACCOUNT-000712,ACCOUNT-000977,4700,2026-08-10T20:38:00Z,UPI,False,
BANK-TXN-00001802,ACCOUNT-000517,ACCOUNT-001941,43000,2026-08-25T07:29:00Z,IMPS,False,
BANK-TXN-00001803,ACCOUNT-000274,ACCOUNT-000812,85600,2026-08-01T08:41:00Z,IMPS,False,
BANK-TXN-00001804,ACCOUNT-000677,ACCOUNT-000477,28600,2026-06-17T05:28:00Z,IMPS,False,
BANK-TXN-00001805,ACCOUNT-001396,ACCOUNT-001202,4600,2026-07-19T04:21:00Z,IMPS,False,
BANK-TXN-00001806,ACCOUNT-001204,ACCOUNT-000246,43600,2026-08-19T09:27:00Z,UPI,False,
BANK-TXN-00001807,ACCOUNT-000399,ACCOUNT-000510,5100,2026-06-13T06:49:00Z,IMPS,False,
BANK-TXN-00001808,ACCOUNT-001014,ACCOUNT-001493,39600,2026-08-13T14:54:00Z,IMPS,False,
BANK-TXN-00001809,ACCOUNT-001404,ACCOUNT-000794,7100,2026-07-07T13:30:00Z,UPI,False,
BANK-TXN-00001810,ACCOUNT-000638,ACCOUNT-000728,22700,2026-08-06T07:04:00Z,UPI,False,
BANK-TXN-00001811,ACCOUNT-000534,ACCOUNT-000823,2200,2026-08-03T15:19:00Z,UPI,False,
BANK-TXN-00001812,ACCOUNT-000193,ACCOUNT-001073,3600,2026-07-27T22:22:00Z,UPI,False,
BANK-TXN-00001813,ACCOUNT-000765,ACCOUNT-000196,100,2026-08-07T23:27:00Z,UPI,False,
BANK-TXN-00001814,ACCOUNT-000628,ACCOUNT-000057,1200,2026-06-17T10:06:00Z,UPI,False,
BANK-TXN-00001815,ACCOUNT-001272,ACCOUNT-001021,4400,2026-08-05T10:38:00Z,NEFT,False,
BANK-TXN-00001816,ACCOUNT-001229,ACCOUNT-000767,8200,2026-06-16T16:32:00Z,UPI,False,
BANK-TXN-00001817,ACCOUNT-001678,ACCOUNT-000912,95400,2026-08-25T09:01:00Z,RTGS,False,
BANK-TXN-00001818,ACCOUNT-001927,ACCOUNT-000247,14600,2026-07-20T02:54:00Z,IMPS,False,
BANK-TXN-00001819,ACCOUNT-000343,ACCOUNT-001844,8900,2026-08-16T11:22:00Z,NEFT,False,
BANK-TXN-00001820,ACCOUNT-001921,ACCOUNT-000932,49100,2026-06-05T10:36:00Z,UPI,False,
BANK-TXN-00001821,ACCOUNT-001136,ACCOUNT-000135,8100,2026-07-16T15:51:00Z,UPI,False,
BANK-TXN-00001822,ACCOUNT-000828,ACCOUNT-000086,45700,2026-07-14T20:02:00Z,NEFT,False,
BANK-TXN-00001823,ACCOUNT-001351,ACCOUNT-001450,4300,2026-06-14T18:27:00Z,IMPS,False,
BANK-TXN-00001824,ACCOUNT-001868,ACCOUNT-001080,70100,2026-06-17T09:26:00Z,IMPS,False,
BANK-TXN-00001825,ACCOUNT-001318,ACCOUNT-000412,6800,2026-07-23T14:32:00Z,NEFT,False,
BANK-TXN-00001826,ACCOUNT-000874,ACCOUNT-000828,3200,2026-07-04T13:29:00Z,UPI,False,
BANK-TXN-00001827,ACCOUNT-001150,ACCOUNT-000992,11400,2026-06-11T13:29:00Z,UPI,False,
BANK-TXN-00001828,ACCOUNT-000086,ACCOUNT-000386,77700,2026-08-17T14:23:00Z,UPI,False,
BANK-TXN-00001829,ACCOUNT-000643,ACCOUNT-001514,19800,2026-08-22T10:57:00Z,UPI,False,
BANK-TXN-00001830,ACCOUNT-001102,ACCOUNT-000108,76800,2026-06-02T03:13:00Z,NEFT,False,
BANK-TXN-00001831,ACCOUNT-001042,ACCOUNT-000760,5600,2026-06-02T07:02:00Z,UPI,False,
BANK-TXN-00001832,ACCOUNT-000381,ACCOUNT-001828,8100,2026-07-31T07:56:00Z,UPI,False,
BANK-TXN-00001833,ACCOUNT-001312,ACCOUNT-001256,9400,2026-08-27T21:36:00Z,UPI,False,
BANK-TXN-00001834,ACCOUNT-000595,ACCOUNT-000010,14500,2026-07-29T08:02:00Z,RTGS,False,
BANK-TXN-00001835,ACCOUNT-001693,ACCOUNT-000468,1000,2026-07-12T02:35:00Z,UPI,False,
BANK-TXN-00001836,ACCOUNT-000505,ACCOUNT-001274,42400,2026-06-04T15:01:00Z,IMPS,False,
BANK-TXN-00001837,ACCOUNT-001769,ACCOUNT-001848,20400,2026-06-09T14:04:00Z,IMPS,False,
BANK-TXN-00001838,ACCOUNT-000852,ACCOUNT-001687,9900,2026-07-07T13:07:00Z,UPI,False,
BANK-TXN-00001839,ACCOUNT-001230,ACCOUNT-000022,28200,2026-06-09T07:58:00Z,IMPS,False,
BANK-TXN-00001840,ACCOUNT-000457,ACCOUNT-000145,26700,2026-06-08T17:50:00Z,UPI,False,
BANK-TXN-00001841,ACCOUNT-000671,ACCOUNT-000343,32200,2026-07-27T01:15:00Z,UPI,False,
BANK-TXN-00001842,ACCOUNT-000584,ACCOUNT-001753,2600,2026-06-17T15:12:00Z,NEFT,False,
BANK-TXN-00001843,ACCOUNT-001811,ACCOUNT-000414,5800,2026-08-17T10:29:00Z,UPI,False,
BANK-TXN-00001844,ACCOUNT-000074,ACCOUNT-000961,2500,2026-06-28T18:46:00Z,UPI,False,
BANK-TXN-00001845,ACCOUNT-001562,ACCOUNT-001421,21200,2026-08-20T15:21:00Z,IMPS,False,
BANK-TXN-00001846,ACCOUNT-000906,ACCOUNT-001223,9900,2026-08-23T08:28:00Z,UPI,False,
BANK-TXN-00001847,ACCOUNT-000652,ACCOUNT-000090,16400,2026-06-17T23:51:00Z,NEFT,False,
BANK-TXN-00001848,ACCOUNT-000718,ACCOUNT-000947,34700,2026-08-03T03:57:00Z,UPI,False,
BANK-TXN-00001849,ACCOUNT-000598,ACCOUNT-001036,7100,2026-08-20T16:20:00Z,IMPS,False,
BANK-TXN-00001850,ACCOUNT-000899,ACCOUNT-000052,77000,2026-07-03T20:45:00Z,UPI,False,
BANK-TXN-00001851,ACCOUNT-000330,ACCOUNT-000294,4400,2026-06-19T01:57:00Z,UPI,False,
BANK-TXN-00001852,ACCOUNT-001061,ACCOUNT-001095,19400,2026-08-26T09:50:00Z,UPI,False,
BANK-TXN-00001853,ACCOUNT-001847,ACCOUNT-000213,3700,2026-06-02T15:36:00Z,UPI,False,
BANK-TXN-00001854,ACCOUNT-000794,ACCOUNT-001575,3700,2026-06-17T17:46:00Z,UPI,False,
BANK-TXN-00001855,ACCOUNT-000041,ACCOUNT-001329,32200,2026-06-29T02:19:00Z,IMPS,False,
BANK-TXN-00001856,ACCOUNT-000793,ACCOUNT-000921,18800,2026-07-29T07:21:00Z,RTGS,False,
BANK-TXN-00001857,ACCOUNT-001304,ACCOUNT-000932,38700,2026-06-28T02:51:00Z,NEFT,False,
BANK-TXN-00001858,ACCOUNT-000459,ACCOUNT-000296,31500,2026-07-23T08:49:00Z,NEFT,False,
BANK-TXN-00001859,ACCOUNT-000754,ACCOUNT-001516,5200,2026-08-26T12:41:00Z,UPI,False,
BANK-TXN-00001860,ACCOUNT-001456,ACCOUNT-001802,9000,2026-06-20T04:35:00Z,UPI,False,
BANK-TXN-00001861,ACCOUNT-001929,ACCOUNT-000832,36300,2026-07-06T03:31:00Z,RTGS,False,
BANK-TXN-00001862,ACCOUNT-000950,ACCOUNT-000745,9600,2026-07-16T14:35:00Z,UPI,False,
BANK-TXN-00001863,ACCOUNT-000504,ACCOUNT-000445,68600,2026-08-04T09:05:00Z,NEFT,False,
BANK-TXN-00001864,ACCOUNT-001123,ACCOUNT-001767,7500,2026-07-07T13:41:00Z,UPI,False,
BANK-TXN-00001865,ACCOUNT-000223,ACCOUNT-001112,71100,2026-06-06T12:03:00Z,UPI,False,
BANK-TXN-00001866,ACCOUNT-000445,ACCOUNT-000692,48900,2026-06-19T03:18:00Z,UPI,False,
BANK-TXN-00001867,ACCOUNT-000370,ACCOUNT-001932,39500,2026-07-03T22:47:00Z,IMPS,False,
BANK-TXN-00001868,ACCOUNT-000560,ACCOUNT-001528,39700,2026-06-02T10:51:00Z,IMPS,False,
BANK-TXN-00001869,ACCOUNT-000406,ACCOUNT-000309,9800,2026-07-07T14:45:00Z,NEFT,False,
BANK-TXN-00001870,ACCOUNT-000648,ACCOUNT-001251,4400,2026-06-11T10:20:00Z,UPI,False,
BANK-TXN-00001871,ACCOUNT-000134,ACCOUNT-000176,2200,2026-08-26T23:05:00Z,NEFT,False,
BANK-TXN-00001872,ACCOUNT-000642,ACCOUNT-001908,6900,2026-07-14T16:51:00Z,NEFT,False,
BANK-TXN-00001873,ACCOUNT-000744,ACCOUNT-001277,37100,2026-07-19T09:07:00Z,UPI,False,
BANK-TXN-00001874,ACCOUNT-000359,ACCOUNT-000594,5900,2026-07-21T18:25:00Z,UPI,False,
BANK-TXN-00001875,ACCOUNT-000243,ACCOUNT-001091,82100,2026-06-10T12:25:00Z,UPI,False,
BANK-TXN-00001876,ACCOUNT-000576,ACCOUNT-001414,7800,2026-07-28T01:18:00Z,UPI,False,
BANK-TXN-00001877,ACCOUNT-000081,ACCOUNT-000278,9900,2026-07-11T11:30:00Z,UPI,False,
BANK-TXN-00001878,ACCOUNT-001410,ACCOUNT-001676,59300,2026-07-13T02:23:00Z,UPI,False,
BANK-TXN-00001879,ACCOUNT-000041,ACCOUNT-001008,12100,2026-06-04T09:04:00Z,NEFT,False,
BANK-TXN-00001880,ACCOUNT-000142,ACCOUNT-000363,48400,2026-08-11T08:17:00Z,UPI,False,
BANK-TXN-00001881,ACCOUNT-001915,ACCOUNT-001620,17400,2026-06-04T16:20:00Z,IMPS,False,
BANK-TXN-00001882,ACCOUNT-001944,ACCOUNT-001611,25400,2026-08-18T13:09:00Z,IMPS,False,
BANK-TXN-00001883,ACCOUNT-001209,ACCOUNT-000856,8200,2026-08-07T13:44:00Z,UPI,False,
BANK-TXN-00001884,ACCOUNT-001066,ACCOUNT-001852,5300,2026-08-25T11:03:00Z,IMPS,False,
BANK-TXN-00001885,ACCOUNT-001435,ACCOUNT-000628,11000,2026-07-26T12:33:00Z,UPI,False,
BANK-TXN-00001886,ACCOUNT-001556,ACCOUNT-001345,51600,2026-07-01T08:39:00Z,UPI,False,
BANK-TXN-00001887,ACCOUNT-001898,ACCOUNT-001279,19700,2026-08-27T07:59:00Z,UPI,False,
BANK-TXN-00001888,ACCOUNT-000963,ACCOUNT-000779,19600,2026-07-10T22:17:00Z,UPI,False,
BANK-TXN-00001889,ACCOUNT-001645,ACCOUNT-001050,7200,2026-07-05T12:39:00Z,IMPS,False,
BANK-TXN-00001890,ACCOUNT-001132,ACCOUNT-000396,48500,2026-06-27T15:55:00Z,IMPS,False,
BANK-TXN-00001891,ACCOUNT-001650,ACCOUNT-001365,200,2026-07-19T04:03:00Z,NEFT,False,
BANK-TXN-00001892,ACCOUNT-001652,ACCOUNT-001561,11600,2026-08-15T15:49:00Z,UPI,False,
BANK-TXN-00001893,ACCOUNT-001642,ACCOUNT-000486,4800,2026-08-17T05:00:00Z,NEFT,False,
BANK-TXN-00001894,ACCOUNT-001783,ACCOUNT-001862,41100,2026-06-10T20:23:00Z,NEFT,False,
BANK-TXN-00001895,ACCOUNT-001610,ACCOUNT-001362,6200,2026-08-15T09:57:00Z,NEFT,False,
BANK-TXN-00001896,ACCOUNT-001898,ACCOUNT-000167,2800,2026-08-05T19:55:00Z,IMPS,False,
BANK-TXN-00001897,ACCOUNT-000478,ACCOUNT-000431,23500,2026-08-22T07:36:00Z,UPI,False,
BANK-TXN-00001898,ACCOUNT-001675,ACCOUNT-000405,32300,2026-06-26T09:49:00Z,IMPS,False,
BANK-TXN-00001899,ACCOUNT-001213,ACCOUNT-001772,600,2026-08-21T12:28:00Z,UPI,False,
BANK-TXN-00001900,ACCOUNT-000405,ACCOUNT-000540,9400,2026-08-10T03:24:00Z,UPI,False,
BANK-TXN-00001901,ACCOUNT-001560,ACCOUNT-000156,6000,2026-08-04T16:40:00Z,UPI,False,
BANK-TXN-00001902,ACCOUNT-001713,ACCOUNT-001214,15500,2026-07-22T09:28:00Z,UPI,False,
BANK-TXN-00001903,ACCOUNT-001689,ACCOUNT-000707,17200,2026-07-29T10:19:00Z,IMPS,False,
BANK-TXN-00001904,ACCOUNT-000133,ACCOUNT-000127,4000,2026-08-20T11:03:00Z,IMPS,False,
BANK-TXN-00001905,ACCOUNT-000881,ACCOUNT-000164,25300,2026-06-03T06:15:00Z,RTGS,False,
BANK-TXN-00001906,ACCOUNT-001382,ACCOUNT-000181,11600,2026-07-19T09:02:00Z,IMPS,False,
BANK-TXN-00001907,ACCOUNT-001490,ACCOUNT-001720,34400,2026-07-19T12:13:00Z,UPI,False,
BANK-TXN-00001908,ACCOUNT-001564,ACCOUNT-001002,6400,2026-07-19T10:13:00Z,IMPS,False,
BANK-TXN-00001909,ACCOUNT-000088,ACCOUNT-001415,33300,2026-07-14T12:04:00Z,NEFT,False,
BANK-TXN-00001910,ACCOUNT-001734,ACCOUNT-001936,36500,2026-07-08T11:03:00Z,UPI,False,
BANK-TXN-00001911,ACCOUNT-001512,ACCOUNT-001538,10000,2026-07-10T12:59:00Z,UPI,False,
BANK-TXN-00001912,ACCOUNT-001783,ACCOUNT-001295,45200,2026-08-09T13:00:00Z,NEFT,False,
BANK-TXN-00001913,ACCOUNT-001855,ACCOUNT-000354,5600,2026-08-09T09:49:00Z,UPI,False,
BANK-TXN-00001914,ACCOUNT-000968,ACCOUNT-000307,35000,2026-07-25T14:59:00Z,UPI,False,
BANK-TXN-00001915,ACCOUNT-001700,ACCOUNT-001749,40500,2026-06-19T15:48:00Z,IMPS,False,
BANK-TXN-00001916,ACCOUNT-000887,ACCOUNT-000892,2300,2026-08-08T11:18:00Z,RTGS,False,
BANK-TXN-00001917,ACCOUNT-000138,ACCOUNT-000663,8300,2026-06-28T09:51:00Z,NEFT,False,
BANK-TXN-00001918,ACCOUNT-001646,ACCOUNT-000444,7100,2026-07-06T11:41:00Z,IMPS,False,
BANK-TXN-00001919,ACCOUNT-001401,ACCOUNT-001267,8300,2026-07-05T09:22:00Z,UPI,False,
BANK-TXN-00001920,ACCOUNT-001485,ACCOUNT-000765,99600,2026-06-01T04:37:00Z,UPI,False,
BANK-TXN-00001921,ACCOUNT-000037,ACCOUNT-000916,15900,2026-07-12T12:47:00Z,NEFT,False,
BANK-TXN-00001922,ACCOUNT-001849,ACCOUNT-000641,24200,2026-06-08T02:30:00Z,UPI,False,
BANK-TXN-00001923,ACCOUNT-001626,ACCOUNT-000679,24600,2026-05-31T16:52:00Z,RTGS,False,
BANK-TXN-00001924,ACCOUNT-000469,ACCOUNT-001451,8100,2026-06-14T09:08:00Z,IMPS,False,
BANK-TXN-00001925,ACCOUNT-001824,ACCOUNT-000040,44200,2026-07-19T10:54:00Z,UPI,False,
BANK-TXN-00001926,ACCOUNT-000659,ACCOUNT-000167,11700,2026-06-22T11:22:00Z,UPI,False,
BANK-TXN-00001927,ACCOUNT-001593,ACCOUNT-000396,3100,2026-07-24T07:37:00Z,UPI,False,
BANK-TXN-00001928,ACCOUNT-001297,ACCOUNT-000007,39300,2026-07-18T13:21:00Z,UPI,False,
BANK-TXN-00001929,ACCOUNT-000559,ACCOUNT-000656,60200,2026-06-27T00:22:00Z,NEFT,False,
BANK-TXN-00001930,ACCOUNT-001323,ACCOUNT-000386,4800,2026-06-13T09:42:00Z,NEFT,False,
BANK-TXN-00001931,ACCOUNT-001073,ACCOUNT-001637,35800,2026-06-25T15:10:00Z,IMPS,False,
BANK-TXN-00001932,ACCOUNT-001747,ACCOUNT-000023,10600,2026-07-21T15:51:00Z,UPI,False,
BANK-TXN-00001933,ACCOUNT-001319,ACCOUNT-001562,7800,2026-07-06T19:31:00Z,IMPS,False,
BANK-TXN-00001934,ACCOUNT-001138,ACCOUNT-000322,1800,2026-06-13T12:40:00Z,UPI,False,
BANK-TXN-00001935,ACCOUNT-000406,ACCOUNT-001447,56500,2026-06-12T11:50:00Z,UPI,False,
BANK-TXN-00001936,ACCOUNT-000035,ACCOUNT-000254,34400,2026-08-22T04:25:00Z,UPI,False,
BANK-TXN-00001937,ACCOUNT-001704,ACCOUNT-001476,41500,2026-07-11T10:20:00Z,UPI,False,
BANK-TXN-00001938,ACCOUNT-000365,ACCOUNT-000669,18200,2026-06-11T04:58:00Z,IMPS,False,
BANK-TXN-00001939,ACCOUNT-001165,ACCOUNT-000081,8100,2026-06-24T21:15:00Z,UPI,False,
BANK-TXN-00001940,ACCOUNT-000140,ACCOUNT-000287,5500,2026-08-09T18:50:00Z,IMPS,False,
BANK-TXN-00001941,ACCOUNT-000732,ACCOUNT-000693,3200,2026-08-18T12:12:00Z,UPI,False,
BANK-TXN-00001942,ACCOUNT-000128,ACCOUNT-001075,8500,2026-07-06T08:35:00Z,NEFT,False,
BANK-TXN-00001943,ACCOUNT-001668,ACCOUNT-000425,15800,2026-07-02T17:12:00Z,UPI,False,
BANK-TXN-00001944,ACCOUNT-001321,ACCOUNT-001400,8000,2026-06-18T22:19:00Z,UPI,False,
BANK-TXN-00001945,ACCOUNT-000449,ACCOUNT-001554,8200,2026-07-30T01:05:00Z,UPI,False,
BANK-TXN-00001946,ACCOUNT-000794,ACCOUNT-001549,89100,2026-06-08T08:59:00Z,UPI,False,
BANK-TXN-00001947,ACCOUNT-000049,ACCOUNT-001372,1300,2026-05-31T12:56:00Z,IMPS,False,
BANK-TXN-00001948,ACCOUNT-000428,ACCOUNT-000471,3800,2026-06-15T11:38:00Z,NEFT,False,
BANK-TXN-00001949,ACCOUNT-001043,ACCOUNT-001841,50300,2026-08-07T12:51:00Z,NEFT,False,
BANK-TXN-00001950,ACCOUNT-001525,ACCOUNT-001276,69800,2026-07-23T15:37:00Z,UPI,False,
BANK-TXN-00001951,ACCOUNT-000413,ACCOUNT-001545,16600,2026-06-12T15:48:00Z,UPI,False,
BANK-TXN-00001952,ACCOUNT-001333,ACCOUNT-000585,89400,2026-07-02T22:22:00Z,UPI,False,
BANK-TXN-00001953,ACCOUNT-000379,ACCOUNT-000231,6200,2026-08-23T13:54:00Z,IMPS,False,
BANK-TXN-00001954,ACCOUNT-001507,ACCOUNT-001531,8700,2026-07-21T04:17:00Z,NEFT,False,
BANK-TXN-00001955,ACCOUNT-000740,ACCOUNT-000950,95500,2026-08-22T08:46:00Z,NEFT,False,
BANK-TXN-00001956,ACCOUNT-000517,ACCOUNT-000445,6100,2026-06-24T23:00:00Z,NEFT,False,
BANK-TXN-00001957,ACCOUNT-000423,ACCOUNT-001024,40400,2026-07-10T07:31:00Z,IMPS,False,
BANK-TXN-00001958,ACCOUNT-001886,ACCOUNT-001007,5400,2026-06-28T10:42:00Z,IMPS,False,
BANK-TXN-00001959,ACCOUNT-001812,ACCOUNT-000001,1800,2026-08-25T09:06:00Z,NEFT,False,
BANK-TXN-00001960,ACCOUNT-000622,ACCOUNT-000912,400,2026-07-11T07:50:00Z,UPI,False,
BANK-TXN-00001961,ACCOUNT-001323,ACCOUNT-000391,1800,2026-07-05T06:37:00Z,UPI,False,
BANK-TXN-00001962,ACCOUNT-000046,ACCOUNT-000610,6600,2026-08-24T03:41:00Z,UPI,False,
BANK-TXN-00001963,ACCOUNT-001910,ACCOUNT-001818,3100,2026-08-02T17:20:00Z,UPI,False,
BANK-TXN-00001964,ACCOUNT-000231,ACCOUNT-000177,85500,2026-07-29T11:04:00Z,IMPS,False,
BANK-TXN-00001965,ACCOUNT-000554,ACCOUNT-000047,6300,2026-05-31T10:56:00Z,UPI,False,
BANK-TXN-00001966,ACCOUNT-001389,ACCOUNT-000773,35500,2026-08-25T22:33:00Z,UPI,False,
BANK-TXN-00001967,ACCOUNT-000028,ACCOUNT-001182,17200,2026-08-23T08:11:00Z,IMPS,False,
BANK-TXN-00001968,ACCOUNT-000416,ACCOUNT-001643,6500,2026-07-25T22:43:00Z,IMPS,False,
BANK-TXN-00001969,ACCOUNT-001660,ACCOUNT-000004,39300,2026-06-06T21:24:00Z,RTGS,False,
BANK-TXN-00001970,ACCOUNT-001001,ACCOUNT-001622,1900,2026-07-30T07:13:00Z,UPI,False,
BANK-TXN-00001971,ACCOUNT-001225,ACCOUNT-000753,7300,2026-07-01T05:26:00Z,IMPS,False,
BANK-TXN-00001972,ACCOUNT-000761,ACCOUNT-001488,20400,2026-06-19T10:40:00Z,UPI,False,
BANK-TXN-00001973,ACCOUNT-000823,ACCOUNT-000763,13700,2026-06-30T00:11:00Z,NEFT,False,
BANK-TXN-00001974,ACCOUNT-001540,ACCOUNT-001822,21000,2026-06-26T08:34:00Z,UPI,False,
BANK-TXN-00001975,ACCOUNT-000519,ACCOUNT-001813,36500,2026-08-11T14:38:00Z,IMPS,False,
BANK-TXN-00001976,ACCOUNT-001765,ACCOUNT-001394,97000,2026-08-07T03:39:00Z,NEFT,False,
BANK-TXN-00001977,ACCOUNT-001281,ACCOUNT-000298,8600,2026-06-13T13:20:00Z,UPI,False,
BANK-TXN-00001978,ACCOUNT-001672,ACCOUNT-001623,2700,2026-08-02T05:35:00Z,NEFT,False,
BANK-TXN-00001979,ACCOUNT-001027,ACCOUNT-001115,1700,2026-08-23T10:24:00Z,NEFT,False,
BANK-TXN-00001980,ACCOUNT-001362,ACCOUNT-001930,22500,2026-08-07T06:17:00Z,UPI,False,
BANK-TXN-00001981,ACCOUNT-001499,ACCOUNT-001714,83600,2026-07-12T10:35:00Z,NEFT,False,
BANK-TXN-00001982,ACCOUNT-000449,ACCOUNT-001182,1500,2026-07-15T06:16:00Z,IMPS,False,
BANK-TXN-00001983,ACCOUNT-000930,ACCOUNT-000319,3300,2026-06-01T03:48:00Z,IMPS,False,
BANK-TXN-00001984,ACCOUNT-001015,ACCOUNT-000296,9800,2026-08-19T07:41:00Z,UPI,False,
BANK-TXN-00001985,ACCOUNT-001691,ACCOUNT-000429,5100,2026-06-20T08:08:00Z,UPI,False,
BANK-TXN-00001986,ACCOUNT-000606,ACCOUNT-000248,500,2026-08-02T16:11:00Z,UPI,False,
BANK-TXN-00001987,ACCOUNT-001948,ACCOUNT-000244,25200,2026-07-05T01:18:00Z,IMPS,False,
BANK-TXN-00001988,ACCOUNT-000615,ACCOUNT-000703,40800,2026-07-10T13:41:00Z,IMPS,False,
BANK-TXN-00001989,ACCOUNT-000980,ACCOUNT-001301,50000,2026-06-11T09:17:00Z,UPI,False,
BANK-TXN-00001990,ACCOUNT-000655,ACCOUNT-000720,44200,2026-08-25T15:30:00Z,UPI,False,
BANK-TXN-00001991,ACCOUNT-000201,ACCOUNT-000866,22500,2026-06-01T09:04:00Z,RTGS,False,
BANK-TXN-00001992,ACCOUNT-000779,ACCOUNT-000080,31400,2026-06-27T06:55:00Z,UPI,False,
BANK-TXN-00001993,ACCOUNT-000170,ACCOUNT-000503,44100,2026-06-09T02:31:00Z,UPI,False,
BANK-TXN-00001994,ACCOUNT-001237,ACCOUNT-000962,30500,2026-08-24T14:25:00Z,IMPS,False,
BANK-TXN-00001995,ACCOUNT-000195,ACCOUNT-000022,3300,2026-06-02T17:05:00Z,UPI,False,
BANK-TXN-00001996,ACCOUNT-001029,ACCOUNT-000372,45500,2026-06-30T15:24:00Z,NEFT,False,
BANK-TXN-00001997,ACCOUNT-001339,ACCOUNT-001484,75100,2026-08-22T15:53:00Z,UPI,False,
BANK-TXN-00001998,ACCOUNT-000926,ACCOUNT-000601,20900,2026-08-08T21:22:00Z,UPI,False,
BANK-TXN-00001999,ACCOUNT-000318,ACCOUNT-001715,5000,2026-08-19T16:29:00Z,UPI,False,
BANK-TXN-00002000,ACCOUNT-001525,ACCOUNT-001653,26100,2026-06-06T03:11:00Z,UPI,False,
BANK-TXN-00002001,ACCOUNT-000458,ACCOUNT-000697,9500,2026-06-02T09:29:00Z,UPI,False,
BANK-TXN-00002002,ACCOUNT-001436,ACCOUNT-001942,9700,2026-08-14T18:52:00Z,RTGS,False,
BANK-TXN-00002003,ACCOUNT-001240,ACCOUNT-001153,25500,2026-08-25T12:37:00Z,IMPS,False,
BANK-TXN-00002004,ACCOUNT-001839,ACCOUNT-001421,37100,2026-07-12T08:54:00Z,UPI,False,
BANK-TXN-00002005,ACCOUNT-000894,ACCOUNT-001142,1700,2026-05-31T12:56:00Z,NEFT,False,
BANK-TXN-00002006,ACCOUNT-001362,ACCOUNT-000733,5800,2026-06-29T12:02:00Z,UPI,False,
BANK-TXN-00002007,ACCOUNT-000332,ACCOUNT-000177,41800,2026-06-16T16:48:00Z,RTGS,False,
BANK-TXN-00002008,ACCOUNT-000765,ACCOUNT-001142,8700,2026-07-26T11:10:00Z,UPI,False,
BANK-TXN-00002009,ACCOUNT-001147,ACCOUNT-000082,9700,2026-07-30T16:41:00Z,IMPS,False,
BANK-TXN-00002010,ACCOUNT-000023,ACCOUNT-000762,3400,2026-08-21T11:00:00Z,IMPS,False,
BANK-TXN-00002011,ACCOUNT-001200,ACCOUNT-001087,7000,2026-08-27T14:09:00Z,NEFT,False,
BANK-TXN-00002012,ACCOUNT-001763,ACCOUNT-000984,37200,2026-08-01T16:30:00Z,UPI,False,
BANK-TXN-00002013,ACCOUNT-000354,ACCOUNT-000795,1000,2026-06-19T08:26:00Z,IMPS,False,
BANK-TXN-00002014,ACCOUNT-001757,ACCOUNT-001045,38100,2026-08-10T04:56:00Z,RTGS,False,
BANK-TXN-00002015,ACCOUNT-000149,ACCOUNT-001160,46400,2026-08-07T15:12:00Z,IMPS,False,
BANK-TXN-00002016,ACCOUNT-001921,ACCOUNT-000462,26000,2026-07-26T12:12:00Z,NEFT,False,
BANK-TXN-00002017,ACCOUNT-001599,ACCOUNT-000809,20000,2026-08-25T16:14:00Z,UPI,False,
BANK-TXN-00002018,ACCOUNT-001713,ACCOUNT-001776,40700,2026-07-31T06:52:00Z,NEFT,False,
BANK-TXN-00002019,ACCOUNT-001044,ACCOUNT-001821,6500,2026-07-07T08:12:00Z,IMPS,False,
BANK-TXN-00002020,ACCOUNT-000590,ACCOUNT-001019,26600,2026-08-19T12:59:00Z,IMPS,False,
BANK-TXN-00002021,ACCOUNT-001443,ACCOUNT-001827,17100,2026-08-10T06:58:00Z,UPI,False,
BANK-TXN-00002022,ACCOUNT-000952,ACCOUNT-001332,66700,2026-07-16T14:26:00Z,NEFT,False,
BANK-TXN-00002023,ACCOUNT-001752,ACCOUNT-001943,85500,2026-06-29T10:36:00Z,IMPS,False,
BANK-TXN-00002024,ACCOUNT-001398,ACCOUNT-001240,8000,2026-06-13T08:24:00Z,UPI,False,
BANK-TXN-00002025,ACCOUNT-001417,ACCOUNT-001003,1700,2026-07-16T10:21:00Z,IMPS,False,
BANK-TXN-00002026,ACCOUNT-001914,ACCOUNT-000556,18200,2026-07-23T09:46:00Z,NEFT,False,
BANK-TXN-00002027,ACCOUNT-001160,ACCOUNT-000392,23200,2026-07-15T01:48:00Z,IMPS,False,
BANK-TXN-00002028,ACCOUNT-000571,ACCOUNT-000541,9900,2026-06-13T12:18:00Z,IMPS,False,
BANK-TXN-00002029,ACCOUNT-001612,ACCOUNT-000286,23800,2026-06-01T14:17:00Z,IMPS,False,
BANK-TXN-00002030,ACCOUNT-000419,ACCOUNT-001635,4700,2026-06-30T09:49:00Z,IMPS,False,
BANK-TXN-00002031,ACCOUNT-000597,ACCOUNT-001308,14600,2026-07-28T16:10:00Z,NEFT,False,
BANK-TXN-00002032,ACCOUNT-001659,ACCOUNT-001018,24500,2026-07-12T15:30:00Z,UPI,False,
BANK-TXN-00002033,ACCOUNT-000700,ACCOUNT-000300,2500,2026-07-27T09:44:00Z,NEFT,False,
BANK-TXN-00002034,ACCOUNT-000806,ACCOUNT-000007,22600,2026-08-20T16:01:00Z,UPI,False,
BANK-TXN-00002035,ACCOUNT-001128,ACCOUNT-001196,6700,2026-07-24T10:34:00Z,UPI,False,
BANK-TXN-00002036,ACCOUNT-000876,ACCOUNT-001287,34900,2026-06-27T09:30:00Z,UPI,False,
BANK-TXN-00002037,ACCOUNT-000287,ACCOUNT-000371,300,2026-08-13T13:09:00Z,NEFT,False,
BANK-TXN-00002038,ACCOUNT-000569,ACCOUNT-000221,4800,2026-06-19T10:52:00Z,IMPS,False,
BANK-TXN-00002039,ACCOUNT-000420,ACCOUNT-000082,2200,2026-06-05T10:00:00Z,RTGS,False,
BANK-TXN-00002040,ACCOUNT-001474,ACCOUNT-000568,8900,2026-07-23T12:46:00Z,IMPS,False,
BANK-TXN-00002041,ACCOUNT-001540,ACCOUNT-000547,5100,2026-06-19T13:45:00Z,IMPS,False,
BANK-TXN-00002042,ACCOUNT-000649,ACCOUNT-001562,30200,2026-07-31T16:08:00Z,UPI,False,
BANK-TXN-00002043,ACCOUNT-000036,ACCOUNT-000329,22400,2026-08-17T09:21:00Z,UPI,False,
BANK-TXN-00002044,ACCOUNT-000505,ACCOUNT-001732,58400,2026-07-07T16:31:00Z,NEFT,False,
BANK-TXN-00002045,ACCOUNT-001880,ACCOUNT-000452,21100,2026-07-24T18:45:00Z,IMPS,False,
BANK-TXN-00002046,ACCOUNT-001229,ACCOUNT-001740,600,2026-07-10T12:46:00Z,UPI,False,
BANK-TXN-00002047,ACCOUNT-000910,ACCOUNT-000907,88400,2026-08-09T06:36:00Z,UPI,False,
BANK-TXN-00002048,ACCOUNT-001109,ACCOUNT-001567,36100,2026-07-25T16:17:00Z,IMPS,False,
BANK-TXN-00002049,ACCOUNT-001074,ACCOUNT-000702,69800,2026-07-18T22:28:00Z,NEFT,False,
BANK-TXN-00002050,ACCOUNT-001243,ACCOUNT-000421,92800,2026-07-12T17:56:00Z,IMPS,False,
BANK-TXN-00002051,ACCOUNT-000774,ACCOUNT-000345,20300,2026-07-08T16:40:00Z,UPI,False,
BANK-TXN-00002052,ACCOUNT-001465,ACCOUNT-000596,49500,2026-07-30T13:04:00Z,UPI,False,
BANK-TXN-00002053,ACCOUNT-001916,ACCOUNT-001154,43200,2026-07-28T08:56:00Z,NEFT,False,
BANK-TXN-00002054,ACCOUNT-000797,ACCOUNT-001171,36100,2026-07-15T13:59:00Z,IMPS,False,
BANK-TXN-00002055,ACCOUNT-001863,ACCOUNT-000869,6700,2026-08-17T12:38:00Z,UPI,False,
BANK-TXN-00002056,ACCOUNT-000533,ACCOUNT-000981,83000,2026-08-08T17:06:00Z,UPI,False,
BANK-TXN-00002057,ACCOUNT-001088,ACCOUNT-001660,11200,2026-08-03T04:36:00Z,IMPS,False,
BANK-TXN-00002058,ACCOUNT-000185,ACCOUNT-001449,52500,2026-08-08T19:16:00Z,UPI,False,
BANK-TXN-00002059,ACCOUNT-001076,ACCOUNT-001909,7700,2026-07-27T11:42:00Z,UPI,False,
BANK-TXN-00002060,ACCOUNT-001876,ACCOUNT-000381,53400,2026-07-30T12:50:00Z,UPI,False,
BANK-TXN-00002061,ACCOUNT-000189,ACCOUNT-001272,6800,2026-08-22T09:10:00Z,UPI,False,
BANK-TXN-00002062,ACCOUNT-001930,ACCOUNT-000867,8800,2026-08-07T15:09:00Z,IMPS,False,
BANK-TXN-00002063,ACCOUNT-000138,ACCOUNT-001583,8400,2026-08-16T15:10:00Z,UPI,False,
BANK-TXN-00002064,ACCOUNT-000948,ACCOUNT-001134,97700,2026-07-12T07:51:00Z,UPI,False,
BANK-TXN-00002065,ACCOUNT-001612,ACCOUNT-000018,23100,2026-07-18T04:11:00Z,NEFT,False,
BANK-TXN-00002066,ACCOUNT-001026,ACCOUNT-001034,3100,2026-08-21T13:50:00Z,UPI,False,
BANK-TXN-00002067,ACCOUNT-000271,ACCOUNT-000496,21800,2026-06-12T04:24:00Z,UPI,False,
BANK-TXN-00002068,ACCOUNT-000359,ACCOUNT-001455,88600,2026-08-14T07:50:00Z,UPI,False,
BANK-TXN-00002069,ACCOUNT-000773,ACCOUNT-000279,42300,2026-08-28T14:27:00Z,IMPS,False,
BANK-TXN-00002070,ACCOUNT-001128,ACCOUNT-001109,68100,2026-07-08T03:31:00Z,IMPS,False,
BANK-TXN-00002071,ACCOUNT-001183,ACCOUNT-001472,29200,2026-07-08T06:27:00Z,UPI,False,
BANK-TXN-00002072,ACCOUNT-001024,ACCOUNT-000259,17600,2026-08-24T16:22:00Z,UPI,False,
BANK-TXN-00002073,ACCOUNT-001852,ACCOUNT-000845,2100,2026-07-11T13:37:00Z,UPI,False,
BANK-TXN-00002074,ACCOUNT-001537,ACCOUNT-000033,7800,2026-08-01T12:20:00Z,NEFT,False,
BANK-TXN-00002075,ACCOUNT-001619,ACCOUNT-001554,31200,2026-08-11T08:41:00Z,UPI,False,
BANK-TXN-00002076,ACCOUNT-001845,ACCOUNT-000466,43200,2026-07-03T15:35:00Z,UPI,False,
BANK-TXN-00002077,ACCOUNT-001808,ACCOUNT-000420,5900,2026-06-30T17:57:00Z,NEFT,False,
BANK-TXN-00002078,ACCOUNT-001890,ACCOUNT-000208,48200,2026-07-22T13:38:00Z,UPI,False,
BANK-TXN-00002079,ACCOUNT-001339,ACCOUNT-001787,23100,2026-07-04T19:42:00Z,IMPS,False,
BANK-TXN-00002080,ACCOUNT-000083,ACCOUNT-001913,6900,2026-06-28T20:39:00Z,NEFT,False,
BANK-TXN-00002081,ACCOUNT-000340,ACCOUNT-000023,63800,2026-08-16T17:15:00Z,UPI,False,
BANK-TXN-00002082,ACCOUNT-001044,ACCOUNT-000448,35300,2026-06-09T10:59:00Z,UPI,False,
BANK-TXN-00002083,ACCOUNT-001256,ACCOUNT-000943,11300,2026-07-15T09:42:00Z,NEFT,False,
BANK-TXN-00002084,ACCOUNT-001200,ACCOUNT-000253,51800,2026-07-03T06:33:00Z,IMPS,False,
BANK-TXN-00002085,ACCOUNT-001123,ACCOUNT-001493,33400,2026-06-17T11:51:00Z,IMPS,False,
BANK-TXN-00002086,ACCOUNT-000901,ACCOUNT-001499,5500,2026-06-08T15:51:00Z,IMPS,False,
BANK-TXN-00002087,ACCOUNT-000565,ACCOUNT-000808,900,2026-07-31T21:41:00Z,UPI,False,
BANK-TXN-00002088,ACCOUNT-001166,ACCOUNT-000397,7700,2026-07-06T05:04:00Z,UPI,False,
BANK-TXN-00002089,ACCOUNT-000523,ACCOUNT-001877,5200,2026-08-02T23:56:00Z,UPI,False,
BANK-TXN-00002090,ACCOUNT-000989,ACCOUNT-001612,9300,2026-08-20T16:02:00Z,UPI,False,
BANK-TXN-00002091,ACCOUNT-000164,ACCOUNT-001371,87200,2026-07-01T05:39:00Z,RTGS,False,
BANK-TXN-00002092,ACCOUNT-001743,ACCOUNT-000961,18300,2026-07-26T09:25:00Z,UPI,False,
BANK-TXN-00002093,ACCOUNT-001368,ACCOUNT-001397,89800,2026-06-14T10:43:00Z,NEFT,False,
BANK-TXN-00002094,ACCOUNT-000464,ACCOUNT-001669,23000,2026-08-26T12:43:00Z,UPI,False,
BANK-TXN-00002095,ACCOUNT-001484,ACCOUNT-000829,12700,2026-08-22T01:41:00Z,NEFT,False,
BANK-TXN-00002096,ACCOUNT-001137,ACCOUNT-000458,48100,2026-07-31T03:45:00Z,UPI,False,
BANK-TXN-00002097,ACCOUNT-000202,ACCOUNT-001429,35700,2026-06-20T11:34:00Z,IMPS,False,
BANK-TXN-00002098,ACCOUNT-000613,ACCOUNT-000167,5000,2026-07-28T17:30:00Z,UPI,False,
BANK-TXN-00002099,ACCOUNT-001822,ACCOUNT-000117,7600,2026-07-04T12:33:00Z,UPI,False,
BANK-TXN-00002100,ACCOUNT-000063,ACCOUNT-000684,47500,2026-07-12T17:45:00Z,RTGS,False,
BANK-TXN-00002101,ACCOUNT-001901,ACCOUNT-000812,6800,2026-06-14T16:33:00Z,UPI,False,
BANK-TXN-00002102,ACCOUNT-001648,ACCOUNT-000338,69200,2026-07-16T17:40:00Z,NEFT,False,
BANK-TXN-00002103,ACCOUNT-000207,ACCOUNT-000169,8400,2026-08-18T06:00:00Z,UPI,False,
BANK-TXN-00002104,ACCOUNT-001837,ACCOUNT-000190,3100,2026-05-31T08:57:00Z,UPI,False,
BANK-TXN-00002105,ACCOUNT-000274,ACCOUNT-000597,24600,2026-07-13T08:02:00Z,UPI,False,
BANK-TXN-00002106,ACCOUNT-000339,ACCOUNT-001829,54200,2026-07-20T14:58:00Z,RTGS,False,
BANK-TXN-00002107,ACCOUNT-001259,ACCOUNT-000001,46000,2026-08-04T06:03:00Z,RTGS,False,
BANK-TXN-00002108,ACCOUNT-000221,ACCOUNT-000548,53600,2026-06-14T14:07:00Z,NEFT,False,
BANK-TXN-00002109,ACCOUNT-000583,ACCOUNT-000284,14000,2026-08-20T11:06:00Z,IMPS,False,
BANK-TXN-00002110,ACCOUNT-001434,ACCOUNT-001055,10800,2026-08-16T11:46:00Z,UPI,False,
BANK-TXN-00002111,ACCOUNT-000694,ACCOUNT-001362,34100,2026-08-08T07:09:00Z,RTGS,False,
BANK-TXN-00002112,ACCOUNT-000628,ACCOUNT-000602,45600,2026-06-06T07:35:00Z,NEFT,False,
BANK-TXN-00002113,ACCOUNT-001627,ACCOUNT-001735,7900,2026-07-20T08:47:00Z,UPI,False,
BANK-TXN-00002114,ACCOUNT-000318,ACCOUNT-000076,1000,2026-08-18T20:04:00Z,UPI,False,
BANK-TXN-00002115,ACCOUNT-000920,ACCOUNT-000259,18100,2026-08-09T07:42:00Z,IMPS,False,
BANK-TXN-00002116,ACCOUNT-001472,ACCOUNT-000987,87300,2026-07-04T12:01:00Z,IMPS,False,
BANK-TXN-00002117,ACCOUNT-001920,ACCOUNT-001453,2400,2026-08-02T03:19:00Z,UPI,False,
BANK-TXN-00002118,ACCOUNT-000393,ACCOUNT-000707,19900,2026-08-20T21:07:00Z,UPI,False,
BANK-TXN-00002119,ACCOUNT-001020,ACCOUNT-000950,21500,2026-06-05T01:10:00Z,UPI,False,
BANK-TXN-00002120,ACCOUNT-000670,ACCOUNT-001527,94400,2026-07-05T08:02:00Z,IMPS,False,
BANK-TXN-00002121,ACCOUNT-000016,ACCOUNT-001781,3200,2026-08-07T01:34:00Z,NEFT,False,
BANK-TXN-00002122,ACCOUNT-000686,ACCOUNT-000304,80900,2026-08-23T03:45:00Z,UPI,False,
BANK-TXN-00002123,ACCOUNT-000570,ACCOUNT-001859,5000,2026-08-03T07:34:00Z,UPI,False,
BANK-TXN-00002124,ACCOUNT-000739,ACCOUNT-001457,10000,2026-07-16T05:37:00Z,UPI,False,
BANK-TXN-00002125,ACCOUNT-001581,ACCOUNT-001689,22900,2026-06-25T16:51:00Z,UPI,False,
BANK-TXN-00002126,ACCOUNT-000801,ACCOUNT-001822,60000,2026-06-22T00:21:00Z,UPI,False,
BANK-TXN-00002127,ACCOUNT-001946,ACCOUNT-001498,78000,2026-08-23T11:14:00Z,UPI,False,
BANK-TXN-00002128,ACCOUNT-001548,ACCOUNT-000935,40000,2026-08-23T14:59:00Z,IMPS,False,
BANK-TXN-00002129,ACCOUNT-001622,ACCOUNT-000129,48400,2026-06-29T05:34:00Z,NEFT,False,
BANK-TXN-00002130,ACCOUNT-001172,ACCOUNT-000473,31700,2026-07-19T04:46:00Z,UPI,False,
BANK-TXN-00002131,ACCOUNT-001336,ACCOUNT-001746,63000,2026-08-24T05:18:00Z,UPI,False,
BANK-TXN-00002132,ACCOUNT-000009,ACCOUNT-001087,31100,2026-07-30T21:08:00Z,UPI,False,
BANK-TXN-00002133,ACCOUNT-000881,ACCOUNT-000098,91600,2026-08-19T05:43:00Z,NEFT,False,
BANK-TXN-00002134,ACCOUNT-001925,ACCOUNT-000854,11300,2026-08-26T11:14:00Z,UPI,False,
BANK-TXN-00002135,ACCOUNT-001189,ACCOUNT-000438,1600,2026-06-21T08:42:00Z,NEFT,False,
BANK-TXN-00002136,ACCOUNT-000797,ACCOUNT-001149,5000,2026-07-17T16:19:00Z,IMPS,False,
BANK-TXN-00002137,ACCOUNT-000164,ACCOUNT-000674,700,2026-06-07T15:30:00Z,UPI,False,
BANK-TXN-00002138,ACCOUNT-001535,ACCOUNT-001498,20600,2026-07-26T17:42:00Z,UPI,False,
BANK-TXN-00002139,ACCOUNT-000874,ACCOUNT-000418,17900,2026-08-08T13:12:00Z,RTGS,False,
BANK-TXN-00002140,ACCOUNT-001417,ACCOUNT-001124,100,2026-06-08T20:51:00Z,RTGS,False,
BANK-TXN-00002141,ACCOUNT-000136,ACCOUNT-001595,33600,2026-07-25T01:53:00Z,UPI,False,
BANK-TXN-00002142,ACCOUNT-001569,ACCOUNT-001711,42100,2026-06-21T11:53:00Z,IMPS,False,
BANK-TXN-00002143,ACCOUNT-001609,ACCOUNT-000171,7400,2026-07-14T06:38:00Z,NEFT,False,
BANK-TXN-00002144,ACCOUNT-001117,ACCOUNT-001936,91100,2026-07-27T07:02:00Z,RTGS,False,
BANK-TXN-00002145,ACCOUNT-001570,ACCOUNT-000177,8300,2026-08-20T17:39:00Z,NEFT,False,
BANK-TXN-00002146,ACCOUNT-001096,ACCOUNT-000398,10700,2026-06-28T00:12:00Z,UPI,False,
BANK-TXN-00002147,ACCOUNT-000798,ACCOUNT-001624,30400,2026-07-04T18:28:00Z,UPI,False,
BANK-TXN-00002148,ACCOUNT-001272,ACCOUNT-001306,4800,2026-06-28T06:13:00Z,UPI,False,
BANK-TXN-00002149,ACCOUNT-001346,ACCOUNT-001913,33200,2026-06-26T10:31:00Z,IMPS,False,
BANK-TXN-00002150,ACCOUNT-000408,ACCOUNT-001844,3700,2026-08-23T22:48:00Z,UPI,False,
BANK-TXN-00002151,ACCOUNT-001362,ACCOUNT-001913,2100,2026-07-12T08:34:00Z,NEFT,False,
BANK-TXN-00002152,ACCOUNT-000175,ACCOUNT-000275,3800,2026-08-16T09:25:00Z,UPI,False,
BANK-TXN-00002153,ACCOUNT-001013,ACCOUNT-001134,4000,2026-06-19T07:39:00Z,NEFT,False,
BANK-TXN-00002154,ACCOUNT-001611,ACCOUNT-001711,92000,2026-06-08T14:41:00Z,UPI,False,
BANK-TXN-00002155,ACCOUNT-000080,ACCOUNT-001759,9400,2026-08-15T21:41:00Z,UPI,False,
BANK-TXN-00002156,ACCOUNT-000778,ACCOUNT-000314,3400,2026-07-24T13:34:00Z,UPI,False,
BANK-TXN-00002157,ACCOUNT-001021,ACCOUNT-000632,18300,2026-07-21T12:59:00Z,UPI,False,
BANK-TXN-00002158,ACCOUNT-000191,ACCOUNT-001781,93600,2026-08-11T02:22:00Z,UPI,False,
BANK-TXN-00002159,ACCOUNT-000233,ACCOUNT-000195,1200,2026-07-26T06:40:00Z,IMPS,False,
BANK-TXN-00002160,ACCOUNT-001193,ACCOUNT-001640,24000,2026-08-18T15:43:00Z,IMPS,False,
BANK-TXN-00002161,ACCOUNT-001870,ACCOUNT-001760,94500,2026-08-18T05:25:00Z,IMPS,False,
BANK-TXN-00002162,ACCOUNT-000609,ACCOUNT-001857,44200,2026-06-19T08:54:00Z,NEFT,False,
BANK-TXN-00002163,ACCOUNT-000639,ACCOUNT-001882,11300,2026-07-06T19:39:00Z,UPI,False,
BANK-TXN-00002164,ACCOUNT-000194,ACCOUNT-001944,26000,2026-06-14T23:03:00Z,UPI,False,
BANK-TXN-00002165,ACCOUNT-000740,ACCOUNT-000832,98100,2026-06-20T18:50:00Z,IMPS,False,
BANK-TXN-00002166,ACCOUNT-001627,ACCOUNT-000508,85800,2026-08-18T14:49:00Z,NEFT,False,
BANK-TXN-00002167,ACCOUNT-001292,ACCOUNT-001664,6000,2026-08-26T11:14:00Z,IMPS,False,
BANK-TXN-00002168,ACCOUNT-001684,ACCOUNT-001770,4400,2026-06-02T10:34:00Z,UPI,False,
BANK-TXN-00002169,ACCOUNT-000560,ACCOUNT-001182,2800,2026-08-04T11:45:00Z,UPI,False,
BANK-TXN-00002170,ACCOUNT-001366,ACCOUNT-000796,13400,2026-08-04T05:42:00Z,UPI,False,
BANK-TXN-00002171,ACCOUNT-001210,ACCOUNT-000843,93800,2026-06-15T14:45:00Z,NEFT,False,
BANK-TXN-00002172,ACCOUNT-001448,ACCOUNT-000861,800,2026-07-27T08:29:00Z,UPI,False,
BANK-TXN-00002173,ACCOUNT-000392,ACCOUNT-001530,9100,2026-07-27T07:24:00Z,IMPS,False,
BANK-TXN-00002174,ACCOUNT-001375,ACCOUNT-000510,9700,2026-08-12T07:46:00Z,UPI,False,
BANK-TXN-00002175,ACCOUNT-000148,ACCOUNT-001401,12800,2026-07-09T17:47:00Z,IMPS,False,
BANK-TXN-00002176,ACCOUNT-001335,ACCOUNT-000431,27700,2026-08-14T06:00:00Z,UPI,False,
BANK-TXN-00002177,ACCOUNT-000916,ACCOUNT-000296,2400,2026-08-10T07:10:00Z,UPI,False,
BANK-TXN-00002178,ACCOUNT-000842,ACCOUNT-000776,41900,2026-06-05T10:43:00Z,UPI,False,
BANK-TXN-00002179,ACCOUNT-001301,ACCOUNT-000299,8100,2026-08-02T13:48:00Z,UPI,False,
BANK-TXN-00002180,ACCOUNT-000561,ACCOUNT-000896,29000,2026-08-22T15:33:00Z,UPI,False,
BANK-TXN-00002181,ACCOUNT-001821,ACCOUNT-001708,15200,2026-08-21T06:27:00Z,UPI,False,
BANK-TXN-00002182,ACCOUNT-001805,ACCOUNT-000589,44600,2026-08-10T14:49:00Z,UPI,False,
BANK-TXN-00002183,ACCOUNT-001610,ACCOUNT-001562,17700,2026-06-22T20:31:00Z,IMPS,False,
BANK-TXN-00002184,ACCOUNT-000921,ACCOUNT-000412,49600,2026-06-01T04:07:00Z,UPI,False,
BANK-TXN-00002185,ACCOUNT-000329,ACCOUNT-000984,5000,2026-07-31T12:52:00Z,UPI,False,
BANK-TXN-00002186,ACCOUNT-000996,ACCOUNT-000788,82800,2026-07-31T00:25:00Z,NEFT,False,
BANK-TXN-00002187,ACCOUNT-000225,ACCOUNT-000549,1800,2026-07-12T10:16:00Z,NEFT,False,
BANK-TXN-00002188,ACCOUNT-001058,ACCOUNT-001638,3700,2026-07-20T06:59:00Z,RTGS,False,
BANK-TXN-00002189,ACCOUNT-000220,ACCOUNT-000495,93800,2026-07-23T15:45:00Z,IMPS,False,
BANK-TXN-00002190,ACCOUNT-001637,ACCOUNT-001894,50000,2026-06-22T02:20:00Z,UPI,False,
BANK-TXN-00002191,ACCOUNT-000306,ACCOUNT-000041,71400,2026-07-18T06:11:00Z,IMPS,False,
BANK-TXN-00002192,ACCOUNT-000003,ACCOUNT-000986,20800,2026-08-04T16:14:00Z,UPI,False,
BANK-TXN-00002193,ACCOUNT-001648,ACCOUNT-000557,78900,2026-06-14T16:35:00Z,IMPS,False,
BANK-TXN-00002194,ACCOUNT-000197,ACCOUNT-000779,7000,2026-06-29T08:04:00Z,UPI,False,
BANK-TXN-00002195,ACCOUNT-000689,ACCOUNT-000731,22600,2026-06-29T06:26:00Z,UPI,False,
BANK-TXN-00002196,ACCOUNT-001152,ACCOUNT-000034,6400,2026-06-01T19:24:00Z,UPI,False,
BANK-TXN-00002197,ACCOUNT-000090,ACCOUNT-000420,700,2026-06-30T12:13:00Z,IMPS,False,
BANK-TXN-00002198,ACCOUNT-001124,ACCOUNT-000904,7300,2026-08-11T16:47:00Z,UPI,False,
BANK-TXN-00002199,ACCOUNT-000526,ACCOUNT-000024,95500,2026-06-14T12:43:00Z,UPI,False,
BANK-TXN-00002200,ACCOUNT-000429,ACCOUNT-000192,600,2026-07-16T02:21:00Z,NEFT,False,
BANK-TXN-00002201,ACCOUNT-001621,ACCOUNT-001226,5200,2026-06-21T06:12:00Z,UPI,False,
BANK-TXN-00002202,ACCOUNT-000568,ACCOUNT-001109,3200,2026-08-07T08:16:00Z,NEFT,False,
BANK-TXN-00002203,ACCOUNT-000444,ACCOUNT-001630,3300,2026-07-07T03:54:00Z,IMPS,False,
BANK-TXN-00002204,ACCOUNT-001895,ACCOUNT-001179,19100,2026-07-24T23:16:00Z,IMPS,False,
BANK-TXN-00002205,ACCOUNT-001140,ACCOUNT-001426,51000,2026-08-07T22:54:00Z,IMPS,False,
BANK-TXN-00002206,ACCOUNT-000395,ACCOUNT-000353,6200,2026-08-08T15:58:00Z,NEFT,False,
BANK-TXN-00002207,ACCOUNT-000405,ACCOUNT-000272,30700,2026-07-22T11:18:00Z,IMPS,False,
BANK-TXN-00002208,ACCOUNT-000065,ACCOUNT-000242,21000,2026-08-02T13:12:00Z,UPI,False,
BANK-TXN-00002209,ACCOUNT-000130,ACCOUNT-001708,7300,2026-08-08T12:00:00Z,UPI,False,
BANK-TXN-00002210,ACCOUNT-000359,ACCOUNT-001402,6300,2026-07-06T18:12:00Z,UPI,False,
BANK-TXN-00002211,ACCOUNT-000851,ACCOUNT-000223,6700,2026-07-04T15:08:00Z,IMPS,False,
BANK-TXN-00002212,ACCOUNT-001462,ACCOUNT-001137,96000,2026-06-03T10:03:00Z,RTGS,False,
BANK-TXN-00002213,ACCOUNT-001200,ACCOUNT-000676,83800,2026-07-02T17:22:00Z,IMPS,False,
BANK-TXN-00002214,ACCOUNT-000920,ACCOUNT-000871,32100,2026-08-06T09:10:00Z,UPI,False,
BANK-TXN-00002215,ACCOUNT-001242,ACCOUNT-000439,44700,2026-08-26T16:42:00Z,UPI,False,
BANK-TXN-00002216,ACCOUNT-001900,ACCOUNT-000187,5300,2026-06-15T17:16:00Z,UPI,False,
BANK-TXN-00002217,ACCOUNT-001435,ACCOUNT-001093,86400,2026-08-14T10:35:00Z,IMPS,False,
BANK-TXN-00002218,ACCOUNT-000277,ACCOUNT-000109,5800,2026-06-23T16:04:00Z,UPI,False,
BANK-TXN-00002219,ACCOUNT-000104,ACCOUNT-001042,8400,2026-06-12T10:56:00Z,IMPS,False,
BANK-TXN-00002220,ACCOUNT-000695,ACCOUNT-001076,24000,2026-06-21T19:44:00Z,UPI,False,
BANK-TXN-00002221,ACCOUNT-000366,ACCOUNT-000091,5800,2026-07-05T11:07:00Z,NEFT,False,
BANK-TXN-00002222,ACCOUNT-000452,ACCOUNT-001432,72600,2026-06-08T19:51:00Z,UPI,False,
BANK-TXN-00002223,ACCOUNT-001477,ACCOUNT-001299,21700,2026-06-20T19:12:00Z,UPI,False,
BANK-TXN-00002224,ACCOUNT-000566,ACCOUNT-001736,5000,2026-07-16T22:12:00Z,UPI,False,
BANK-TXN-00002225,ACCOUNT-001362,ACCOUNT-001415,600,2026-08-25T04:14:00Z,UPI,False,
BANK-TXN-00002226,ACCOUNT-001552,ACCOUNT-001521,8000,2026-06-08T09:55:00Z,RTGS,False,
BANK-TXN-00002227,ACCOUNT-000202,ACCOUNT-000900,51300,2026-06-21T08:57:00Z,IMPS,False,
BANK-TXN-00002228,ACCOUNT-000724,ACCOUNT-000641,83000,2026-07-11T08:10:00Z,UPI,False,
BANK-TXN-00002229,ACCOUNT-000599,ACCOUNT-000535,8800,2026-08-08T19:08:00Z,IMPS,False,
BANK-TXN-00002230,ACCOUNT-001106,ACCOUNT-000977,1000,2026-07-23T11:02:00Z,UPI,False,
BANK-TXN-00002231,ACCOUNT-001564,ACCOUNT-000592,19700,2026-06-25T09:58:00Z,UPI,False,
BANK-TXN-00002232,ACCOUNT-001039,ACCOUNT-000891,100,2026-06-30T22:22:00Z,IMPS,False,
BANK-TXN-00002233,ACCOUNT-001815,ACCOUNT-000504,2400,2026-07-11T13:39:00Z,IMPS,False,
BANK-TXN-00002234,ACCOUNT-000564,ACCOUNT-001086,1600,2026-08-09T12:24:00Z,UPI,False,
BANK-TXN-00002235,ACCOUNT-001634,ACCOUNT-000552,11200,2026-06-24T15:40:00Z,UPI,False,
BANK-TXN-00002236,ACCOUNT-001683,ACCOUNT-000349,86500,2026-06-16T13:58:00Z,UPI,False,
BANK-TXN-00002237,ACCOUNT-000963,ACCOUNT-000109,93800,2026-07-07T16:34:00Z,IMPS,False,
BANK-TXN-00002238,ACCOUNT-000943,ACCOUNT-001266,89800,2026-07-14T06:59:00Z,IMPS,False,
BANK-TXN-00002239,ACCOUNT-001923,ACCOUNT-001754,1800,2026-06-22T16:56:00Z,NEFT,False,
BANK-TXN-00002240,ACCOUNT-001901,ACCOUNT-000251,3600,2026-07-09T15:27:00Z,NEFT,False,
BANK-TXN-00002241,ACCOUNT-001513,ACCOUNT-000011,8500,2026-07-26T08:44:00Z,NEFT,False,
BANK-TXN-00002242,ACCOUNT-001021,ACCOUNT-001804,8300,2026-07-28T10:36:00Z,IMPS,False,
BANK-TXN-00002243,ACCOUNT-000819,ACCOUNT-000549,9400,2026-07-28T17:56:00Z,UPI,False,
BANK-TXN-00002244,ACCOUNT-001389,ACCOUNT-000605,20400,2026-08-07T10:19:00Z,UPI,False,
BANK-TXN-00002245,ACCOUNT-000043,ACCOUNT-000498,23500,2026-07-06T06:52:00Z,UPI,False,
BANK-TXN-00002246,ACCOUNT-000214,ACCOUNT-000635,2500,2026-07-27T19:05:00Z,UPI,False,
BANK-TXN-00002247,ACCOUNT-001294,ACCOUNT-000799,17400,2026-08-08T13:12:00Z,NEFT,False,
BANK-TXN-00002248,ACCOUNT-000087,ACCOUNT-000383,18700,2026-07-08T06:14:00Z,UPI,False,
BANK-TXN-00002249,ACCOUNT-000383,ACCOUNT-000602,4300,2026-08-04T01:02:00Z,UPI,False,
BANK-TXN-00002250,ACCOUNT-000773,ACCOUNT-000631,23100,2026-07-07T06:05:00Z,IMPS,False,
BANK-TXN-00002251,ACCOUNT-001669,ACCOUNT-001087,9600,2026-06-25T02:59:00Z,UPI,False,
BANK-TXN-00002252,ACCOUNT-000495,ACCOUNT-001139,18400,2026-05-31T11:49:00Z,IMPS,False,
BANK-TXN-00002253,ACCOUNT-000275,ACCOUNT-000954,10900,2026-06-11T04:57:00Z,UPI,False,
BANK-TXN-00002254,ACCOUNT-001309,ACCOUNT-000118,6300,2026-07-22T15:02:00Z,RTGS,False,
BANK-TXN-00002255,ACCOUNT-001688,ACCOUNT-000728,66100,2026-08-04T05:44:00Z,NEFT,False,
BANK-TXN-00002256,ACCOUNT-000251,ACCOUNT-000809,600,2026-07-31T05:09:00Z,UPI,False,
BANK-TXN-00002257,ACCOUNT-001229,ACCOUNT-000932,3500,2026-06-22T11:04:00Z,UPI,False,
BANK-TXN-00002258,ACCOUNT-000407,ACCOUNT-000494,8100,2026-06-14T19:17:00Z,UPI,False,
BANK-TXN-00002259,ACCOUNT-000830,ACCOUNT-001319,46800,2026-07-18T00:58:00Z,UPI,False,
BANK-TXN-00002260,ACCOUNT-000158,ACCOUNT-000172,19900,2026-06-11T06:29:00Z,UPI,False,
BANK-TXN-00002261,ACCOUNT-001026,ACCOUNT-001758,95600,2026-07-07T06:14:00Z,UPI,False,
BANK-TXN-00002262,ACCOUNT-001867,ACCOUNT-000379,3800,2026-08-02T05:09:00Z,UPI,False,
BANK-TXN-00002263,ACCOUNT-001595,ACCOUNT-000850,76800,2026-08-14T10:07:00Z,NEFT,False,
BANK-TXN-00002264,ACCOUNT-000501,ACCOUNT-001410,31700,2026-07-11T14:20:00Z,IMPS,False,
BANK-TXN-00002265,ACCOUNT-001686,ACCOUNT-001221,48400,2026-08-13T01:02:00Z,UPI,False,
BANK-TXN-00002266,ACCOUNT-001272,ACCOUNT-001393,13400,2026-08-01T13:21:00Z,NEFT,False,
BANK-TXN-00002267,ACCOUNT-000157,ACCOUNT-000638,82700,2026-06-12T20:53:00Z,IMPS,False,
BANK-TXN-00002268,ACCOUNT-000588,ACCOUNT-000223,38500,2026-06-20T14:46:00Z,UPI,False,
BANK-TXN-00002269,ACCOUNT-001717,ACCOUNT-000055,6000,2026-06-14T17:34:00Z,NEFT,False,
BANK-TXN-00002270,ACCOUNT-000323,ACCOUNT-001929,5400,2026-08-01T09:28:00Z,UPI,False,
BANK-TXN-00002271,ACCOUNT-000564,ACCOUNT-000687,10900,2026-07-16T12:55:00Z,IMPS,False,
BANK-TXN-00002272,ACCOUNT-001756,ACCOUNT-001497,49000,2026-07-22T17:26:00Z,IMPS,False,
BANK-TXN-00002273,ACCOUNT-001699,ACCOUNT-000752,16000,2026-06-09T22:10:00Z,UPI,False,
BANK-TXN-00002274,ACCOUNT-000810,ACCOUNT-000878,3400,2026-07-04T01:13:00Z,IMPS,False,
BANK-TXN-00002275,ACCOUNT-000239,ACCOUNT-001529,300,2026-08-12T12:06:00Z,NEFT,False,
BANK-TXN-00002276,ACCOUNT-001792,ACCOUNT-000114,35100,2026-06-23T03:37:00Z,NEFT,False,
BANK-TXN-00002277,ACCOUNT-000182,ACCOUNT-001676,26800,2026-08-25T13:17:00Z,UPI,False,
BANK-TXN-00002278,ACCOUNT-001527,ACCOUNT-000436,6600,2026-08-16T01:11:00Z,NEFT,False,
BANK-TXN-00002279,ACCOUNT-000729,ACCOUNT-000107,39600,2026-07-04T11:49:00Z,UPI,False,
BANK-TXN-00002280,ACCOUNT-001283,ACCOUNT-001736,8900,2026-06-27T12:25:00Z,UPI,False,
BANK-TXN-00002281,ACCOUNT-001075,ACCOUNT-001703,1600,2026-07-26T14:58:00Z,UPI,False,
BANK-TXN-00002282,ACCOUNT-001136,ACCOUNT-000011,7100,2026-06-22T00:11:00Z,UPI,False,
BANK-TXN-00002283,ACCOUNT-000977,ACCOUNT-001768,56900,2026-06-04T02:13:00Z,UPI,False,
BANK-TXN-00002284,ACCOUNT-000435,ACCOUNT-000479,400,2026-06-07T13:14:00Z,UPI,False,
BANK-TXN-00002285,ACCOUNT-000759,ACCOUNT-000925,3300,2026-06-01T07:22:00Z,UPI,False,
BANK-TXN-00002286,ACCOUNT-001157,ACCOUNT-001190,59300,2026-08-20T05:42:00Z,NEFT,False,
BANK-TXN-00002287,ACCOUNT-001464,ACCOUNT-000928,44300,2026-07-27T09:50:00Z,IMPS,False,
BANK-TXN-00002288,ACCOUNT-001174,ACCOUNT-001278,91300,2026-06-09T12:21:00Z,UPI,False,
BANK-TXN-00002289,ACCOUNT-001599,ACCOUNT-001346,88800,2026-07-22T04:19:00Z,IMPS,False,
BANK-TXN-00002290,ACCOUNT-001495,ACCOUNT-001385,27200,2026-06-03T06:06:00Z,NEFT,False,
BANK-TXN-00002291,ACCOUNT-000606,ACCOUNT-000298,41300,2026-06-21T06:23:00Z,RTGS,False,
BANK-TXN-00002292,ACCOUNT-000509,ACCOUNT-000301,5000,2026-07-17T10:42:00Z,UPI,False,
BANK-TXN-00002293,ACCOUNT-000635,ACCOUNT-001167,6100,2026-06-10T06:06:00Z,NEFT,False,
BANK-TXN-00002294,ACCOUNT-000222,ACCOUNT-000379,35300,2026-07-31T14:51:00Z,IMPS,False,
BANK-TXN-00002295,ACCOUNT-001921,ACCOUNT-000113,74200,2026-07-07T09:59:00Z,UPI,False,
BANK-TXN-00002296,ACCOUNT-001312,ACCOUNT-000242,4200,2026-07-01T06:03:00Z,UPI,False,
BANK-TXN-00002297,ACCOUNT-001535,ACCOUNT-000443,8300,2026-07-20T10:14:00Z,IMPS,False,
BANK-TXN-00002298,ACCOUNT-000668,ACCOUNT-001373,8300,2026-06-05T09:37:00Z,UPI,False,
BANK-TXN-00002299,ACCOUNT-001838,ACCOUNT-001150,2300,2026-08-26T04:42:00Z,RTGS,False,
BANK-TXN-00002300,ACCOUNT-001818,ACCOUNT-001360,81200,2026-08-13T00:03:00Z,UPI,False,
BANK-TXN-00002301,ACCOUNT-000062,ACCOUNT-001125,23900,2026-08-10T12:12:00Z,IMPS,False,
BANK-TXN-00002302,ACCOUNT-000890,ACCOUNT-001354,39600,2026-07-25T19:25:00Z,UPI,False,
BANK-TXN-00002303,ACCOUNT-000834,ACCOUNT-001291,3600,2026-08-19T02:47:00Z,UPI,False,
BANK-TXN-00002304,ACCOUNT-000873,ACCOUNT-000202,9900,2026-06-03T04:04:00Z,UPI,False,
BANK-TXN-00002305,ACCOUNT-001083,ACCOUNT-000643,1700,2026-06-16T14:01:00Z,NEFT,False,
BANK-TXN-00002306,ACCOUNT-001592,ACCOUNT-000547,90700,2026-07-08T10:45:00Z,IMPS,False,
BANK-TXN-00002307,ACCOUNT-001741,ACCOUNT-001043,1100,2026-07-25T08:58:00Z,UPI,False,
BANK-TXN-00002308,ACCOUNT-000459,ACCOUNT-000003,40300,2026-08-28T08:28:00Z,UPI,False,
BANK-TXN-00002309,ACCOUNT-001813,ACCOUNT-000798,37800,2026-08-20T00:53:00Z,UPI,False,
BANK-TXN-00002310,ACCOUNT-000167,ACCOUNT-001369,400,2026-08-04T05:39:00Z,NEFT,False,
BANK-TXN-00002311,ACCOUNT-000769,ACCOUNT-001081,1900,2026-08-21T09:43:00Z,IMPS,False,
BANK-TXN-00002312,ACCOUNT-000150,ACCOUNT-001757,9000,2026-07-18T21:34:00Z,UPI,False,
BANK-TXN-00002313,ACCOUNT-001786,ACCOUNT-001193,5300,2026-07-03T08:20:00Z,IMPS,False,
BANK-TXN-00002314,ACCOUNT-000452,ACCOUNT-001306,36200,2026-07-24T15:03:00Z,UPI,False,
BANK-TXN-00002315,ACCOUNT-000577,ACCOUNT-000801,9600,2026-08-08T20:32:00Z,UPI,False,
BANK-TXN-00002316,ACCOUNT-001768,ACCOUNT-000844,10400,2026-06-04T17:52:00Z,IMPS,False,
BANK-TXN-00002317,ACCOUNT-000189,ACCOUNT-001528,48600,2026-06-27T07:08:00Z,UPI,False,
BANK-TXN-00002318,ACCOUNT-000098,ACCOUNT-000330,5000,2026-06-17T07:22:00Z,IMPS,False,
BANK-TXN-00002319,ACCOUNT-000047,ACCOUNT-000814,1300,2026-06-22T08:44:00Z,UPI,False,
BANK-TXN-00002320,ACCOUNT-000930,ACCOUNT-000476,19100,2026-08-17T02:01:00Z,IMPS,False,
BANK-TXN-00002321,ACCOUNT-000351,ACCOUNT-000415,3000,2026-07-15T02:35:00Z,UPI,False,
BANK-TXN-00002322,ACCOUNT-000163,ACCOUNT-000951,9300,2026-08-27T16:03:00Z,UPI,False,
BANK-TXN-00002323,ACCOUNT-001235,ACCOUNT-000335,31000,2026-08-28T13:46:00Z,NEFT,False,
BANK-TXN-00002324,ACCOUNT-001372,ACCOUNT-000651,99900,2026-08-12T11:26:00Z,UPI,False,
BANK-TXN-00002325,ACCOUNT-000249,ACCOUNT-000390,65100,2026-08-01T12:03:00Z,UPI,False,
BANK-TXN-00002326,ACCOUNT-001214,ACCOUNT-000101,1000,2026-08-07T04:40:00Z,NEFT,False,
BANK-TXN-00002327,ACCOUNT-000603,ACCOUNT-001046,32000,2026-08-23T01:54:00Z,UPI,False,
BANK-TXN-00002328,ACCOUNT-000109,ACCOUNT-000485,2600,2026-07-02T16:44:00Z,UPI,False,
BANK-TXN-00002329,ACCOUNT-000222,ACCOUNT-001900,42000,2026-08-10T03:13:00Z,UPI,False,
BANK-TXN-00002330,ACCOUNT-001875,ACCOUNT-000383,3200,2026-08-19T23:50:00Z,NEFT,False,
BANK-TXN-00002331,ACCOUNT-001207,ACCOUNT-001099,23200,2026-08-05T18:48:00Z,NEFT,False,
BANK-TXN-00002332,ACCOUNT-000860,ACCOUNT-000352,45000,2026-06-16T10:13:00Z,IMPS,False,
BANK-TXN-00002333,ACCOUNT-001243,ACCOUNT-000897,8400,2026-07-30T06:05:00Z,UPI,False,
BANK-TXN-00002334,ACCOUNT-000236,ACCOUNT-001737,20400,2026-06-24T16:17:00Z,UPI,False,
BANK-TXN-00002335,ACCOUNT-000469,ACCOUNT-001173,45100,2026-07-02T01:59:00Z,IMPS,False,
BANK-TXN-00002336,ACCOUNT-001116,ACCOUNT-001473,3000,2026-06-08T12:17:00Z,UPI,False,
BANK-TXN-00002337,ACCOUNT-000126,ACCOUNT-000825,89900,2026-06-26T15:35:00Z,NEFT,False,
BANK-TXN-00002338,ACCOUNT-001762,ACCOUNT-001623,38800,2026-08-27T14:00:00Z,UPI,False,
BANK-TXN-00002339,ACCOUNT-001350,ACCOUNT-001722,18300,2026-08-07T16:20:00Z,IMPS,False,
BANK-TXN-00002340,ACCOUNT-000177,ACCOUNT-000806,5000,2026-06-03T03:37:00Z,UPI,False,
BANK-TXN-00002341,ACCOUNT-000917,ACCOUNT-001920,57600,2026-08-15T07:35:00Z,IMPS,False,
BANK-TXN-00002342,ACCOUNT-001071,ACCOUNT-001334,7000,2026-08-06T20:24:00Z,IMPS,False,
BANK-TXN-00002343,ACCOUNT-000936,ACCOUNT-001547,77300,2026-06-13T01:25:00Z,IMPS,False,
BANK-TXN-00002344,ACCOUNT-000550,ACCOUNT-000482,23900,2026-07-04T08:26:00Z,NEFT,False,
BANK-TXN-00002345,ACCOUNT-000325,ACCOUNT-000260,3900,2026-08-24T04:09:00Z,IMPS,False,
BANK-TXN-00002346,ACCOUNT-000471,ACCOUNT-001357,86600,2026-06-20T12:14:00Z,IMPS,False,
BANK-TXN-00002347,ACCOUNT-001040,ACCOUNT-000598,67200,2026-06-07T17:04:00Z,NEFT,False,
BANK-TXN-00002348,ACCOUNT-001249,ACCOUNT-001049,1900,2026-06-19T08:19:00Z,UPI,False,
BANK-TXN-00002349,ACCOUNT-001283,ACCOUNT-001118,4500,2026-06-25T11:09:00Z,IMPS,False,
BANK-TXN-00002350,ACCOUNT-000188,ACCOUNT-000732,36400,2026-08-06T15:26:00Z,UPI,False,
BANK-TXN-00002351,ACCOUNT-000402,ACCOUNT-001105,73100,2026-06-05T16:01:00Z,UPI,False,
BANK-TXN-00002352,ACCOUNT-001598,ACCOUNT-000160,37600,2026-06-11T20:20:00Z,IMPS,False,
BANK-TXN-00002353,ACCOUNT-001009,ACCOUNT-000788,96800,2026-06-20T17:21:00Z,UPI,False,
BANK-TXN-00002354,ACCOUNT-001019,ACCOUNT-001472,23200,2026-08-09T04:52:00Z,IMPS,False,
BANK-TXN-00002355,ACCOUNT-001012,ACCOUNT-001536,23400,2026-08-24T06:26:00Z,UPI,False,
BANK-TXN-00002356,ACCOUNT-001318,ACCOUNT-000382,11300,2026-06-02T08:45:00Z,IMPS,False,
BANK-TXN-00002357,ACCOUNT-001809,ACCOUNT-000062,34700,2026-06-05T03:37:00Z,IMPS,False,
BANK-TXN-00002358,ACCOUNT-000680,ACCOUNT-001405,1100,2026-07-01T09:59:00Z,UPI,False,
BANK-TXN-00002359,ACCOUNT-001110,ACCOUNT-000361,14600,2026-07-16T04:43:00Z,NEFT,False,
BANK-TXN-00002360,ACCOUNT-000806,ACCOUNT-000944,17500,2026-06-14T13:52:00Z,UPI,False,
BANK-TXN-00002361,ACCOUNT-000506,ACCOUNT-001299,93300,2026-08-11T07:13:00Z,UPI,False,
BANK-TXN-00002362,ACCOUNT-000802,ACCOUNT-001701,99100,2026-07-31T04:48:00Z,NEFT,False,
BANK-TXN-00002363,ACCOUNT-001173,ACCOUNT-001914,12000,2026-08-15T13:50:00Z,IMPS,False,
BANK-TXN-00002364,ACCOUNT-001876,ACCOUNT-000672,29500,2026-08-05T10:39:00Z,NEFT,False,
BANK-TXN-00002365,ACCOUNT-000704,ACCOUNT-000797,49200,2026-08-07T01:50:00Z,IMPS,False,
BANK-TXN-00002366,ACCOUNT-001779,ACCOUNT-001423,12600,2026-07-31T13:22:00Z,UPI,False,
BANK-TXN-00002367,ACCOUNT-001925,ACCOUNT-001034,19300,2026-08-15T10:35:00Z,UPI,False,
BANK-TXN-00002368,ACCOUNT-001323,ACCOUNT-001003,66600,2026-06-23T15:36:00Z,UPI,False,
BANK-TXN-00002369,ACCOUNT-000657,ACCOUNT-001549,15700,2026-06-27T06:42:00Z,UPI,False,
BANK-TXN-00002370,ACCOUNT-000628,ACCOUNT-001287,92200,2026-06-10T17:17:00Z,IMPS,False,
BANK-TXN-00002371,ACCOUNT-001898,ACCOUNT-001705,29200,2026-08-14T02:22:00Z,UPI,False,
BANK-TXN-00002372,ACCOUNT-001069,ACCOUNT-001707,600,2026-07-17T09:43:00Z,NEFT,False,
BANK-TXN-00002373,ACCOUNT-000431,ACCOUNT-000808,27700,2026-07-20T19:42:00Z,UPI,False,
BANK-TXN-00002374,ACCOUNT-000672,ACCOUNT-000415,15400,2026-08-15T16:49:00Z,NEFT,False,
BANK-TXN-00002375,ACCOUNT-000975,ACCOUNT-001491,36400,2026-06-22T18:09:00Z,NEFT,False,
BANK-TXN-00002376,ACCOUNT-000094,ACCOUNT-000033,9400,2026-06-10T15:06:00Z,NEFT,False,
BANK-TXN-00002377,ACCOUNT-001644,ACCOUNT-000224,300,2026-07-23T01:10:00Z,IMPS,False,
BANK-TXN-00002378,ACCOUNT-000364,ACCOUNT-000936,76800,2026-07-10T09:53:00Z,UPI,False,
BANK-TXN-00002379,ACCOUNT-000124,ACCOUNT-001240,19200,2026-08-12T07:00:00Z,UPI,False,
BANK-TXN-00002380,ACCOUNT-001730,ACCOUNT-001054,20200,2026-06-22T10:11:00Z,UPI,False,
BANK-TXN-00002381,ACCOUNT-000281,ACCOUNT-001916,35600,2026-07-17T10:02:00Z,UPI,False,
BANK-TXN-00002382,ACCOUNT-000665,ACCOUNT-001770,38700,2026-06-15T11:10:00Z,UPI,False,
BANK-TXN-00002383,ACCOUNT-000612,ACCOUNT-001767,23000,2026-08-07T17:15:00Z,UPI,False,
BANK-TXN-00002384,ACCOUNT-001518,ACCOUNT-001830,25000,2026-06-04T15:20:00Z,UPI,False,
BANK-TXN-00002385,ACCOUNT-000745,ACCOUNT-001632,64700,2026-07-19T06:07:00Z,UPI,False,
BANK-TXN-00002386,ACCOUNT-000264,ACCOUNT-000624,33500,2026-06-11T02:55:00Z,UPI,False,
BANK-TXN-00002387,ACCOUNT-001910,ACCOUNT-001743,6900,2026-08-28T03:58:00Z,UPI,False,
BANK-TXN-00002388,ACCOUNT-000471,ACCOUNT-001201,5800,2026-06-07T03:56:00Z,IMPS,False,
BANK-TXN-00002389,ACCOUNT-001692,ACCOUNT-001809,11700,2026-08-14T05:05:00Z,UPI,False,
BANK-TXN-00002390,ACCOUNT-000664,ACCOUNT-000697,39200,2026-06-28T22:47:00Z,IMPS,False,
BANK-TXN-00002391,ACCOUNT-001397,ACCOUNT-000206,76800,2026-07-23T14:06:00Z,IMPS,False,
BANK-TXN-00002392,ACCOUNT-000791,ACCOUNT-001202,8100,2026-06-10T00:29:00Z,RTGS,False,
BANK-TXN-00002393,ACCOUNT-001414,ACCOUNT-001919,43400,2026-07-31T12:03:00Z,NEFT,False,
BANK-TXN-00002394,ACCOUNT-001318,ACCOUNT-000847,23100,2026-08-09T06:52:00Z,RTGS,False,
BANK-TXN-00002395,ACCOUNT-001442,ACCOUNT-000344,61100,2026-07-12T14:56:00Z,NEFT,False,
BANK-TXN-00002396,ACCOUNT-000355,ACCOUNT-001450,6200,2026-06-20T05:54:00Z,NEFT,False,
BANK-TXN-00002397,ACCOUNT-000259,ACCOUNT-000410,4100,2026-06-12T17:07:00Z,UPI,False,
BANK-TXN-00002398,ACCOUNT-000190,ACCOUNT-000121,3400,2026-07-11T06:04:00Z,UPI,False,
BANK-TXN-00002399,ACCOUNT-000538,ACCOUNT-001003,33800,2026-08-08T16:25:00Z,UPI,False,
BANK-TXN-00002400,ACCOUNT-000339,ACCOUNT-001571,4300,2026-06-29T12:15:00Z,UPI,False,
BANK-TXN-00002401,ACCOUNT-001612,ACCOUNT-000371,19200,2026-07-15T11:40:00Z,IMPS,False,
BANK-TXN-00002402,ACCOUNT-000545,ACCOUNT-000991,98200,2026-08-11T13:05:00Z,UPI,False,
BANK-TXN-00002403,ACCOUNT-000292,ACCOUNT-001267,34700,2026-08-17T10:11:00Z,NEFT,False,
BANK-TXN-00002404,ACCOUNT-001135,ACCOUNT-000494,9500,2026-08-15T13:25:00Z,UPI,False,
BANK-TXN-00002405,ACCOUNT-000248,ACCOUNT-001322,6200,2026-06-29T16:31:00Z,UPI,False,
BANK-TXN-00002406,ACCOUNT-001469,ACCOUNT-001492,99400,2026-08-01T02:19:00Z,UPI,False,
BANK-TXN-00002407,ACCOUNT-001716,ACCOUNT-001897,8600,2026-08-25T14:49:00Z,RTGS,False,
BANK-TXN-00002408,ACCOUNT-001863,ACCOUNT-001260,5600,2026-08-01T06:04:00Z,IMPS,False,
BANK-TXN-00002409,ACCOUNT-001638,ACCOUNT-000670,16000,2026-06-05T04:56:00Z,IMPS,False,
BANK-TXN-00002410,ACCOUNT-000295,ACCOUNT-000485,10000,2026-08-07T14:37:00Z,IMPS,False,
BANK-TXN-00002411,ACCOUNT-001832,ACCOUNT-001107,20600,2026-08-02T14:41:00Z,UPI,False,
BANK-TXN-00002412,ACCOUNT-001485,ACCOUNT-001321,30600,2026-06-30T06:04:00Z,UPI,False,
BANK-TXN-00002413,ACCOUNT-000806,ACCOUNT-000594,16600,2026-07-28T02:24:00Z,NEFT,False,
BANK-TXN-00002414,ACCOUNT-001183,ACCOUNT-001661,1200,2026-06-26T09:14:00Z,NEFT,False,
BANK-TXN-00002415,ACCOUNT-001237,ACCOUNT-001690,58900,2026-06-15T12:49:00Z,UPI,False,
BANK-TXN-00002416,ACCOUNT-000332,ACCOUNT-000114,73900,2026-07-17T15:03:00Z,IMPS,False,
BANK-TXN-00002417,ACCOUNT-001866,ACCOUNT-001020,13500,2026-08-14T16:15:00Z,IMPS,False,
BANK-TXN-00002418,ACCOUNT-001144,ACCOUNT-001938,4400,2026-06-23T15:51:00Z,IMPS,False,
BANK-TXN-00002419,ACCOUNT-000202,ACCOUNT-000276,3600,2026-07-13T12:10:00Z,UPI,False,
BANK-TXN-00002420,ACCOUNT-000078,ACCOUNT-001810,40500,2026-08-23T15:25:00Z,NEFT,False,
BANK-TXN-00002421,ACCOUNT-001405,ACCOUNT-001813,72400,2026-06-30T10:28:00Z,UPI,False,
BANK-TXN-00002422,ACCOUNT-000432,ACCOUNT-001420,6500,2026-07-12T08:38:00Z,IMPS,False,
BANK-TXN-00002423,ACCOUNT-000808,ACCOUNT-001893,1300,2026-08-21T05:01:00Z,UPI,False,
BANK-TXN-00002424,ACCOUNT-000619,ACCOUNT-000484,93700,2026-07-10T08:08:00Z,IMPS,False,
BANK-TXN-00002425,ACCOUNT-000657,ACCOUNT-000225,6300,2026-07-01T20:07:00Z,NEFT,False,
BANK-TXN-00002426,ACCOUNT-001169,ACCOUNT-001841,58500,2026-08-17T22:51:00Z,IMPS,False,
BANK-TXN-00002427,ACCOUNT-001495,ACCOUNT-001929,600,2026-06-14T06:18:00Z,UPI,False,
BANK-TXN-00002428,ACCOUNT-000979,ACCOUNT-000568,5300,2026-06-06T04:28:00Z,IMPS,False,
BANK-TXN-00002429,ACCOUNT-000403,ACCOUNT-001868,1400,2026-08-28T09:30:00Z,IMPS,False,
BANK-TXN-00002430,ACCOUNT-001024,ACCOUNT-000191,26200,2026-06-12T01:51:00Z,IMPS,False,
BANK-TXN-00002431,ACCOUNT-001499,ACCOUNT-000311,35400,2026-08-14T16:53:00Z,UPI,False,
BANK-TXN-00002432,ACCOUNT-001353,ACCOUNT-000286,800,2026-08-22T17:11:00Z,UPI,False,
BANK-TXN-00002433,ACCOUNT-000825,ACCOUNT-000215,4000,2026-08-12T02:58:00Z,IMPS,False,
BANK-TXN-00002434,ACCOUNT-000915,ACCOUNT-000279,88900,2026-07-16T08:01:00Z,UPI,False,
BANK-TXN-00002435,ACCOUNT-000510,ACCOUNT-000406,1900,2026-06-10T06:47:00Z,IMPS,False,
BANK-TXN-00002436,ACCOUNT-000884,ACCOUNT-000779,7900,2026-07-16T17:00:00Z,IMPS,False,
BANK-TXN-00002437,ACCOUNT-001363,ACCOUNT-001662,9800,2026-07-21T06:54:00Z,IMPS,False,
BANK-TXN-00002438,ACCOUNT-000361,ACCOUNT-000206,84900,2026-08-17T14:10:00Z,UPI,False,
BANK-TXN-00002439,ACCOUNT-001075,ACCOUNT-000288,13400,2026-07-16T04:24:00Z,UPI,False,
BANK-TXN-00002440,ACCOUNT-000588,ACCOUNT-000770,59900,2026-08-12T23:08:00Z,IMPS,False,
BANK-TXN-00002441,ACCOUNT-000752,ACCOUNT-000717,1400,2026-07-11T04:56:00Z,IMPS,False,
BANK-TXN-00002442,ACCOUNT-001166,ACCOUNT-001222,75400,2026-07-15T17:16:00Z,NEFT,False,
BANK-TXN-00002443,ACCOUNT-001590,ACCOUNT-000200,6700,2026-07-30T01:53:00Z,UPI,False,
BANK-TXN-00002444,ACCOUNT-001916,ACCOUNT-000736,32800,2026-06-19T14:37:00Z,IMPS,False,
BANK-TXN-00002445,ACCOUNT-000267,ACCOUNT-000435,5100,2026-08-25T15:56:00Z,UPI,False,
BANK-TXN-00002446,ACCOUNT-000987,ACCOUNT-001906,58200,2026-08-22T12:37:00Z,UPI,False,
BANK-TXN-00002447,ACCOUNT-001142,ACCOUNT-001014,53100,2026-07-24T20:22:00Z,UPI,False,
BANK-TXN-00002448,ACCOUNT-001478,ACCOUNT-000175,2700,2026-07-04T12:23:00Z,UPI,False,
BANK-TXN-00002449,ACCOUNT-000260,ACCOUNT-001762,2200,2026-07-23T10:03:00Z,UPI,False,
BANK-TXN-00002450,ACCOUNT-001770,ACCOUNT-000325,9400,2026-06-02T09:00:00Z,IMPS,False,
BANK-TXN-00002451,ACCOUNT-000585,ACCOUNT-000067,68500,2026-07-28T20:59:00Z,NEFT,False,
BANK-TXN-00002452,ACCOUNT-000831,ACCOUNT-001017,34400,2026-06-17T02:20:00Z,UPI,False,
BANK-TXN-00002453,ACCOUNT-001612,ACCOUNT-000632,84600,2026-06-10T20:32:00Z,IMPS,False,
BANK-TXN-00002454,ACCOUNT-000713,ACCOUNT-000762,6600,2026-07-23T12:49:00Z,UPI,False,
BANK-TXN-00002455,ACCOUNT-000218,ACCOUNT-000281,300,2026-07-27T12:00:00Z,IMPS,False,
BANK-TXN-00002456,ACCOUNT-001576,ACCOUNT-000243,4800,2026-06-24T17:47:00Z,IMPS,False,
BANK-TXN-00002457,ACCOUNT-001135,ACCOUNT-000471,3200,2026-08-16T12:43:00Z,UPI,False,
BANK-TXN-00002458,ACCOUNT-001058,ACCOUNT-000088,21400,2026-06-20T23:54:00Z,UPI,False,
BANK-TXN-00002459,ACCOUNT-001214,ACCOUNT-000063,3000,2026-08-15T01:15:00Z,UPI,False,
BANK-TXN-00002460,ACCOUNT-001042,ACCOUNT-000087,3000,2026-07-07T11:45:00Z,IMPS,False,
BANK-TXN-00002461,ACCOUNT-000681,ACCOUNT-000164,23500,2026-08-22T05:42:00Z,RTGS,False,
BANK-TXN-00002462,ACCOUNT-001008,ACCOUNT-000615,4600,2026-08-03T05:49:00Z,UPI,False,
BANK-TXN-00002463,ACCOUNT-000036,ACCOUNT-001158,84600,2026-07-04T16:26:00Z,UPI,False,
BANK-TXN-00002464,ACCOUNT-000873,ACCOUNT-001441,1400,2026-07-05T09:29:00Z,UPI,False,
BANK-TXN-00002465,ACCOUNT-000012,ACCOUNT-000684,8800,2026-08-03T00:09:00Z,UPI,False,
BANK-TXN-00002466,ACCOUNT-001685,ACCOUNT-001659,47700,2026-07-03T02:07:00Z,UPI,False,
BANK-TXN-00002467,ACCOUNT-001686,ACCOUNT-000305,62300,2026-08-18T13:56:00Z,NEFT,False,
BANK-TXN-00002468,ACCOUNT-001433,ACCOUNT-001749,20300,2026-06-29T22:57:00Z,UPI,False,
BANK-TXN-00002469,ACCOUNT-000206,ACCOUNT-000637,800,2026-07-17T08:59:00Z,UPI,False,
BANK-TXN-00002470,ACCOUNT-001206,ACCOUNT-000995,10900,2026-06-04T11:02:00Z,UPI,False,
BANK-TXN-00002471,ACCOUNT-001342,ACCOUNT-000538,53400,2026-06-15T15:11:00Z,NEFT,False,
BANK-TXN-00002472,ACCOUNT-001153,ACCOUNT-001551,24600,2026-05-31T04:20:00Z,UPI,False,
BANK-TXN-00002473,ACCOUNT-000511,ACCOUNT-001368,1700,2026-08-20T14:49:00Z,IMPS,False,
BANK-TXN-00002474,ACCOUNT-001028,ACCOUNT-000078,92000,2026-06-14T14:07:00Z,UPI,False,
BANK-TXN-00002475,ACCOUNT-001869,ACCOUNT-000809,9100,2026-06-12T10:29:00Z,UPI,False,
BANK-TXN-00002476,ACCOUNT-000949,ACCOUNT-001209,34700,2026-07-03T07:08:00Z,IMPS,False,
BANK-TXN-00002477,ACCOUNT-001536,ACCOUNT-000600,1000,2026-08-15T12:36:00Z,UPI,False,
BANK-TXN-00002478,ACCOUNT-000588,ACCOUNT-001951,16300,2026-08-22T11:24:00Z,UPI,False,
BANK-TXN-00002479,ACCOUNT-000357,ACCOUNT-001561,84200,2026-07-18T12:47:00Z,IMPS,False,
BANK-TXN-00002480,ACCOUNT-000593,ACCOUNT-001194,45600,2026-06-17T02:21:00Z,UPI,False,
BANK-TXN-00002481,ACCOUNT-001458,ACCOUNT-001685,5100,2026-07-26T17:33:00Z,UPI,False,
BANK-TXN-00002482,ACCOUNT-000105,ACCOUNT-001056,5600,2026-07-01T05:26:00Z,UPI,False,
BANK-TXN-00002483,ACCOUNT-000113,ACCOUNT-001723,4100,2026-08-08T08:18:00Z,NEFT,False,
BANK-TXN-00002484,ACCOUNT-001286,ACCOUNT-000532,98300,2026-08-16T04:03:00Z,RTGS,False,
BANK-TXN-00002485,ACCOUNT-000172,ACCOUNT-000482,79200,2026-07-12T07:12:00Z,UPI,False,
BANK-TXN-00002486,ACCOUNT-001034,ACCOUNT-001813,600,2026-06-15T12:51:00Z,RTGS,False,
BANK-TXN-00002487,ACCOUNT-000046,ACCOUNT-001497,23000,2026-06-21T11:23:00Z,UPI,False,
BANK-TXN-00002488,ACCOUNT-001681,ACCOUNT-001744,47800,2026-08-19T01:01:00Z,UPI,False,
BANK-TXN-00002489,ACCOUNT-001096,ACCOUNT-000284,23300,2026-08-08T06:32:00Z,UPI,False,
BANK-TXN-00002490,ACCOUNT-001899,ACCOUNT-000478,21200,2026-06-16T00:28:00Z,NEFT,False,
BANK-TXN-00002491,ACCOUNT-001105,ACCOUNT-000354,52300,2026-08-21T05:44:00Z,UPI,False,
BANK-TXN-00002492,ACCOUNT-000656,ACCOUNT-000970,6200,2026-06-04T19:07:00Z,UPI,False,
BANK-TXN-00002493,ACCOUNT-000175,ACCOUNT-000614,1100,2026-06-13T12:12:00Z,UPI,False,
BANK-TXN-00002494,ACCOUNT-001024,ACCOUNT-001382,84300,2026-06-14T15:50:00Z,UPI,False,
BANK-TXN-00002495,ACCOUNT-001852,ACCOUNT-001034,39800,2026-08-09T11:12:00Z,NEFT,False,
BANK-TXN-00002496,ACCOUNT-001373,ACCOUNT-001906,11100,2026-06-28T08:57:00Z,IMPS,False,
BANK-TXN-00002497,ACCOUNT-000470,ACCOUNT-001462,3800,2026-08-13T15:10:00Z,UPI,False,
BANK-TXN-00002498,ACCOUNT-000727,ACCOUNT-000875,6100,2026-08-23T11:25:00Z,UPI,False,
BANK-TXN-00002499,ACCOUNT-001381,ACCOUNT-001831,19600,2026-06-01T10:46:00Z,UPI,False,
BANK-TXN-00002500,ACCOUNT-001596,ACCOUNT-001907,29600,2026-07-01T09:06:00Z,UPI,False,
BANK-TXN-00002501,ACCOUNT-000093,ACCOUNT-001813,19600,2026-06-12T02:16:00Z,UPI,False,
BANK-TXN-00002502,ACCOUNT-000510,ACCOUNT-001476,1800,2026-07-26T02:33:00Z,UPI,False,
BANK-TXN-00002503,ACCOUNT-000640,ACCOUNT-000311,67300,2026-08-20T12:51:00Z,UPI,False,
BANK-TXN-00002504,ACCOUNT-000292,ACCOUNT-000328,32000,2026-07-14T09:45:00Z,UPI,False,
BANK-TXN-00002505,ACCOUNT-000257,ACCOUNT-000001,6700,2026-06-25T01:10:00Z,UPI,False,
BANK-TXN-00002506,ACCOUNT-001091,ACCOUNT-001427,28500,2026-06-25T15:58:00Z,RTGS,False,
BANK-TXN-00002507,ACCOUNT-000810,ACCOUNT-000983,72700,2026-08-09T00:12:00Z,IMPS,False,
BANK-TXN-00002508,ACCOUNT-000140,ACCOUNT-000871,2000,2026-08-26T08:56:00Z,UPI,False,
BANK-TXN-00002509,ACCOUNT-001700,ACCOUNT-000232,7200,2026-06-14T03:14:00Z,IMPS,False,
BANK-TXN-00002510,ACCOUNT-001229,ACCOUNT-001311,9500,2026-08-08T00:05:00Z,UPI,False,
BANK-TXN-00002511,ACCOUNT-000477,ACCOUNT-000437,2200,2026-06-29T07:03:00Z,UPI,False,
BANK-TXN-00002512,ACCOUNT-000510,ACCOUNT-000090,2600,2026-07-27T14:28:00Z,UPI,False,
BANK-TXN-00002513,ACCOUNT-001700,ACCOUNT-001435,17700,2026-08-26T02:37:00Z,UPI,False,
BANK-TXN-00002514,ACCOUNT-000537,ACCOUNT-000256,1300,2026-06-11T18:40:00Z,IMPS,False,
BANK-TXN-00002515,ACCOUNT-000561,ACCOUNT-000058,3100,2026-06-17T12:06:00Z,IMPS,False,
BANK-TXN-00002516,ACCOUNT-000992,ACCOUNT-001837,23700,2026-08-20T06:52:00Z,IMPS,False,
BANK-TXN-00002517,ACCOUNT-001120,ACCOUNT-001292,2600,2026-08-23T10:02:00Z,UPI,False,
BANK-TXN-00002518,ACCOUNT-001129,ACCOUNT-000298,20500,2026-08-16T15:32:00Z,UPI,False,
BANK-TXN-00002519,ACCOUNT-000215,ACCOUNT-001613,7500,2026-07-31T04:21:00Z,IMPS,False,
BANK-TXN-00002520,ACCOUNT-001940,ACCOUNT-000543,81600,2026-06-20T12:18:00Z,NEFT,False,
BANK-TXN-00002521,ACCOUNT-000510,ACCOUNT-001432,72500,2026-06-15T13:21:00Z,UPI,False,
BANK-TXN-00002522,ACCOUNT-001038,ACCOUNT-000781,2100,2026-06-17T14:03:00Z,UPI,False,
BANK-TXN-00002523,ACCOUNT-000535,ACCOUNT-000643,56900,2026-06-05T21:53:00Z,IMPS,False,
BANK-TXN-00002524,ACCOUNT-001392,ACCOUNT-000370,34200,2026-08-21T04:11:00Z,UPI,False,
BANK-TXN-00002525,ACCOUNT-001903,ACCOUNT-000782,3100,2026-06-01T21:53:00Z,UPI,False,
BANK-TXN-00002526,ACCOUNT-001399,ACCOUNT-001492,88500,2026-08-21T15:22:00Z,IMPS,False,
BANK-TXN-00002527,ACCOUNT-001654,ACCOUNT-000809,49900,2026-08-02T12:45:00Z,IMPS,False,
BANK-TXN-00002528,ACCOUNT-000258,ACCOUNT-000205,11400,2026-06-24T09:40:00Z,UPI,False,
BANK-TXN-00002529,ACCOUNT-000016,ACCOUNT-000101,65400,2026-08-25T09:19:00Z,NEFT,False,
BANK-TXN-00002530,ACCOUNT-000612,ACCOUNT-001087,19600,2026-06-15T15:57:00Z,RTGS,False,
BANK-TXN-00002531,ACCOUNT-001398,ACCOUNT-001772,81400,2026-07-24T06:13:00Z,UPI,False,
BANK-TXN-00002532,ACCOUNT-001019,ACCOUNT-000841,14100,2026-08-22T14:33:00Z,UPI,False,
BANK-TXN-00002533,ACCOUNT-001619,ACCOUNT-001908,22500,2026-07-20T14:05:00Z,IMPS,False,
BANK-TXN-00002534,ACCOUNT-000697,ACCOUNT-001101,18100,2026-08-25T09:10:00Z,RTGS,False,
BANK-TXN-00002535,ACCOUNT-000394,ACCOUNT-001601,28300,2026-06-25T05:59:00Z,UPI,False,
BANK-TXN-00002536,ACCOUNT-001603,ACCOUNT-000757,45000,2026-07-26T05:04:00Z,UPI,False,
BANK-TXN-00002537,ACCOUNT-001298,ACCOUNT-000378,700,2026-07-06T14:42:00Z,UPI,False,
BANK-TXN-00002538,ACCOUNT-000685,ACCOUNT-001237,100,2026-06-12T13:01:00Z,IMPS,False,
BANK-TXN-00002539,ACCOUNT-001383,ACCOUNT-000872,5900,2026-08-08T04:53:00Z,UPI,False,
BANK-TXN-00002540,ACCOUNT-001561,ACCOUNT-001635,42700,2026-07-02T12:04:00Z,IMPS,False,
BANK-TXN-00002541,ACCOUNT-000637,ACCOUNT-000822,2500,2026-08-11T06:21:00Z,UPI,False,
BANK-TXN-00002542,ACCOUNT-000162,ACCOUNT-000363,2400,2026-07-24T07:54:00Z,NEFT,False,
BANK-TXN-00002543,ACCOUNT-001745,ACCOUNT-001031,26500,2026-07-27T10:27:00Z,UPI,False,
BANK-TXN-00002544,ACCOUNT-001853,ACCOUNT-001100,70200,2026-08-27T18:23:00Z,UPI,False,
BANK-TXN-00002545,ACCOUNT-001013,ACCOUNT-001145,8600,2026-08-12T16:55:00Z,IMPS,False,
BANK-TXN-00002546,ACCOUNT-001929,ACCOUNT-000734,1800,2026-07-03T02:03:00Z,UPI,False,
BANK-TXN-00002547,ACCOUNT-001472,ACCOUNT-000837,26900,2026-07-26T04:20:00Z,UPI,False,
BANK-TXN-00002548,ACCOUNT-000228,ACCOUNT-001884,15800,2026-08-07T21:27:00Z,IMPS,False,
BANK-TXN-00002549,ACCOUNT-001812,ACCOUNT-000981,87300,2026-07-16T15:38:00Z,UPI,False,
BANK-TXN-00002550,ACCOUNT-001542,ACCOUNT-001091,7300,2026-08-22T11:38:00Z,RTGS,False,
BANK-TXN-00002551,ACCOUNT-001942,ACCOUNT-001053,85500,2026-08-06T14:53:00Z,IMPS,False,
BANK-TXN-00002552,ACCOUNT-001032,ACCOUNT-000665,11200,2026-07-27T13:12:00Z,UPI,False,
BANK-TXN-00002553,ACCOUNT-001935,ACCOUNT-000880,21900,2026-07-27T14:37:00Z,UPI,False,
BANK-TXN-00002554,ACCOUNT-000299,ACCOUNT-001782,900,2026-08-03T04:56:00Z,NEFT,False,
BANK-TXN-00002555,ACCOUNT-000316,ACCOUNT-001915,89100,2026-07-02T14:26:00Z,IMPS,False,
BANK-TXN-00002556,ACCOUNT-001007,ACCOUNT-001398,36200,2026-06-10T07:55:00Z,NEFT,False,
BANK-TXN-00002557,ACCOUNT-000816,ACCOUNT-001565,8100,2026-08-02T15:42:00Z,UPI,False,
BANK-TXN-00002558,ACCOUNT-000393,ACCOUNT-001777,5400,2026-06-18T10:17:00Z,NEFT,False,
BANK-TXN-00002559,ACCOUNT-000725,ACCOUNT-001463,3900,2026-08-27T08:57:00Z,IMPS,False,
BANK-TXN-00002560,ACCOUNT-000506,ACCOUNT-001694,5200,2026-08-23T15:15:00Z,UPI,False,
BANK-TXN-00002561,ACCOUNT-001624,ACCOUNT-000471,6700,2026-07-18T07:28:00Z,IMPS,False,
BANK-TXN-00002562,ACCOUNT-000470,ACCOUNT-000678,4500,2026-07-30T04:00:00Z,IMPS,False,
BANK-TXN-00002563,ACCOUNT-001517,ACCOUNT-000213,36200,2026-06-24T20:05:00Z,UPI,False,
BANK-TXN-00002564,ACCOUNT-000587,ACCOUNT-001054,6700,2026-08-20T04:38:00Z,UPI,False,
BANK-TXN-00002565,ACCOUNT-001878,ACCOUNT-001373,3500,2026-07-13T15:33:00Z,UPI,False,
BANK-TXN-00002566,ACCOUNT-001096,ACCOUNT-001801,81700,2026-07-13T07:30:00Z,UPI,False,
BANK-TXN-00002567,ACCOUNT-001443,ACCOUNT-001607,16100,2026-06-19T18:19:00Z,IMPS,False,
BANK-TXN-00002568,ACCOUNT-000253,ACCOUNT-000302,83800,2026-06-21T11:28:00Z,UPI,False,
BANK-TXN-00002569,ACCOUNT-001104,ACCOUNT-001506,71700,2026-07-10T05:24:00Z,RTGS,False,
BANK-TXN-00002570,ACCOUNT-001081,ACCOUNT-001054,53100,2026-08-09T03:12:00Z,UPI,False,
BANK-TXN-00002571,ACCOUNT-000645,ACCOUNT-000986,27600,2026-06-15T07:07:00Z,UPI,False,
BANK-TXN-00002572,ACCOUNT-000921,ACCOUNT-001395,600,2026-08-11T15:46:00Z,NEFT,False,
BANK-TXN-00002573,ACCOUNT-001226,ACCOUNT-001107,13300,2026-07-11T07:49:00Z,NEFT,False,
BANK-TXN-00002574,ACCOUNT-001704,ACCOUNT-001141,8300,2026-06-06T16:32:00Z,UPI,False,
BANK-TXN-00002575,ACCOUNT-001164,ACCOUNT-001623,75500,2026-08-15T17:53:00Z,UPI,False,
BANK-TXN-00002576,ACCOUNT-001885,ACCOUNT-001674,6100,2026-08-08T01:24:00Z,UPI,False,
BANK-TXN-00002577,ACCOUNT-001055,ACCOUNT-001893,6000,2026-08-22T07:25:00Z,UPI,False,
BANK-TXN-00002578,ACCOUNT-000092,ACCOUNT-001672,5000,2026-08-14T23:46:00Z,UPI,False,
BANK-TXN-00002579,ACCOUNT-001417,ACCOUNT-001070,300,2026-07-10T11:36:00Z,NEFT,False,
BANK-TXN-00002580,ACCOUNT-001041,ACCOUNT-001723,97000,2026-06-09T09:05:00Z,NEFT,False,
BANK-TXN-00002581,ACCOUNT-000985,ACCOUNT-001465,1900,2026-07-10T17:25:00Z,UPI,False,
BANK-TXN-00002582,ACCOUNT-000786,ACCOUNT-001632,8500,2026-08-17T14:02:00Z,UPI,False,
BANK-TXN-00002583,ACCOUNT-000654,ACCOUNT-001331,76100,2026-07-28T08:55:00Z,IMPS,False,
BANK-TXN-00002584,ACCOUNT-001611,ACCOUNT-000989,82800,2026-07-24T12:12:00Z,UPI,False,
BANK-TXN-00002585,ACCOUNT-000645,ACCOUNT-000634,12500,2026-07-07T04:23:00Z,UPI,False,
BANK-TXN-00002586,ACCOUNT-000407,ACCOUNT-001502,48400,2026-08-26T11:12:00Z,UPI,False,
BANK-TXN-00002587,ACCOUNT-000758,ACCOUNT-001674,69400,2026-07-24T01:13:00Z,UPI,False,
BANK-TXN-00002588,ACCOUNT-000153,ACCOUNT-000679,36000,2026-08-26T03:58:00Z,RTGS,False,
BANK-TXN-00002589,ACCOUNT-001369,ACCOUNT-000799,4200,2026-07-05T15:56:00Z,UPI,False,
BANK-TXN-00002590,ACCOUNT-000760,ACCOUNT-000613,6800,2026-08-17T07:15:00Z,UPI,False,
BANK-TXN-00002591,ACCOUNT-000916,ACCOUNT-001110,63700,2026-07-18T18:21:00Z,IMPS,False,
BANK-TXN-00002592,ACCOUNT-000962,ACCOUNT-000086,88900,2026-06-23T09:37:00Z,UPI,False,
BANK-TXN-00002593,ACCOUNT-000860,ACCOUNT-001123,38600,2026-08-03T14:51:00Z,IMPS,False,
BANK-TXN-00002594,ACCOUNT-001157,ACCOUNT-001274,45000,2026-07-08T17:22:00Z,UPI,False,
BANK-TXN-00002595,ACCOUNT-000480,ACCOUNT-001106,56000,2026-07-04T10:27:00Z,UPI,False,
BANK-TXN-00002596,ACCOUNT-001397,ACCOUNT-001353,2400,2026-06-07T11:21:00Z,UPI,False,
BANK-TXN-00002597,ACCOUNT-001645,ACCOUNT-001212,3700,2026-07-05T16:31:00Z,UPI,False,
BANK-TXN-00002598,ACCOUNT-000773,ACCOUNT-000048,600,2026-06-01T09:52:00Z,UPI,False,
BANK-TXN-00002599,ACCOUNT-001805,ACCOUNT-001437,79500,2026-07-14T11:20:00Z,IMPS,False,
BANK-TXN-00002600,ACCOUNT-001788,ACCOUNT-000383,93700,2026-07-11T23:55:00Z,UPI,False,
BANK-TXN-00002601,ACCOUNT-001933,ACCOUNT-001838,3000,2026-06-16T13:52:00Z,UPI,False,
BANK-TXN-00002602,ACCOUNT-001046,ACCOUNT-000644,12300,2026-08-13T11:31:00Z,IMPS,False,
BANK-TXN-00002603,ACCOUNT-000283,ACCOUNT-001000,700,2026-07-22T13:49:00Z,UPI,False,
BANK-TXN-00002604,ACCOUNT-001633,ACCOUNT-001710,3900,2026-06-07T10:43:00Z,IMPS,False,
BANK-TXN-00002605,ACCOUNT-000825,ACCOUNT-001926,5900,2026-08-11T12:49:00Z,IMPS,False,
BANK-TXN-00002606,ACCOUNT-000978,ACCOUNT-000685,4600,2026-06-24T09:32:00Z,NEFT,False,
BANK-TXN-00002607,ACCOUNT-001871,ACCOUNT-001811,13300,2026-07-26T07:37:00Z,UPI,False,
BANK-TXN-00002608,ACCOUNT-001134,ACCOUNT-000710,2100,2026-06-02T14:29:00Z,UPI,False,
BANK-TXN-00002609,ACCOUNT-001036,ACCOUNT-000259,7300,2026-08-28T04:51:00Z,UPI,False,
BANK-TXN-00002610,ACCOUNT-000001,ACCOUNT-001455,500,2026-06-16T23:14:00Z,IMPS,False,
BANK-TXN-00002611,ACCOUNT-000450,ACCOUNT-001896,29300,2026-07-16T12:57:00Z,UPI,False,
BANK-TXN-00002612,ACCOUNT-000279,ACCOUNT-000571,8500,2026-06-29T00:28:00Z,IMPS,False,
BANK-TXN-00002613,ACCOUNT-001818,ACCOUNT-001477,38300,2026-07-24T23:55:00Z,IMPS,False,
BANK-TXN-00002614,ACCOUNT-001869,ACCOUNT-001673,21500,2026-06-23T16:16:00Z,UPI,False,
BANK-TXN-00002615,ACCOUNT-000280,ACCOUNT-000860,97300,2026-08-19T13:01:00Z,NEFT,False,
BANK-TXN-00002616,ACCOUNT-001582,ACCOUNT-000765,24300,2026-08-28T11:57:00Z,IMPS,False,
BANK-TXN-00002617,ACCOUNT-001543,ACCOUNT-001944,10000,2026-08-21T19:24:00Z,IMPS,False,
BANK-TXN-00002618,ACCOUNT-001729,ACCOUNT-000950,2100,2026-08-15T01:18:00Z,UPI,False,
BANK-TXN-00002619,ACCOUNT-000166,ACCOUNT-001531,26300,2026-08-23T06:46:00Z,NEFT,False,
BANK-TXN-00002620,ACCOUNT-000279,ACCOUNT-000409,40100,2026-08-23T22:56:00Z,UPI,False,
BANK-TXN-00002621,ACCOUNT-000031,ACCOUNT-000010,3300,2026-06-28T15:16:00Z,IMPS,False,
BANK-TXN-00002622,ACCOUNT-000640,ACCOUNT-001151,8600,2026-07-18T07:46:00Z,UPI,False,
BANK-TXN-00002623,ACCOUNT-000847,ACCOUNT-001215,33800,2026-06-18T09:05:00Z,UPI,False,
BANK-TXN-00002624,ACCOUNT-000527,ACCOUNT-000572,4000,2026-06-29T06:34:00Z,IMPS,False,
BANK-TXN-00002625,ACCOUNT-001055,ACCOUNT-001896,23700,2026-08-10T01:48:00Z,UPI,False,
BANK-TXN-00002626,ACCOUNT-001847,ACCOUNT-001579,1000,2026-08-19T22:39:00Z,UPI,False,
BANK-TXN-00002627,ACCOUNT-001150,ACCOUNT-001360,5400,2026-06-11T12:17:00Z,UPI,False,
BANK-TXN-00002628,ACCOUNT-000608,ACCOUNT-000437,7100,2026-07-13T12:27:00Z,NEFT,False,
BANK-TXN-00002629,ACCOUNT-000311,ACCOUNT-000862,23900,2026-06-22T20:05:00Z,UPI,False,
BANK-TXN-00002630,ACCOUNT-001527,ACCOUNT-000880,9500,2026-07-02T16:25:00Z,RTGS,False,
BANK-TXN-00002631,ACCOUNT-001825,ACCOUNT-000614,14500,2026-06-20T11:25:00Z,UPI,False,
BANK-TXN-00002632,ACCOUNT-000467,ACCOUNT-000784,48400,2026-06-09T01:41:00Z,UPI,False,
BANK-TXN-00002633,ACCOUNT-000098,ACCOUNT-000678,48700,2026-07-17T21:08:00Z,UPI,False,
BANK-TXN-00002634,ACCOUNT-000103,ACCOUNT-000806,12000,2026-07-13T12:39:00Z,UPI,False,
BANK-TXN-00002635,ACCOUNT-000814,ACCOUNT-000327,3900,2026-08-02T10:14:00Z,UPI,False,
BANK-TXN-00002636,ACCOUNT-001919,ACCOUNT-000683,10700,2026-07-18T18:29:00Z,IMPS,False,
BANK-TXN-00002637,ACCOUNT-001229,ACCOUNT-000209,3000,2026-07-30T18:55:00Z,IMPS,False,
BANK-TXN-00002638,ACCOUNT-001928,ACCOUNT-000795,1000,2026-08-16T09:17:00Z,UPI,False,
BANK-TXN-00002639,ACCOUNT-000605,ACCOUNT-001443,6000,2026-07-03T07:57:00Z,IMPS,False,
BANK-TXN-00002640,ACCOUNT-000832,ACCOUNT-001469,16800,2026-06-10T13:46:00Z,IMPS,False,
BANK-TXN-00002641,ACCOUNT-000171,ACCOUNT-001398,4300,2026-08-06T00:03:00Z,UPI,False,
BANK-TXN-00002642,ACCOUNT-000897,ACCOUNT-001846,68200,2026-07-19T06:03:00Z,NEFT,False,
BANK-TXN-00002643,ACCOUNT-000122,ACCOUNT-000022,600,2026-08-08T04:12:00Z,UPI,False,
BANK-TXN-00002644,ACCOUNT-000691,ACCOUNT-000440,63200,2026-08-05T02:38:00Z,UPI,False,
BANK-TXN-00002645,ACCOUNT-001824,ACCOUNT-001265,3200,2026-07-16T22:42:00Z,UPI,False,
BANK-TXN-00002646,ACCOUNT-000908,ACCOUNT-001443,78100,2026-08-04T04:31:00Z,UPI,False,
BANK-TXN-00002647,ACCOUNT-000725,ACCOUNT-001451,1500,2026-06-14T08:19:00Z,IMPS,False,
BANK-TXN-00002648,ACCOUNT-001699,ACCOUNT-000135,15500,2026-08-22T23:35:00Z,RTGS,False,
BANK-TXN-00002649,ACCOUNT-001583,ACCOUNT-001478,56000,2026-08-27T16:03:00Z,UPI,False,
BANK-TXN-00002650,ACCOUNT-000714,ACCOUNT-000259,3300,2026-08-24T03:33:00Z,IMPS,False,
BANK-TXN-00002651,ACCOUNT-001558,ACCOUNT-000583,96500,2026-08-20T20:41:00Z,UPI,False,
BANK-TXN-00002652,ACCOUNT-000454,ACCOUNT-001340,8400,2026-07-16T03:21:00Z,UPI,False,
BANK-TXN-00002653,ACCOUNT-001557,ACCOUNT-001537,67400,2026-07-28T02:17:00Z,UPI,False,
BANK-TXN-00002654,ACCOUNT-000741,ACCOUNT-000795,39500,2026-08-19T22:34:00Z,NEFT,False,
BANK-TXN-00002655,ACCOUNT-000027,ACCOUNT-001320,53000,2026-08-26T12:33:00Z,UPI,False,
BANK-TXN-00002656,ACCOUNT-000793,ACCOUNT-001469,8000,2026-07-03T11:58:00Z,UPI,False,
BANK-TXN-00002657,ACCOUNT-001423,ACCOUNT-001394,8600,2026-08-12T07:47:00Z,NEFT,False,
BANK-TXN-00002658,ACCOUNT-000629,ACCOUNT-001190,5100,2026-05-31T01:37:00Z,UPI,False,
BANK-TXN-00002659,ACCOUNT-001006,ACCOUNT-000939,7100,2026-07-11T06:06:00Z,UPI,False,
BANK-TXN-00002660,ACCOUNT-000447,ACCOUNT-000330,3200,2026-06-08T14:00:00Z,UPI,False,
BANK-TXN-00002661,ACCOUNT-000778,ACCOUNT-000642,6800,2026-07-27T17:35:00Z,UPI,False,
BANK-TXN-00002662,ACCOUNT-001101,ACCOUNT-000522,9200,2026-08-05T09:20:00Z,NEFT,False,
BANK-TXN-00002663,ACCOUNT-001439,ACCOUNT-001596,18400,2026-08-09T16:46:00Z,NEFT,False,
BANK-TXN-00002664,ACCOUNT-000143,ACCOUNT-000032,46400,2026-08-24T09:19:00Z,IMPS,False,
BANK-TXN-00002665,ACCOUNT-000730,ACCOUNT-000501,96700,2026-08-28T08:26:00Z,UPI,False,
BANK-TXN-00002666,ACCOUNT-000519,ACCOUNT-000498,600,2026-08-27T17:03:00Z,UPI,False,
BANK-TXN-00002667,ACCOUNT-000910,ACCOUNT-000451,18500,2026-08-11T10:00:00Z,RTGS,False,
BANK-TXN-00002668,ACCOUNT-001892,ACCOUNT-001868,78400,2026-07-01T14:04:00Z,IMPS,False,
BANK-TXN-00002669,ACCOUNT-001113,ACCOUNT-000924,5500,2026-07-18T04:05:00Z,UPI,False,
BANK-TXN-00002670,ACCOUNT-001510,ACCOUNT-001216,1500,2026-07-05T14:35:00Z,RTGS,False,
BANK-TXN-00002671,ACCOUNT-000493,ACCOUNT-000859,4500,2026-06-04T05:49:00Z,UPI,False,
BANK-TXN-00002672,ACCOUNT-000758,ACCOUNT-000725,36800,2026-06-23T16:44:00Z,NEFT,False,
BANK-TXN-00002673,ACCOUNT-001424,ACCOUNT-001221,600,2026-08-12T23:32:00Z,NEFT,False,
BANK-TXN-00002674,ACCOUNT-001725,ACCOUNT-000332,1200,2026-07-31T07:25:00Z,UPI,False,
BANK-TXN-00002675,ACCOUNT-001435,ACCOUNT-000345,5400,2026-08-16T08:22:00Z,UPI,False,
BANK-TXN-00002676,ACCOUNT-001865,ACCOUNT-001075,43500,2026-08-13T10:02:00Z,UPI,False,
BANK-TXN-00002677,ACCOUNT-000750,ACCOUNT-001159,3300,2026-08-16T12:11:00Z,UPI,False,
BANK-TXN-00002678,ACCOUNT-001097,ACCOUNT-000761,95000,2026-07-17T10:55:00Z,UPI,False,
BANK-TXN-00002679,ACCOUNT-001536,ACCOUNT-000950,2500,2026-06-01T01:50:00Z,IMPS,False,
BANK-TXN-00002680,ACCOUNT-000092,ACCOUNT-001452,16000,2026-08-22T06:11:00Z,UPI,False,
BANK-TXN-00002681,ACCOUNT-001568,ACCOUNT-001656,3600,2026-05-31T09:47:00Z,RTGS,False,
BANK-TXN-00002682,ACCOUNT-001247,ACCOUNT-001931,48000,2026-08-09T11:23:00Z,UPI,False,
BANK-TXN-00002683,ACCOUNT-001043,ACCOUNT-000566,4300,2026-07-17T01:41:00Z,UPI,False,
BANK-TXN-00002684,ACCOUNT-001053,ACCOUNT-000283,5000,2026-08-07T07:30:00Z,UPI,False,
BANK-TXN-00002685,ACCOUNT-001129,ACCOUNT-000438,5800,2026-06-11T14:52:00Z,IMPS,False,
BANK-TXN-00002686,ACCOUNT-000319,ACCOUNT-000122,32100,2026-07-27T19:43:00Z,IMPS,False,
BANK-TXN-00002687,ACCOUNT-001498,ACCOUNT-000270,49900,2026-06-22T06:56:00Z,RTGS,False,
BANK-TXN-00002688,ACCOUNT-000738,ACCOUNT-001183,4400,2026-06-12T07:16:00Z,UPI,False,
BANK-TXN-00002689,ACCOUNT-001285,ACCOUNT-001505,5300,2026-08-27T17:20:00Z,UPI,False,
BANK-TXN-00002690,ACCOUNT-001464,ACCOUNT-001426,9500,2026-08-09T16:52:00Z,UPI,False,
BANK-TXN-00002691,ACCOUNT-000736,ACCOUNT-001742,7300,2026-08-12T07:54:00Z,IMPS,False,
BANK-TXN-00002692,ACCOUNT-000085,ACCOUNT-001841,11200,2026-08-12T11:34:00Z,UPI,False,
BANK-TXN-00002693,ACCOUNT-000811,ACCOUNT-000404,2300,2026-08-28T07:08:00Z,IMPS,False,
BANK-TXN-00002694,ACCOUNT-001219,ACCOUNT-000473,48100,2026-07-03T11:38:00Z,IMPS,False,
BANK-TXN-00002695,ACCOUNT-001252,ACCOUNT-001101,4200,2026-07-31T17:56:00Z,UPI,False,
BANK-TXN-00002696,ACCOUNT-001226,ACCOUNT-000184,3100,2026-07-06T07:08:00Z,UPI,False,
BANK-TXN-00002697,ACCOUNT-001772,ACCOUNT-001246,88300,2026-08-23T04:50:00Z,RTGS,False,
BANK-TXN-00002698,ACCOUNT-000447,ACCOUNT-000245,92000,2026-08-25T15:07:00Z,UPI,False,
BANK-TXN-00002699,ACCOUNT-001270,ACCOUNT-000793,1300,2026-07-09T17:24:00Z,NEFT,False,
BANK-TXN-00002700,ACCOUNT-000860,ACCOUNT-000998,39200,2026-08-27T11:37:00Z,NEFT,False,
BANK-TXN-00002701,ACCOUNT-001723,ACCOUNT-000856,2500,2026-07-09T11:12:00Z,UPI,False,
BANK-TXN-00002702,ACCOUNT-000807,ACCOUNT-001905,34200,2026-08-09T19:28:00Z,UPI,False,
BANK-TXN-00002703,ACCOUNT-000621,ACCOUNT-001191,17600,2026-07-23T06:10:00Z,IMPS,False,
BANK-TXN-00002704,ACCOUNT-000904,ACCOUNT-000884,14800,2026-07-09T01:17:00Z,IMPS,False,
BANK-TXN-00002705,ACCOUNT-001163,ACCOUNT-000854,69200,2026-07-15T23:19:00Z,UPI,False,
BANK-TXN-00002706,ACCOUNT-000389,ACCOUNT-000266,600,2026-08-07T13:33:00Z,UPI,False,
BANK-TXN-00002707,ACCOUNT-000301,ACCOUNT-000524,9700,2026-08-01T06:18:00Z,UPI,False,
BANK-TXN-00002708,ACCOUNT-001341,ACCOUNT-001137,5600,2026-05-31T14:17:00Z,IMPS,False,
BANK-TXN-00002709,ACCOUNT-001742,ACCOUNT-001052,87600,2026-06-08T03:58:00Z,UPI,False,
BANK-TXN-00002710,ACCOUNT-001217,ACCOUNT-001947,97600,2026-06-02T09:13:00Z,UPI,False,
BANK-TXN-00002711,ACCOUNT-001310,ACCOUNT-000492,4300,2026-07-20T02:15:00Z,IMPS,False,
BANK-TXN-00002712,ACCOUNT-001399,ACCOUNT-000779,16100,2026-07-26T16:25:00Z,NEFT,False,
BANK-TXN-00002713,ACCOUNT-001475,ACCOUNT-000577,11400,2026-07-01T01:49:00Z,UPI,False,
BANK-TXN-00002714,ACCOUNT-000484,ACCOUNT-000461,4500,2026-07-28T15:48:00Z,UPI,False,
BANK-TXN-00002715,ACCOUNT-000162,ACCOUNT-001447,35300,2026-07-13T04:27:00Z,UPI,False,
BANK-TXN-00002716,ACCOUNT-001473,ACCOUNT-000547,48400,2026-07-12T04:11:00Z,IMPS,False,
BANK-TXN-00002717,ACCOUNT-001383,ACCOUNT-000551,40000,2026-06-26T14:31:00Z,IMPS,False,
BANK-TXN-00002718,ACCOUNT-001476,ACCOUNT-001634,15100,2026-07-25T07:03:00Z,UPI,False,
BANK-TXN-00002719,ACCOUNT-000492,ACCOUNT-000895,20000,2026-07-12T10:06:00Z,UPI,False,
BANK-TXN-00002720,ACCOUNT-001492,ACCOUNT-001218,2800,2026-06-25T13:09:00Z,UPI,False,
BANK-TXN-00002721,ACCOUNT-000575,ACCOUNT-000260,10500,2026-08-18T16:42:00Z,UPI,False,
BANK-TXN-00002722,ACCOUNT-001861,ACCOUNT-000017,96900,2026-06-16T14:07:00Z,NEFT,False,
BANK-TXN-00002723,ACCOUNT-001041,ACCOUNT-000180,57300,2026-07-16T16:35:00Z,UPI,False,
BANK-TXN-00002724,ACCOUNT-001926,ACCOUNT-000761,29600,2026-06-16T13:41:00Z,UPI,False,
BANK-TXN-00002725,ACCOUNT-001890,ACCOUNT-000491,6500,2026-08-27T11:43:00Z,UPI,False,
BANK-TXN-00002726,ACCOUNT-001470,ACCOUNT-001206,1900,2026-08-13T15:36:00Z,UPI,False,
BANK-TXN-00002727,ACCOUNT-001368,ACCOUNT-000543,10000,2026-06-06T10:48:00Z,NEFT,False,
BANK-TXN-00002728,ACCOUNT-001928,ACCOUNT-000851,15400,2026-08-14T14:40:00Z,IMPS,False,
BANK-TXN-00002729,ACCOUNT-000115,ACCOUNT-000928,30700,2026-06-17T12:18:00Z,UPI,False,
BANK-TXN-00002730,ACCOUNT-001859,ACCOUNT-001395,3200,2026-08-26T22:19:00Z,NEFT,False,
BANK-TXN-00002731,ACCOUNT-001684,ACCOUNT-000730,2400,2026-08-07T17:53:00Z,IMPS,False,
BANK-TXN-00002732,ACCOUNT-000915,ACCOUNT-000190,7300,2026-06-18T15:50:00Z,NEFT,False,
BANK-TXN-00002733,ACCOUNT-001348,ACCOUNT-000573,90800,2026-08-06T12:03:00Z,UPI,False,
BANK-TXN-00002734,ACCOUNT-000547,ACCOUNT-001729,26200,2026-06-02T08:17:00Z,UPI,False,
BANK-TXN-00002735,ACCOUNT-000398,ACCOUNT-001317,4500,2026-08-08T03:01:00Z,UPI,False,
BANK-TXN-00002736,ACCOUNT-001632,ACCOUNT-000700,36500,2026-08-10T16:32:00Z,UPI,False,
BANK-TXN-00002737,ACCOUNT-000881,ACCOUNT-000820,7900,2026-06-02T14:48:00Z,UPI,False,
BANK-TXN-00002738,ACCOUNT-000571,ACCOUNT-001866,13900,2026-08-21T08:58:00Z,NEFT,False,
BANK-TXN-00002739,ACCOUNT-001910,ACCOUNT-001100,18300,2026-08-20T22:01:00Z,IMPS,False,
BANK-TXN-00002740,ACCOUNT-001349,ACCOUNT-000094,46900,2026-08-24T22:51:00Z,IMPS,False,
BANK-TXN-00002741,ACCOUNT-001494,ACCOUNT-000263,41900,2026-08-20T14:40:00Z,NEFT,False,
BANK-TXN-00002742,ACCOUNT-000400,ACCOUNT-000246,8600,2026-07-05T22:41:00Z,IMPS,False,
BANK-TXN-00002743,ACCOUNT-000253,ACCOUNT-001576,3200,2026-08-01T06:27:00Z,RTGS,False,
BANK-TXN-00002744,ACCOUNT-001861,ACCOUNT-000072,67700,2026-08-03T17:36:00Z,UPI,False,
BANK-TXN-00002745,ACCOUNT-000316,ACCOUNT-001062,3900,2026-07-09T16:14:00Z,IMPS,False,
BANK-TXN-00002746,ACCOUNT-001179,ACCOUNT-001488,7200,2026-06-09T04:10:00Z,UPI,False,
BANK-TXN-00002747,ACCOUNT-000765,ACCOUNT-001261,6500,2026-07-14T05:05:00Z,UPI,False,
BANK-TXN-00002748,ACCOUNT-000309,ACCOUNT-001311,9400,2026-06-01T06:32:00Z,IMPS,False,
BANK-TXN-00002749,ACCOUNT-001831,ACCOUNT-001070,19300,2026-06-12T10:00:00Z,NEFT,False,
BANK-TXN-00002750,ACCOUNT-001416,ACCOUNT-001421,6400,2026-07-31T06:46:00Z,UPI,False,
BANK-TXN-00002751,ACCOUNT-000179,ACCOUNT-001039,27300,2026-07-15T01:30:00Z,NEFT,False,
BANK-TXN-00002752,ACCOUNT-001129,ACCOUNT-000941,75400,2026-08-23T10:36:00Z,IMPS,False,
BANK-TXN-00002753,ACCOUNT-000248,ACCOUNT-001566,7400,2026-06-25T05:07:00Z,UPI,False,
BANK-TXN-00002754,ACCOUNT-000029,ACCOUNT-001007,24100,2026-08-13T17:54:00Z,UPI,False,
BANK-TXN-00002755,ACCOUNT-001144,ACCOUNT-001389,3200,2026-06-18T08:49:00Z,IMPS,False,
BANK-TXN-00002756,ACCOUNT-001725,ACCOUNT-001291,23600,2026-07-04T02:12:00Z,NEFT,False,
BANK-TXN-00002757,ACCOUNT-001597,ACCOUNT-000825,13300,2026-06-28T16:32:00Z,UPI,False,
BANK-TXN-00002758,ACCOUNT-000444,ACCOUNT-001415,50800,2026-08-09T17:50:00Z,IMPS,False,
BANK-TXN-00002759,ACCOUNT-001545,ACCOUNT-001245,24300,2026-07-22T15:51:00Z,RTGS,False,
BANK-TXN-00002760,ACCOUNT-001758,ACCOUNT-001517,6100,2026-06-17T17:08:00Z,IMPS,False,
BANK-TXN-00002761,ACCOUNT-000725,ACCOUNT-000830,67200,2026-08-21T13:08:00Z,UPI,False,
BANK-TXN-00002762,ACCOUNT-001344,ACCOUNT-000101,47100,2026-07-10T15:03:00Z,IMPS,False,
BANK-TXN-00002763,ACCOUNT-000137,ACCOUNT-001752,20100,2026-06-07T17:57:00Z,IMPS,False,
BANK-TXN-00002764,ACCOUNT-001008,ACCOUNT-000565,42100,2026-08-15T06:00:00Z,UPI,False,
BANK-TXN-00002765,ACCOUNT-001755,ACCOUNT-001145,66500,2026-07-20T06:19:00Z,UPI,False,
BANK-TXN-00002766,ACCOUNT-001820,ACCOUNT-001352,7500,2026-08-19T16:36:00Z,IMPS,False,
BANK-TXN-00002767,ACCOUNT-001042,ACCOUNT-001607,92400,2026-07-23T08:46:00Z,IMPS,False,
BANK-TXN-00002768,ACCOUNT-001346,ACCOUNT-000749,22100,2026-07-10T20:14:00Z,UPI,False,
BANK-TXN-00002769,ACCOUNT-000653,ACCOUNT-000515,2400,2026-06-17T20:49:00Z,UPI,False,
BANK-TXN-00002770,ACCOUNT-001476,ACCOUNT-000549,18400,2026-08-19T19:11:00Z,UPI,False,
BANK-TXN-00002771,ACCOUNT-000035,ACCOUNT-001167,40100,2026-06-04T19:14:00Z,RTGS,False,
BANK-TXN-00002772,ACCOUNT-001211,ACCOUNT-000658,5300,2026-07-02T10:38:00Z,UPI,False,
BANK-TXN-00002773,ACCOUNT-000002,ACCOUNT-001662,49900,2026-08-11T23:50:00Z,UPI,False,
BANK-TXN-00002774,ACCOUNT-000031,ACCOUNT-000146,900,2026-06-10T04:29:00Z,IMPS,False,
BANK-TXN-00002775,ACCOUNT-000184,ACCOUNT-000307,62400,2026-07-20T20:48:00Z,IMPS,False,
BANK-TXN-00002776,ACCOUNT-000881,ACCOUNT-001856,83100,2026-06-10T12:26:00Z,UPI,False,
BANK-TXN-00002777,ACCOUNT-000075,ACCOUNT-001160,7700,2026-06-23T11:56:00Z,UPI,False,
BANK-TXN-00002778,ACCOUNT-000991,ACCOUNT-000474,5800,2026-08-18T05:11:00Z,UPI,False,
BANK-TXN-00002779,ACCOUNT-000798,ACCOUNT-001383,99300,2026-08-25T11:39:00Z,UPI,False,
BANK-TXN-00002780,ACCOUNT-001274,ACCOUNT-000974,9000,2026-06-06T10:38:00Z,NEFT,False,
BANK-TXN-00002781,ACCOUNT-001927,ACCOUNT-001293,15100,2026-06-02T09:02:00Z,UPI,False,
BANK-TXN-00002782,ACCOUNT-000188,ACCOUNT-001291,3300,2026-07-11T14:48:00Z,IMPS,False,
BANK-TXN-00002783,ACCOUNT-001609,ACCOUNT-001185,1000,2026-06-08T14:46:00Z,UPI,False,
BANK-TXN-00002784,ACCOUNT-000248,ACCOUNT-001201,22400,2026-08-20T13:59:00Z,NEFT,False,
BANK-TXN-00002785,ACCOUNT-000558,ACCOUNT-000580,22200,2026-06-17T08:09:00Z,UPI,False,
BANK-TXN-00002786,ACCOUNT-000103,ACCOUNT-000003,35100,2026-08-11T12:25:00Z,UPI,False,
BANK-TXN-00002787,ACCOUNT-001116,ACCOUNT-001363,72900,2026-07-04T11:41:00Z,IMPS,False,
BANK-TXN-00002788,ACCOUNT-001892,ACCOUNT-000634,47700,2026-08-17T12:48:00Z,UPI,False,
BANK-TXN-00002789,ACCOUNT-001415,ACCOUNT-000070,2700,2026-07-27T04:58:00Z,UPI,False,
BANK-TXN-00002790,ACCOUNT-000645,ACCOUNT-001432,87800,2026-07-31T11:58:00Z,UPI,False,
BANK-TXN-00002791,ACCOUNT-000558,ACCOUNT-001158,27000,2026-07-05T09:31:00Z,UPI,False,
BANK-TXN-00002792,ACCOUNT-001301,ACCOUNT-001159,30700,2026-06-06T13:24:00Z,UPI,False,
BANK-TXN-00002793,ACCOUNT-000102,ACCOUNT-001423,1200,2026-07-12T09:14:00Z,UPI,False,
BANK-TXN-00002794,ACCOUNT-000226,ACCOUNT-000331,7700,2026-06-22T17:34:00Z,UPI,False,
BANK-TXN-00002795,ACCOUNT-000161,ACCOUNT-001748,81700,2026-07-19T09:02:00Z,NEFT,False,
BANK-TXN-00002796,ACCOUNT-001722,ACCOUNT-001168,20500,2026-07-17T09:38:00Z,IMPS,False,
BANK-TXN-00002797,ACCOUNT-000508,ACCOUNT-000612,15600,2026-07-17T06:05:00Z,UPI,False,
BANK-TXN-00002798,ACCOUNT-000528,ACCOUNT-001609,56200,2026-08-19T06:41:00Z,UPI,False,
BANK-TXN-00002799,ACCOUNT-001901,ACCOUNT-001236,9500,2026-06-14T15:22:00Z,NEFT,False,
BANK-TXN-00002800,ACCOUNT-000530,ACCOUNT-000565,95100,2026-06-15T12:46:00Z,UPI,False,
BANK-TXN-00002801,ACCOUNT-000840,ACCOUNT-000541,58700,2026-08-26T10:17:00Z,UPI,False,
BANK-TXN-00002802,ACCOUNT-000098,ACCOUNT-001216,87000,2026-07-17T11:52:00Z,UPI,False,
BANK-TXN-00002803,ACCOUNT-001916,ACCOUNT-000448,79800,2026-06-16T08:26:00Z,NEFT,False,
BANK-TXN-00002804,ACCOUNT-000553,ACCOUNT-000205,72800,2026-07-28T18:00:00Z,UPI,False,
BANK-TXN-00002805,ACCOUNT-001416,ACCOUNT-000355,3100,2026-08-14T04:12:00Z,UPI,False,
BANK-TXN-00002806,ACCOUNT-001842,ACCOUNT-001745,34400,2026-06-23T13:42:00Z,UPI,False,
BANK-TXN-00002807,ACCOUNT-001640,ACCOUNT-001200,1600,2026-08-12T04:52:00Z,UPI,False,
BANK-TXN-00002808,ACCOUNT-000619,ACCOUNT-000570,48700,2026-06-17T12:41:00Z,UPI,False,
BANK-TXN-00002809,ACCOUNT-001482,ACCOUNT-001252,1000,2026-07-31T09:08:00Z,NEFT,False,
BANK-TXN-00002810,ACCOUNT-001792,ACCOUNT-000729,9600,2026-08-15T17:53:00Z,NEFT,False,
BANK-TXN-00002811,ACCOUNT-000683,ACCOUNT-001759,70000,2026-07-09T04:27:00Z,UPI,False,
BANK-TXN-00002812,ACCOUNT-001193,ACCOUNT-000691,3600,2026-06-09T08:30:00Z,NEFT,False,
BANK-TXN-00002813,ACCOUNT-001652,ACCOUNT-000162,19200,2026-06-16T09:56:00Z,IMPS,False,
BANK-TXN-00002814,ACCOUNT-000388,ACCOUNT-000532,5500,2026-05-31T14:36:00Z,UPI,False,
BANK-TXN-00002815,ACCOUNT-001914,ACCOUNT-001111,6800,2026-06-19T13:04:00Z,NEFT,False,
BANK-TXN-00002816,ACCOUNT-000391,ACCOUNT-001698,5200,2026-07-07T17:18:00Z,NEFT,False,
BANK-TXN-00002817,ACCOUNT-000400,ACCOUNT-000635,30300,2026-07-01T14:44:00Z,IMPS,False,
BANK-TXN-00002818,ACCOUNT-000039,ACCOUNT-000617,71200,2026-07-30T08:15:00Z,UPI,False,
BANK-TXN-00002819,ACCOUNT-001420,ACCOUNT-001382,92500,2026-06-05T12:08:00Z,UPI,False,
BANK-TXN-00002820,ACCOUNT-001131,ACCOUNT-001621,8600,2026-06-06T14:15:00Z,NEFT,False,
BANK-TXN-00002821,ACCOUNT-000782,ACCOUNT-001543,4200,2026-06-15T01:51:00Z,IMPS,False,
BANK-TXN-00002822,ACCOUNT-000998,ACCOUNT-000898,5200,2026-07-23T20:44:00Z,UPI,False,
BANK-TXN-00002823,ACCOUNT-001724,ACCOUNT-000653,11200,2026-08-21T17:26:00Z,UPI,False,
BANK-TXN-00002824,ACCOUNT-001670,ACCOUNT-001146,33600,2026-06-11T01:33:00Z,UPI,False,
BANK-TXN-00002825,ACCOUNT-001540,ACCOUNT-000690,57800,2026-08-08T16:52:00Z,IMPS,False,
BANK-TXN-00002826,ACCOUNT-000479,ACCOUNT-000020,39600,2026-08-11T23:39:00Z,RTGS,False,
BANK-TXN-00002827,ACCOUNT-000442,ACCOUNT-000419,6600,2026-08-27T15:46:00Z,UPI,False,
BANK-TXN-00002828,ACCOUNT-000904,ACCOUNT-000139,45000,2026-06-01T17:03:00Z,UPI,False,
BANK-TXN-00002829,ACCOUNT-001911,ACCOUNT-001671,9900,2026-08-27T12:33:00Z,UPI,False,
BANK-TXN-00002830,ACCOUNT-001250,ACCOUNT-000712,1200,2026-07-19T15:13:00Z,UPI,False,
BANK-TXN-00002831,ACCOUNT-000759,ACCOUNT-000432,6400,2026-08-21T19:03:00Z,IMPS,False,
BANK-TXN-00002832,ACCOUNT-001139,ACCOUNT-001577,5100,2026-07-26T05:50:00Z,UPI,False,
BANK-TXN-00002833,ACCOUNT-001468,ACCOUNT-001880,21700,2026-08-12T21:26:00Z,UPI,False,
BANK-TXN-00002834,ACCOUNT-001638,ACCOUNT-001191,6000,2026-08-26T19:15:00Z,IMPS,False,
BANK-TXN-00002835,ACCOUNT-000272,ACCOUNT-000600,45800,2026-08-22T03:57:00Z,NEFT,False,
BANK-TXN-00002836,ACCOUNT-000848,ACCOUNT-001877,43600,2026-07-26T08:26:00Z,IMPS,False,
BANK-TXN-00002837,ACCOUNT-000209,ACCOUNT-001704,33200,2026-06-29T08:16:00Z,NEFT,False,
BANK-TXN-00002838,ACCOUNT-000848,ACCOUNT-000217,6600,2026-06-10T06:22:00Z,UPI,False,
BANK-TXN-00002839,ACCOUNT-000737,ACCOUNT-001311,28900,2026-06-20T15:05:00Z,IMPS,False,
BANK-TXN-00002840,ACCOUNT-000961,ACCOUNT-001289,1200,2026-08-10T14:05:00Z,UPI,False,
BANK-TXN-00002841,ACCOUNT-001227,ACCOUNT-000083,35000,2026-06-15T06:39:00Z,IMPS,False,
BANK-TXN-00002842,ACCOUNT-000578,ACCOUNT-001460,6500,2026-07-27T02:14:00Z,UPI,False,
BANK-TXN-00002843,ACCOUNT-001285,ACCOUNT-000385,5600,2026-07-02T09:56:00Z,UPI,False,
BANK-TXN-00002844,ACCOUNT-000177,ACCOUNT-000097,1600,2026-08-13T10:28:00Z,IMPS,False,
BANK-TXN-00002845,ACCOUNT-001410,ACCOUNT-001133,52500,2026-07-06T05:13:00Z,IMPS,False,
BANK-TXN-00002846,ACCOUNT-001825,ACCOUNT-001841,32400,2026-08-19T11:57:00Z,IMPS,False,
BANK-TXN-00002847,ACCOUNT-001635,ACCOUNT-001289,3800,2026-07-31T09:38:00Z,RTGS,False,
BANK-TXN-00002848,ACCOUNT-001265,ACCOUNT-000516,12800,2026-06-01T13:22:00Z,UPI,False,
BANK-TXN-00002849,ACCOUNT-000354,ACCOUNT-000360,16300,2026-08-10T03:36:00Z,UPI,False,
BANK-TXN-00002850,ACCOUNT-000931,ACCOUNT-000373,13800,2026-08-08T22:06:00Z,UPI,False,
BANK-TXN-00002851,ACCOUNT-000770,ACCOUNT-000361,19700,2026-07-11T08:17:00Z,NEFT,False,
BANK-TXN-00002852,ACCOUNT-000394,ACCOUNT-001862,91800,2026-08-04T07:00:00Z,UPI,False,
BANK-TXN-00002853,ACCOUNT-000594,ACCOUNT-000603,2000,2026-07-21T12:03:00Z,UPI,False,
BANK-TXN-00002854,ACCOUNT-001063,ACCOUNT-001023,10300,2026-06-24T09:01:00Z,UPI,False,
BANK-TXN-00002855,ACCOUNT-000043,ACCOUNT-001648,84900,2026-08-07T23:37:00Z,UPI,False,
BANK-TXN-00002856,ACCOUNT-001040,ACCOUNT-001402,14800,2026-07-15T20:11:00Z,IMPS,False,
BANK-TXN-00002857,ACCOUNT-000918,ACCOUNT-001018,7500,2026-07-27T08:03:00Z,UPI,False,
BANK-TXN-00002858,ACCOUNT-001348,ACCOUNT-000429,20600,2026-08-08T01:22:00Z,UPI,False,
BANK-TXN-00002859,ACCOUNT-000379,ACCOUNT-000927,6000,2026-06-26T11:10:00Z,NEFT,False,
BANK-TXN-00002860,ACCOUNT-001162,ACCOUNT-000315,33900,2026-08-26T12:04:00Z,UPI,False,
BANK-TXN-00002861,ACCOUNT-000291,ACCOUNT-001658,24600,2026-06-12T17:19:00Z,IMPS,False,
BANK-TXN-00002862,ACCOUNT-000323,ACCOUNT-000310,20500,2026-06-14T14:56:00Z,UPI,False,
BANK-TXN-00002863,ACCOUNT-000311,ACCOUNT-001212,70500,2026-07-19T14:18:00Z,UPI,False,
BANK-TXN-00002864,ACCOUNT-000501,ACCOUNT-000949,29400,2026-06-04T07:51:00Z,NEFT,False,
BANK-TXN-00002865,ACCOUNT-001481,ACCOUNT-000608,2800,2026-06-04T06:49:00Z,UPI,False,
BANK-TXN-00002866,ACCOUNT-000687,ACCOUNT-001359,67300,2026-07-26T08:59:00Z,UPI,False,
BANK-TXN-00002867,ACCOUNT-000420,ACCOUNT-001483,300,2026-08-15T16:26:00Z,UPI,False,
BANK-TXN-00002868,ACCOUNT-001095,ACCOUNT-001745,4200,2026-07-31T07:50:00Z,UPI,False,
BANK-TXN-00002869,ACCOUNT-001742,ACCOUNT-000311,2400,2026-08-16T01:49:00Z,IMPS,False,
BANK-TXN-00002870,ACCOUNT-001048,ACCOUNT-001358,7700,2026-08-14T07:26:00Z,UPI,False,
BANK-TXN-00002871,ACCOUNT-001098,ACCOUNT-001023,4900,2026-07-08T15:00:00Z,IMPS,False,
BANK-TXN-00002872,ACCOUNT-001088,ACCOUNT-000670,32900,2026-07-26T10:57:00Z,RTGS,False,
BANK-TXN-00002873,ACCOUNT-001537,ACCOUNT-000274,29500,2026-06-03T23:10:00Z,IMPS,False,
BANK-TXN-00002874,ACCOUNT-001030,ACCOUNT-001876,31200,2026-06-26T12:27:00Z,NEFT,False,
BANK-TXN-00002875,ACCOUNT-001067,ACCOUNT-000671,44100,2026-07-10T08:42:00Z,UPI,False,
BANK-TXN-00002876,ACCOUNT-001527,ACCOUNT-000244,6800,2026-06-13T12:52:00Z,IMPS,False,
BANK-TXN-00002877,ACCOUNT-000229,ACCOUNT-001251,6100,2026-08-10T07:33:00Z,UPI,False,
BANK-TXN-00002878,ACCOUNT-000375,ACCOUNT-000036,14100,2026-07-20T07:58:00Z,IMPS,False,
BANK-TXN-00002879,ACCOUNT-001090,ACCOUNT-000445,96900,2026-08-14T15:29:00Z,NEFT,False,
BANK-TXN-00002880,ACCOUNT-001583,ACCOUNT-001766,47000,2026-05-31T04:55:00Z,IMPS,False,
BANK-TXN-00002881,ACCOUNT-000315,ACCOUNT-001691,64200,2026-07-07T09:22:00Z,IMPS,False,
BANK-TXN-00002882,ACCOUNT-001079,ACCOUNT-000198,5700,2026-06-06T17:16:00Z,IMPS,False,
BANK-TXN-00002883,ACCOUNT-000041,ACCOUNT-000117,25500,2026-07-31T03:33:00Z,IMPS,False,
BANK-TXN-00002884,ACCOUNT-001527,ACCOUNT-000345,9700,2026-08-28T20:38:00Z,UPI,False,
BANK-TXN-00002885,ACCOUNT-000690,ACCOUNT-000397,100,2026-06-20T13:05:00Z,UPI,False,
BANK-TXN-00002886,ACCOUNT-000096,ACCOUNT-000669,96000,2026-08-06T15:04:00Z,UPI,False,
BANK-TXN-00002887,ACCOUNT-001454,ACCOUNT-000004,46500,2026-07-14T10:50:00Z,NEFT,False,
BANK-TXN-00002888,ACCOUNT-000351,ACCOUNT-001352,2900,2026-06-17T06:57:00Z,UPI,False,
BANK-TXN-00002889,ACCOUNT-001429,ACCOUNT-000886,48800,2026-08-08T05:12:00Z,UPI,False,
BANK-TXN-00002890,ACCOUNT-000466,ACCOUNT-000364,81200,2026-06-18T00:47:00Z,NEFT,False,
BANK-TXN-00002891,ACCOUNT-001379,ACCOUNT-001618,48000,2026-08-02T16:30:00Z,IMPS,False,
BANK-TXN-00002892,ACCOUNT-001036,ACCOUNT-000689,96700,2026-06-08T17:20:00Z,NEFT,False,
BANK-TXN-00002893,ACCOUNT-001695,ACCOUNT-001573,1600,2026-07-08T16:31:00Z,UPI,False,
BANK-TXN-00002894,ACCOUNT-000625,ACCOUNT-001592,5900,2026-08-15T23:56:00Z,IMPS,False,
BANK-TXN-00002895,ACCOUNT-001621,ACCOUNT-000322,57800,2026-08-03T03:15:00Z,UPI,False,
BANK-TXN-00002896,ACCOUNT-001108,ACCOUNT-001740,14700,2026-06-24T07:46:00Z,UPI,False,
BANK-TXN-00002897,ACCOUNT-001229,ACCOUNT-001492,2600,2026-08-20T10:40:00Z,RTGS,False,
BANK-TXN-00002898,ACCOUNT-000988,ACCOUNT-001010,44300,2026-07-10T18:58:00Z,IMPS,False,
BANK-TXN-00002899,ACCOUNT-000759,ACCOUNT-001691,76700,2026-06-15T17:20:00Z,UPI,False,
BANK-TXN-00002900,ACCOUNT-001340,ACCOUNT-001666,56500,2026-07-25T15:56:00Z,UPI,False,
BANK-TXN-00002901,ACCOUNT-000911,ACCOUNT-000840,2300,2026-08-14T11:28:00Z,RTGS,False,
BANK-TXN-00002902,ACCOUNT-000859,ACCOUNT-001187,18900,2026-06-21T08:26:00Z,IMPS,False,
BANK-TXN-00002903,ACCOUNT-000365,ACCOUNT-001505,9400,2026-06-03T23:15:00Z,UPI,False,
BANK-TXN-00002904,ACCOUNT-000755,ACCOUNT-001426,8900,2026-07-08T10:12:00Z,NEFT,False,
BANK-TXN-00002905,ACCOUNT-001178,ACCOUNT-001699,6900,2026-08-16T17:32:00Z,IMPS,False,
BANK-TXN-00002906,ACCOUNT-001215,ACCOUNT-001159,63900,2026-08-08T13:46:00Z,IMPS,False,
BANK-TXN-00002907,ACCOUNT-001287,ACCOUNT-001304,13400,2026-08-27T06:13:00Z,IMPS,False,
BANK-TXN-00002908,ACCOUNT-001245,ACCOUNT-000047,9800,2026-07-03T15:30:00Z,IMPS,False,
BANK-TXN-00002909,ACCOUNT-000867,ACCOUNT-001209,81600,2026-07-21T20:32:00Z,UPI,False,
BANK-TXN-00002910,ACCOUNT-000045,ACCOUNT-001152,32800,2026-08-28T10:22:00Z,IMPS,False,
BANK-TXN-00002911,ACCOUNT-001020,ACCOUNT-000523,64500,2026-06-18T13:21:00Z,UPI,False,
BANK-TXN-00002912,ACCOUNT-000155,ACCOUNT-001043,93300,2026-08-04T05:09:00Z,UPI,False,
BANK-TXN-00002913,ACCOUNT-000842,ACCOUNT-000947,98300,2026-07-28T14:31:00Z,IMPS,False,
BANK-TXN-00002914,ACCOUNT-000423,ACCOUNT-000817,2500,2026-06-15T10:26:00Z,UPI,False,
BANK-TXN-00002915,ACCOUNT-001197,ACCOUNT-001094,3900,2026-08-25T15:40:00Z,UPI,False,
BANK-TXN-00002916,ACCOUNT-001311,ACCOUNT-001055,5700,2026-07-09T03:40:00Z,NEFT,False,
BANK-TXN-00002917,ACCOUNT-000065,ACCOUNT-000336,2600,2026-07-08T17:31:00Z,UPI,False,
BANK-TXN-00002918,ACCOUNT-001133,ACCOUNT-001233,6700,2026-08-21T23:26:00Z,UPI,False,
BANK-TXN-00002919,ACCOUNT-000518,ACCOUNT-000735,3600,2026-06-23T18:46:00Z,NEFT,False,
BANK-TXN-00002920,ACCOUNT-001174,ACCOUNT-001138,2200,2026-08-04T03:09:00Z,UPI,False,
BANK-TXN-00002921,ACCOUNT-001366,ACCOUNT-001669,87700,2026-06-20T10:21:00Z,UPI,False,
BANK-TXN-00002922,ACCOUNT-001707,ACCOUNT-001751,5000,2026-08-15T10:34:00Z,UPI,False,
BANK-TXN-00002923,ACCOUNT-000916,ACCOUNT-001615,1400,2026-07-12T02:57:00Z,UPI,False,
BANK-TXN-00002924,ACCOUNT-000707,ACCOUNT-001475,3800,2026-07-10T06:35:00Z,NEFT,False,
BANK-TXN-00002925,ACCOUNT-001595,ACCOUNT-001222,19900,2026-07-14T08:59:00Z,UPI,False,
BANK-TXN-00002926,ACCOUNT-001143,ACCOUNT-000535,84000,2026-06-17T16:32:00Z,NEFT,False,
BANK-TXN-00002927,ACCOUNT-000603,ACCOUNT-000885,48300,2026-07-02T09:28:00Z,IMPS,False,
BANK-TXN-00002928,ACCOUNT-000040,ACCOUNT-001339,47400,2026-08-13T10:50:00Z,IMPS,False,
BANK-TXN-00002929,ACCOUNT-000072,ACCOUNT-000064,34500,2026-08-14T08:47:00Z,NEFT,False,
BANK-TXN-00002930,ACCOUNT-000252,ACCOUNT-000098,16400,2026-07-30T15:42:00Z,UPI,False,
BANK-TXN-00002931,ACCOUNT-001220,ACCOUNT-001922,20800,2026-08-23T13:43:00Z,IMPS,False,
BANK-TXN-00002932,ACCOUNT-001903,ACCOUNT-000821,28600,2026-07-12T17:58:00Z,IMPS,False,
BANK-TXN-00002933,ACCOUNT-000259,ACCOUNT-000240,72300,2026-07-18T02:21:00Z,NEFT,False,
BANK-TXN-00002934,ACCOUNT-000281,ACCOUNT-000646,5700,2026-07-05T06:49:00Z,IMPS,False,
BANK-TXN-00002935,ACCOUNT-000680,ACCOUNT-000484,21200,2026-08-01T02:19:00Z,IMPS,False,
BANK-TXN-00002936,ACCOUNT-000530,ACCOUNT-001022,23800,2026-07-20T11:36:00Z,UPI,False,
BANK-TXN-00002937,ACCOUNT-001609,ACCOUNT-000667,33300,2026-07-12T09:22:00Z,UPI,False,
BANK-TXN-00002938,ACCOUNT-001737,ACCOUNT-001688,3200,2026-07-30T10:40:00Z,NEFT,False,
BANK-TXN-00002939,ACCOUNT-000281,ACCOUNT-000589,1100,2026-07-17T07:47:00Z,IMPS,False,
BANK-TXN-00002940,ACCOUNT-001766,ACCOUNT-001843,7500,2026-06-13T21:13:00Z,UPI,False,
BANK-TXN-00002941,ACCOUNT-000379,ACCOUNT-001939,31000,2026-08-17T02:56:00Z,NEFT,False,
BANK-TXN-00002942,ACCOUNT-001311,ACCOUNT-000294,7700,2026-06-08T01:29:00Z,IMPS,False,
BANK-TXN-00002943,ACCOUNT-001098,ACCOUNT-001316,24200,2026-06-20T07:21:00Z,UPI,False,
BANK-TXN-00002944,ACCOUNT-001383,ACCOUNT-000658,84200,2026-06-19T14:49:00Z,UPI,False,
BANK-TXN-00002945,ACCOUNT-001396,ACCOUNT-001724,12500,2026-07-15T17:06:00Z,UPI,False,
BANK-TXN-00002946,ACCOUNT-001029,ACCOUNT-000672,26700,2026-06-27T13:55:00Z,UPI,False,
BANK-TXN-00002947,ACCOUNT-001877,ACCOUNT-000107,17800,2026-06-22T04:57:00Z,IMPS,False,
BANK-TXN-00002948,ACCOUNT-000530,ACCOUNT-000918,9800,2026-07-01T14:30:00Z,UPI,False,
BANK-TXN-00002949,ACCOUNT-000440,ACCOUNT-000731,87400,2026-08-10T14:05:00Z,IMPS,False,
BANK-TXN-00002950,ACCOUNT-001500,ACCOUNT-000606,28000,2026-08-14T04:06:00Z,UPI,False,
BANK-TXN-00002951,ACCOUNT-000615,ACCOUNT-001439,15200,2026-06-16T11:44:00Z,UPI,False,
BANK-TXN-00002952,ACCOUNT-000474,ACCOUNT-001001,5700,2026-06-24T10:46:00Z,UPI,False,
BANK-TXN-00002953,ACCOUNT-000863,ACCOUNT-000171,97000,2026-08-20T07:45:00Z,IMPS,False,
BANK-TXN-00002954,ACCOUNT-000374,ACCOUNT-000875,95500,2026-08-24T10:28:00Z,UPI,False,
BANK-TXN-00002955,ACCOUNT-001872,ACCOUNT-001141,38900,2026-08-20T13:49:00Z,UPI,False,
BANK-TXN-00002956,ACCOUNT-000020,ACCOUNT-000585,2100,2026-06-18T12:40:00Z,UPI,False,
BANK-TXN-00002957,ACCOUNT-000912,ACCOUNT-001417,7000,2026-07-20T12:07:00Z,IMPS,False,
BANK-TXN-00002958,ACCOUNT-000989,ACCOUNT-001664,94200,2026-06-24T21:28:00Z,UPI,False,
BANK-TXN-00002959,ACCOUNT-000871,ACCOUNT-001405,37700,2026-06-28T16:43:00Z,UPI,False,
BANK-TXN-00002960,ACCOUNT-000982,ACCOUNT-000907,40000,2026-07-11T02:23:00Z,NEFT,False,
BANK-TXN-00002961,ACCOUNT-000636,ACCOUNT-000460,80900,2026-08-02T05:52:00Z,IMPS,False,
BANK-TXN-00002962,ACCOUNT-001820,ACCOUNT-000771,11300,2026-06-09T05:44:00Z,IMPS,False,
BANK-TXN-00002963,ACCOUNT-001178,ACCOUNT-001200,3500,2026-08-25T07:53:00Z,IMPS,False,
BANK-TXN-00002964,ACCOUNT-000697,ACCOUNT-000983,9300,2026-07-30T09:26:00Z,IMPS,False,
BANK-TXN-00002965,ACCOUNT-000336,ACCOUNT-000195,64800,2026-08-18T10:34:00Z,NEFT,False,
BANK-TXN-00002966,ACCOUNT-000349,ACCOUNT-001333,89700,2026-07-22T13:13:00Z,UPI,False,
BANK-TXN-00002967,ACCOUNT-001269,ACCOUNT-001539,68900,2026-06-04T09:31:00Z,UPI,False,
BANK-TXN-00002968,ACCOUNT-001150,ACCOUNT-001866,33400,2026-07-12T05:04:00Z,IMPS,False,
BANK-TXN-00002969,ACCOUNT-001170,ACCOUNT-000714,3800,2026-06-23T17:27:00Z,UPI,False,
BANK-TXN-00002970,ACCOUNT-000294,ACCOUNT-000147,81100,2026-07-03T06:31:00Z,IMPS,False,
BANK-TXN-00002971,ACCOUNT-001357,ACCOUNT-001733,6900,2026-06-09T04:08:00Z,UPI,False,
BANK-TXN-00002972,ACCOUNT-000385,ACCOUNT-001310,3000,2026-06-12T02:32:00Z,UPI,False,
BANK-TXN-00002973,ACCOUNT-000673,ACCOUNT-001538,18400,2026-06-15T10:02:00Z,NEFT,False,
BANK-TXN-00002974,ACCOUNT-001618,ACCOUNT-000545,8300,2026-08-02T12:12:00Z,RTGS,False,
BANK-TXN-00002975,ACCOUNT-001072,ACCOUNT-000215,1400,2026-08-18T16:47:00Z,UPI,False,
BANK-TXN-00002976,ACCOUNT-000700,ACCOUNT-001541,3700,2026-07-04T04:53:00Z,UPI,False,
BANK-TXN-00002977,ACCOUNT-001007,ACCOUNT-001709,24700,2026-06-21T19:02:00Z,UPI,False,
BANK-TXN-00002978,ACCOUNT-001682,ACCOUNT-000047,82200,2026-06-10T08:05:00Z,NEFT,False,
BANK-TXN-00002979,ACCOUNT-001707,ACCOUNT-000216,18000,2026-07-03T11:57:00Z,UPI,False,
BANK-TXN-00002980,ACCOUNT-001765,ACCOUNT-000871,12200,2026-07-05T09:46:00Z,IMPS,False,
BANK-TXN-00002981,ACCOUNT-001346,ACCOUNT-000642,49600,2026-06-25T10:59:00Z,IMPS,False,
BANK-TXN-00002982,ACCOUNT-001575,ACCOUNT-001713,25500,2026-06-04T14:52:00Z,IMPS,False,
BANK-TXN-00002983,ACCOUNT-000249,ACCOUNT-000250,100,2026-06-16T15:23:00Z,UPI,False,
BANK-TXN-00002984,ACCOUNT-001757,ACCOUNT-001091,13400,2026-08-12T04:30:00Z,IMPS,False,
BANK-TXN-00002985,ACCOUNT-000646,ACCOUNT-000716,3700,2026-08-13T15:33:00Z,UPI,False,
BANK-TXN-00002986,ACCOUNT-001088,ACCOUNT-000672,86700,2026-06-21T05:06:00Z,UPI,False,
BANK-TXN-00002987,ACCOUNT-000581,ACCOUNT-000672,9500,2026-08-21T03:41:00Z,UPI,False,
BANK-TXN-00002988,ACCOUNT-000821,ACCOUNT-000143,75400,2026-07-16T02:10:00Z,UPI,False,
BANK-TXN-00002989,ACCOUNT-001552,ACCOUNT-000824,9400,2026-08-11T02:55:00Z,UPI,False,
BANK-TXN-00002990,ACCOUNT-001476,ACCOUNT-001228,16100,2026-07-08T09:47:00Z,IMPS,False,
BANK-TXN-00002991,ACCOUNT-000124,ACCOUNT-001443,21000,2026-08-28T08:26:00Z,UPI,False,
BANK-TXN-00002992,ACCOUNT-001297,ACCOUNT-000598,19800,2026-07-02T08:55:00Z,NEFT,False,
BANK-TXN-00002993,ACCOUNT-000491,ACCOUNT-001198,12900,2026-06-27T09:38:00Z,UPI,False,
BANK-TXN-00002994,ACCOUNT-000595,ACCOUNT-000505,4300,2026-07-09T01:21:00Z,UPI,False,
BANK-TXN-00002995,ACCOUNT-001041,ACCOUNT-001866,25700,2026-07-29T11:49:00Z,NEFT,False,
BANK-TXN-00002996,ACCOUNT-001116,ACCOUNT-001218,35400,2026-07-06T00:19:00Z,UPI,False,
BANK-TXN-00002997,ACCOUNT-001873,ACCOUNT-000511,45600,2026-07-22T16:55:00Z,UPI,False,
BANK-TXN-00002998,ACCOUNT-000141,ACCOUNT-001674,4000,2026-06-02T12:58:00Z,RTGS,False,
BANK-TXN-00002999,ACCOUNT-000946,ACCOUNT-001944,23700,2026-07-18T08:47:00Z,NEFT,False,
BANK-TXN-00003000,ACCOUNT-001301,ACCOUNT-001883,2400,2026-07-21T12:44:00Z,RTGS,False,
BANK-TXN-00003001,ACCOUNT-000077,ACCOUNT-000387,8100,2026-06-04T11:00:00Z,RTGS,False,
BANK-TXN-00003002,ACCOUNT-000017,ACCOUNT-000541,28400,2026-08-10T11:47:00Z,NEFT,False,
BANK-TXN-00003003,ACCOUNT-001043,ACCOUNT-001787,21600,2026-08-15T15:44:00Z,UPI,False,
BANK-TXN-00003004,ACCOUNT-001547,ACCOUNT-001186,5100,2026-07-30T09:10:00Z,IMPS,False,
BANK-TXN-00003005,ACCOUNT-001178,ACCOUNT-001633,10000,2026-08-23T12:35:00Z,IMPS,False,
BANK-TXN-00003006,ACCOUNT-000355,ACCOUNT-001036,76000,2026-06-21T06:43:00Z,UPI,False,
BANK-TXN-00003007,ACCOUNT-000553,ACCOUNT-001785,4600,2026-07-19T06:38:00Z,UPI,False,
BANK-TXN-00003008,ACCOUNT-001703,ACCOUNT-001571,28400,2026-07-17T10:03:00Z,NEFT,False,
BANK-TXN-00003009,ACCOUNT-000253,ACCOUNT-000929,45600,2026-07-25T03:59:00Z,IMPS,False,
BANK-TXN-00003010,ACCOUNT-001147,ACCOUNT-000246,10800,2026-08-15T06:07:00Z,UPI,False,
BANK-TXN-00003011,ACCOUNT-001940,ACCOUNT-000427,3300,2026-06-14T11:27:00Z,UPI,False,
BANK-TXN-00003012,ACCOUNT-001124,ACCOUNT-000963,61300,2026-07-03T08:38:00Z,IMPS,False,
BANK-TXN-00003013,ACCOUNT-000440,ACCOUNT-000829,1700,2026-07-23T06:32:00Z,UPI,False,
BANK-TXN-00003014,ACCOUNT-001470,ACCOUNT-000018,2300,2026-06-12T23:02:00Z,UPI,False,
BANK-TXN-00003015,ACCOUNT-001692,ACCOUNT-001305,56500,2026-07-06T01:49:00Z,UPI,False,
BANK-TXN-00003016,ACCOUNT-000715,ACCOUNT-000542,11700,2026-08-07T01:01:00Z,IMPS,False,
BANK-TXN-00003017,ACCOUNT-000349,ACCOUNT-001767,4700,2026-07-30T03:21:00Z,IMPS,False,
BANK-TXN-00003018,ACCOUNT-000923,ACCOUNT-000946,11600,2026-08-11T23:12:00Z,UPI,False,
BANK-TXN-00003019,ACCOUNT-001449,ACCOUNT-001414,12500,2026-06-26T07:07:00Z,IMPS,False,
BANK-TXN-00003020,ACCOUNT-000327,ACCOUNT-000555,82900,2026-07-12T00:45:00Z,UPI,False,
BANK-TXN-00003021,ACCOUNT-001273,ACCOUNT-000989,5900,2026-06-11T14:20:00Z,IMPS,False,
BANK-TXN-00003022,ACCOUNT-001115,ACCOUNT-001950,74300,2026-06-30T22:14:00Z,UPI,False,
BANK-TXN-00003023,ACCOUNT-000799,ACCOUNT-000524,7300,2026-06-16T12:49:00Z,UPI,False,
BANK-TXN-00003024,ACCOUNT-001016,ACCOUNT-001725,10300,2026-07-21T05:49:00Z,UPI,False,
BANK-TXN-00003025,ACCOUNT-001823,ACCOUNT-001422,27500,2026-06-07T08:49:00Z,UPI,False,
BANK-TXN-00003026,ACCOUNT-001697,ACCOUNT-001274,38400,2026-08-22T22:41:00Z,UPI,False,
BANK-TXN-00003027,ACCOUNT-001409,ACCOUNT-000782,8400,2026-08-01T22:00:00Z,UPI,False,
BANK-TXN-00003028,ACCOUNT-001423,ACCOUNT-001337,9900,2026-08-07T21:01:00Z,UPI,False,
BANK-TXN-00003029,ACCOUNT-001218,ACCOUNT-000687,43400,2026-07-29T13:09:00Z,UPI,False,
BANK-TXN-00003030,ACCOUNT-001170,ACCOUNT-000739,51500,2026-08-03T12:26:00Z,UPI,False,
BANK-TXN-00003031,ACCOUNT-000953,ACCOUNT-000975,3200,2026-06-12T14:57:00Z,UPI,False,
BANK-TXN-00003032,ACCOUNT-000684,ACCOUNT-001635,30500,2026-06-17T01:59:00Z,IMPS,False,
BANK-TXN-00003033,ACCOUNT-000184,ACCOUNT-000389,5500,2026-08-24T08:50:00Z,UPI,False,
BANK-TXN-00003034,ACCOUNT-001108,ACCOUNT-001666,74100,2026-07-11T09:13:00Z,NEFT,False,
BANK-TXN-00003035,ACCOUNT-001342,ACCOUNT-000799,1700,2026-06-26T17:53:00Z,UPI,False,
BANK-TXN-00003036,ACCOUNT-001889,ACCOUNT-001454,3200,2026-07-24T06:10:00Z,UPI,False,
BANK-TXN-00003037,ACCOUNT-000343,ACCOUNT-001121,31500,2026-08-20T12:00:00Z,UPI,False,
BANK-TXN-00003038,ACCOUNT-000834,ACCOUNT-000111,17500,2026-08-10T05:12:00Z,NEFT,False,
BANK-TXN-00003039,ACCOUNT-001907,ACCOUNT-001849,4200,2026-08-12T16:51:00Z,UPI,False,
BANK-TXN-00003040,ACCOUNT-000296,ACCOUNT-000702,12100,2026-08-05T16:23:00Z,UPI,False,
BANK-TXN-00003041,ACCOUNT-001501,ACCOUNT-001872,17800,2026-06-04T07:23:00Z,IMPS,False,
BANK-TXN-00003042,ACCOUNT-000914,ACCOUNT-001634,51100,2026-06-29T03:36:00Z,UPI,False,
BANK-TXN-00003043,ACCOUNT-000375,ACCOUNT-000862,1500,2026-06-07T08:40:00Z,NEFT,False,
BANK-TXN-00003044,ACCOUNT-000964,ACCOUNT-000838,24200,2026-08-18T08:22:00Z,UPI,False,
BANK-TXN-00003045,ACCOUNT-001387,ACCOUNT-000275,24900,2026-07-25T01:08:00Z,UPI,False,
BANK-TXN-00003046,ACCOUNT-000230,ACCOUNT-000783,84100,2026-08-24T17:54:00Z,UPI,False,
BANK-TXN-00003047,ACCOUNT-001905,ACCOUNT-001100,7700,2026-06-15T02:55:00Z,UPI,False,
BANK-TXN-00003048,ACCOUNT-000829,ACCOUNT-001552,95300,2026-05-31T14:22:00Z,UPI,False,
BANK-TXN-00003049,ACCOUNT-000981,ACCOUNT-001139,84500,2026-07-05T06:02:00Z,UPI,False,
BANK-TXN-00003050,ACCOUNT-000439,ACCOUNT-000950,3300,2026-07-11T00:02:00Z,UPI,False,
BANK-TXN-00003051,ACCOUNT-000639,ACCOUNT-000935,7800,2026-07-26T22:13:00Z,NEFT,False,
BANK-TXN-00003052,ACCOUNT-001142,ACCOUNT-000182,32400,2026-06-17T18:58:00Z,IMPS,False,
BANK-TXN-00003053,ACCOUNT-001162,ACCOUNT-000268,2600,2026-08-18T12:58:00Z,IMPS,False,
BANK-TXN-00003054,ACCOUNT-001488,ACCOUNT-001565,7500,2026-06-22T02:11:00Z,IMPS,False,
BANK-TXN-00003055,ACCOUNT-001496,ACCOUNT-001281,15800,2026-08-12T04:10:00Z,UPI,False,
BANK-TXN-00003056,ACCOUNT-000551,ACCOUNT-001045,58000,2026-07-04T15:58:00Z,UPI,False,
BANK-TXN-00003057,ACCOUNT-001176,ACCOUNT-001081,5900,2026-07-07T14:33:00Z,IMPS,False,
BANK-TXN-00003058,ACCOUNT-000020,ACCOUNT-000345,42500,2026-08-20T00:48:00Z,NEFT,False,
BANK-TXN-00003059,ACCOUNT-000304,ACCOUNT-001775,1400,2026-08-27T13:39:00Z,IMPS,False,
BANK-TXN-00003060,ACCOUNT-000005,ACCOUNT-000125,31300,2026-08-26T23:27:00Z,IMPS,False,
BANK-TXN-00003061,ACCOUNT-001524,ACCOUNT-001463,4000,2026-07-08T11:23:00Z,UPI,False,
BANK-TXN-00003062,ACCOUNT-001058,ACCOUNT-001068,800,2026-06-16T06:24:00Z,UPI,False,
BANK-TXN-00003063,ACCOUNT-000832,ACCOUNT-001635,2500,2026-08-28T22:06:00Z,IMPS,False,
BANK-TXN-00003064,ACCOUNT-001519,ACCOUNT-001286,30100,2026-08-09T05:52:00Z,NEFT,False,
BANK-TXN-00003065,ACCOUNT-001520,ACCOUNT-001704,87200,2026-06-15T08:11:00Z,UPI,False,
BANK-TXN-00003066,ACCOUNT-001468,ACCOUNT-001266,17600,2026-08-23T13:26:00Z,UPI,False,
BANK-TXN-00003067,ACCOUNT-001726,ACCOUNT-001948,71700,2026-08-18T02:05:00Z,UPI,False,
BANK-TXN-00003068,ACCOUNT-000529,ACCOUNT-000796,91700,2026-07-28T21:59:00Z,NEFT,False,
BANK-TXN-00003069,ACCOUNT-001208,ACCOUNT-001055,28000,2026-07-24T07:45:00Z,NEFT,False,
BANK-TXN-00003070,ACCOUNT-001481,ACCOUNT-001711,3400,2026-07-28T01:55:00Z,NEFT,False,
BANK-TXN-00003071,ACCOUNT-000652,ACCOUNT-000190,16600,2026-06-05T09:19:00Z,UPI,False,
BANK-TXN-00003072,ACCOUNT-000290,ACCOUNT-001555,5100,2026-06-16T01:41:00Z,UPI,False,
BANK-TXN-00003073,ACCOUNT-000533,ACCOUNT-001649,7000,2026-06-04T23:37:00Z,IMPS,False,
BANK-TXN-00003074,ACCOUNT-000569,ACCOUNT-000846,49100,2026-07-07T22:40:00Z,IMPS,False,
BANK-TXN-00003075,ACCOUNT-001224,ACCOUNT-000513,20300,2026-07-23T09:15:00Z,UPI,False,
BANK-TXN-00003076,ACCOUNT-000304,ACCOUNT-001467,6700,2026-08-22T18:25:00Z,NEFT,False,
BANK-TXN-00003077,ACCOUNT-001477,ACCOUNT-000033,4500,2026-08-11T07:26:00Z,UPI,False,
BANK-TXN-00003078,ACCOUNT-001886,ACCOUNT-000283,97200,2026-06-06T16:32:00Z,IMPS,False,
BANK-TXN-00003079,ACCOUNT-000003,ACCOUNT-000306,22800,2026-07-09T17:27:00Z,NEFT,False,
BANK-TXN-00003080,ACCOUNT-001018,ACCOUNT-000537,30800,2026-06-01T14:52:00Z,IMPS,False,
BANK-TXN-00003081,ACCOUNT-000735,ACCOUNT-001305,7200,2026-08-04T12:50:00Z,RTGS,False,
BANK-TXN-00003082,ACCOUNT-000036,ACCOUNT-000018,5000,2026-07-22T19:21:00Z,IMPS,False,
BANK-TXN-00003083,ACCOUNT-000286,ACCOUNT-001130,4400,2026-05-31T14:25:00Z,UPI,False,
BANK-TXN-00003084,ACCOUNT-000143,ACCOUNT-001287,24400,2026-08-06T06:40:00Z,UPI,False,
BANK-TXN-00003085,ACCOUNT-001364,ACCOUNT-001775,3000,2026-07-09T17:58:00Z,IMPS,False,
BANK-TXN-00003086,ACCOUNT-000449,ACCOUNT-000114,600,2026-07-26T12:59:00Z,UPI,False,
BANK-TXN-00003087,ACCOUNT-000497,ACCOUNT-001070,4700,2026-08-10T11:59:00Z,NEFT,False,
BANK-TXN-00003088,ACCOUNT-001859,ACCOUNT-000360,87600,2026-08-03T00:52:00Z,RTGS,False,
BANK-TXN-00003089,ACCOUNT-001285,ACCOUNT-000875,4200,2026-08-20T13:52:00Z,NEFT,False,
BANK-TXN-00003090,ACCOUNT-001939,ACCOUNT-001091,36100,2026-07-12T23:13:00Z,IMPS,False,
BANK-TXN-00003091,ACCOUNT-000460,ACCOUNT-001669,2000,2026-07-26T14:14:00Z,IMPS,False,
BANK-TXN-00003092,ACCOUNT-001831,ACCOUNT-000296,19800,2026-07-03T12:46:00Z,NEFT,False,
BANK-TXN-00003093,ACCOUNT-000052,ACCOUNT-000220,2400,2026-06-10T19:45:00Z,UPI,False,
BANK-TXN-00003094,ACCOUNT-001523,ACCOUNT-001636,22500,2026-06-09T00:14:00Z,NEFT,False,
BANK-TXN-00003095,ACCOUNT-000532,ACCOUNT-000482,3200,2026-07-15T10:34:00Z,RTGS,False,
BANK-TXN-00003096,ACCOUNT-001096,ACCOUNT-000347,4800,2026-08-08T02:12:00Z,IMPS,False,
BANK-TXN-00003097,ACCOUNT-001692,ACCOUNT-000940,25000,2026-06-04T01:35:00Z,UPI,False,
BANK-TXN-00003098,ACCOUNT-001736,ACCOUNT-000857,49300,2026-07-10T02:01:00Z,UPI,False,
BANK-TXN-00003099,ACCOUNT-000267,ACCOUNT-000566,47600,2026-08-19T01:21:00Z,RTGS,False,
BANK-TXN-00003100,ACCOUNT-001746,ACCOUNT-001118,17500,2026-07-03T10:06:00Z,UPI,False,
BANK-TXN-00003101,ACCOUNT-001700,ACCOUNT-000165,7300,2026-06-05T17:57:00Z,UPI,False,
BANK-TXN-00003102,ACCOUNT-000846,ACCOUNT-001911,78900,2026-08-15T05:41:00Z,UPI,False,
BANK-TXN-00003103,ACCOUNT-000618,ACCOUNT-000299,15300,2026-08-12T15:05:00Z,UPI,False,
BANK-TXN-00003104,ACCOUNT-000630,ACCOUNT-001487,39000,2026-07-06T03:12:00Z,UPI,False,
BANK-TXN-00003105,ACCOUNT-000227,ACCOUNT-000309,46500,2026-08-17T14:20:00Z,UPI,False,
BANK-TXN-00003106,ACCOUNT-001512,ACCOUNT-001539,90200,2026-07-14T17:44:00Z,UPI,False,
BANK-TXN-00003107,ACCOUNT-000819,ACCOUNT-001352,5000,2026-06-01T15:42:00Z,UPI,False,
BANK-TXN-00003108,ACCOUNT-001374,ACCOUNT-001455,78100,2026-06-11T11:48:00Z,UPI,False,
BANK-TXN-00003109,ACCOUNT-000301,ACCOUNT-000950,30900,2026-07-28T23:18:00Z,UPI,False,
BANK-TXN-00003110,ACCOUNT-000691,ACCOUNT-001387,91200,2026-06-14T06:28:00Z,UPI,False,
BANK-TXN-00003111,ACCOUNT-000133,ACCOUNT-001082,38700,2026-06-23T15:09:00Z,UPI,False,
BANK-TXN-00003112,ACCOUNT-000830,ACCOUNT-000532,300,2026-08-26T13:54:00Z,UPI,False,
BANK-TXN-00003113,ACCOUNT-000330,ACCOUNT-001670,12100,2026-07-12T14:18:00Z,NEFT,False,
BANK-TXN-00003114,ACCOUNT-000382,ACCOUNT-000507,2000,2026-08-25T17:35:00Z,IMPS,False,
BANK-TXN-00003115,ACCOUNT-001948,ACCOUNT-001082,28600,2026-07-05T23:45:00Z,UPI,False,
BANK-TXN-00003116,ACCOUNT-001496,ACCOUNT-001315,6000,2026-06-25T13:57:00Z,UPI,False,
BANK-TXN-00003117,ACCOUNT-001432,ACCOUNT-000413,81800,2026-08-15T09:25:00Z,IMPS,False,
BANK-TXN-00003118,ACCOUNT-000102,ACCOUNT-000165,1400,2026-08-17T05:58:00Z,UPI,False,
BANK-TXN-00003119,ACCOUNT-001919,ACCOUNT-000973,44100,2026-08-14T15:12:00Z,UPI,False,
BANK-TXN-00003120,ACCOUNT-001685,ACCOUNT-000956,4100,2026-06-06T10:58:00Z,IMPS,False,
BANK-TXN-00003121,ACCOUNT-001811,ACCOUNT-001900,100000,2026-08-09T06:38:00Z,IMPS,False,
BANK-TXN-00003122,ACCOUNT-000105,ACCOUNT-001479,21900,2026-06-25T15:23:00Z,NEFT,False,
BANK-TXN-00003123,ACCOUNT-000674,ACCOUNT-001777,500,2026-07-13T02:20:00Z,UPI,False,
BANK-TXN-00003124,ACCOUNT-000897,ACCOUNT-000698,200,2026-07-31T14:50:00Z,UPI,False,
BANK-TXN-00003125,ACCOUNT-000341,ACCOUNT-001144,38300,2026-06-22T08:07:00Z,IMPS,False,
BANK-TXN-00003126,ACCOUNT-000966,ACCOUNT-000282,7900,2026-06-30T09:57:00Z,UPI,False,
BANK-TXN-00003127,ACCOUNT-000851,ACCOUNT-000217,55600,2026-07-05T22:16:00Z,IMPS,False,
BANK-TXN-00003128,ACCOUNT-000963,ACCOUNT-001710,95000,2026-08-09T17:48:00Z,IMPS,False,
BANK-TXN-00003129,ACCOUNT-001298,ACCOUNT-000787,3500,2026-07-27T11:11:00Z,UPI,False,
BANK-TXN-00003130,ACCOUNT-000694,ACCOUNT-001716,39300,2026-07-30T21:04:00Z,NEFT,False,
BANK-TXN-00003131,ACCOUNT-001843,ACCOUNT-001850,50700,2026-08-28T16:42:00Z,IMPS,False,
BANK-TXN-00003132,ACCOUNT-001468,ACCOUNT-001125,51600,2026-07-13T06:31:00Z,UPI,False,
BANK-TXN-00003133,ACCOUNT-001334,ACCOUNT-000527,6300,2026-06-04T03:48:00Z,NEFT,False,
BANK-TXN-00003134,ACCOUNT-000382,ACCOUNT-000333,40400,2026-08-13T13:58:00Z,IMPS,False,
BANK-TXN-00003135,ACCOUNT-000784,ACCOUNT-001130,42000,2026-07-14T04:44:00Z,UPI,False,
BANK-TXN-00003136,ACCOUNT-000797,ACCOUNT-001641,2800,2026-07-03T07:38:00Z,IMPS,False,
BANK-TXN-00003137,ACCOUNT-000243,ACCOUNT-000504,13600,2026-06-16T04:02:00Z,UPI,False,
BANK-TXN-00003138,ACCOUNT-000113,ACCOUNT-001507,13700,2026-08-14T04:03:00Z,UPI,False,
BANK-TXN-00003139,ACCOUNT-000010,ACCOUNT-000984,4200,2026-08-27T16:37:00Z,UPI,False,
BANK-TXN-00003140,ACCOUNT-000529,ACCOUNT-001829,4000,2026-08-08T15:47:00Z,UPI,False,
BANK-TXN-00003141,ACCOUNT-000455,ACCOUNT-001184,22800,2026-08-11T14:06:00Z,UPI,False,
BANK-TXN-00003142,ACCOUNT-000049,ACCOUNT-000021,40300,2026-07-21T02:13:00Z,NEFT,False,
BANK-TXN-00003143,ACCOUNT-000153,ACCOUNT-001668,1000,2026-08-27T14:46:00Z,UPI,False,
BANK-TXN-00003144,ACCOUNT-001867,ACCOUNT-000146,69800,2026-07-11T11:37:00Z,IMPS,False,
BANK-TXN-00003145,ACCOUNT-000828,ACCOUNT-001461,94100,2026-07-28T15:05:00Z,UPI,False,
BANK-TXN-00003146,ACCOUNT-000635,ACCOUNT-001127,800,2026-08-17T19:40:00Z,NEFT,False,
BANK-TXN-00003147,ACCOUNT-000566,ACCOUNT-001868,8100,2026-06-26T12:11:00Z,UPI,False,
BANK-TXN-00003148,ACCOUNT-001656,ACCOUNT-001199,22000,2026-07-05T04:53:00Z,UPI,False,
BANK-TXN-00003149,ACCOUNT-000691,ACCOUNT-000658,2900,2026-08-14T17:11:00Z,NEFT,False,
BANK-TXN-00003150,ACCOUNT-000675,ACCOUNT-001654,24400,2026-08-16T17:23:00Z,UPI,False,
BANK-TXN-00003151,ACCOUNT-000202,ACCOUNT-000700,4900,2026-07-13T15:36:00Z,IMPS,False,
BANK-TXN-00003152,ACCOUNT-001226,ACCOUNT-000946,1000,2026-08-08T15:36:00Z,UPI,False,
BANK-TXN-00003153,ACCOUNT-000600,ACCOUNT-000892,36900,2026-07-12T06:33:00Z,UPI,False,
BANK-TXN-00003154,ACCOUNT-000734,ACCOUNT-000133,5300,2026-07-03T18:31:00Z,NEFT,False,
BANK-TXN-00003155,ACCOUNT-000950,ACCOUNT-000251,38600,2026-07-13T13:44:00Z,RTGS,False,
BANK-TXN-00003156,ACCOUNT-001542,ACCOUNT-000471,5600,2026-06-28T08:57:00Z,UPI,False,
BANK-TXN-00003157,ACCOUNT-000629,ACCOUNT-000468,32500,2026-06-22T23:49:00Z,NEFT,False,
BANK-TXN-00003158,ACCOUNT-001722,ACCOUNT-000618,42100,2026-06-25T04:15:00Z,UPI,False,
BANK-TXN-00003159,ACCOUNT-000103,ACCOUNT-000332,42500,2026-06-17T16:44:00Z,UPI,False,
BANK-TXN-00003160,ACCOUNT-000303,ACCOUNT-001830,11100,2026-07-02T16:27:00Z,UPI,False,
BANK-TXN-00003161,ACCOUNT-000878,ACCOUNT-000514,42400,2026-08-11T23:19:00Z,UPI,False,
BANK-TXN-00003162,ACCOUNT-000980,ACCOUNT-001937,7100,2026-08-20T04:15:00Z,UPI,False,
BANK-TXN-00003163,ACCOUNT-001124,ACCOUNT-001886,7200,2026-07-08T11:16:00Z,IMPS,False,
BANK-TXN-00003164,ACCOUNT-000447,ACCOUNT-001830,40500,2026-06-22T12:28:00Z,UPI,False,
BANK-TXN-00003165,ACCOUNT-001835,ACCOUNT-001376,97000,2026-06-01T22:44:00Z,NEFT,False,
BANK-TXN-00003166,ACCOUNT-000806,ACCOUNT-001212,19400,2026-06-03T15:57:00Z,IMPS,False,
BANK-TXN-00003167,ACCOUNT-000532,ACCOUNT-000013,98300,2026-07-15T06:17:00Z,NEFT,False,
BANK-TXN-00003168,ACCOUNT-001582,ACCOUNT-000297,2100,2026-06-29T16:34:00Z,IMPS,False,
BANK-TXN-00003169,ACCOUNT-000921,ACCOUNT-000879,9300,2026-07-27T06:40:00Z,IMPS,False,
BANK-TXN-00003170,ACCOUNT-000659,ACCOUNT-000843,80400,2026-07-02T20:30:00Z,NEFT,False,
BANK-TXN-00003171,ACCOUNT-001024,ACCOUNT-001456,46700,2026-07-16T13:50:00Z,UPI,False,
BANK-TXN-00003172,ACCOUNT-001443,ACCOUNT-001767,63200,2026-08-25T15:10:00Z,UPI,False,
BANK-TXN-00003173,ACCOUNT-000371,ACCOUNT-000977,7900,2026-08-02T04:13:00Z,IMPS,False,
BANK-TXN-00003174,ACCOUNT-000370,ACCOUNT-000123,8000,2026-08-06T16:19:00Z,UPI,False,
BANK-TXN-00003175,ACCOUNT-001560,ACCOUNT-000154,35900,2026-06-30T05:19:00Z,IMPS,False,
BANK-TXN-00003176,ACCOUNT-001008,ACCOUNT-000219,14000,2026-07-05T17:11:00Z,IMPS,False,
BANK-TXN-00003177,ACCOUNT-001113,ACCOUNT-000762,70600,2026-08-14T14:07:00Z,IMPS,False,
BANK-TXN-00003178,ACCOUNT-000477,ACCOUNT-000067,49400,2026-07-12T16:54:00Z,IMPS,False,
BANK-TXN-00003179,ACCOUNT-000425,ACCOUNT-001198,9700,2026-08-06T16:03:00Z,UPI,False,
BANK-TXN-00003180,ACCOUNT-001165,ACCOUNT-001628,14700,2026-06-19T23:04:00Z,IMPS,False,
BANK-TXN-00003181,ACCOUNT-000551,ACCOUNT-001015,500,2026-08-19T20:26:00Z,UPI,False,
BANK-TXN-00003182,ACCOUNT-001810,ACCOUNT-001817,2600,2026-08-26T02:09:00Z,NEFT,False,
BANK-TXN-00003183,ACCOUNT-000913,ACCOUNT-001817,300,2026-08-23T03:17:00Z,UPI,False,
BANK-TXN-00003184,ACCOUNT-000407,ACCOUNT-000428,6600,2026-08-05T12:31:00Z,NEFT,False,
BANK-TXN-00003185,ACCOUNT-000772,ACCOUNT-001183,29000,2026-07-31T04:05:00Z,IMPS,False,
BANK-TXN-00003186,ACCOUNT-001603,ACCOUNT-000909,50200,2026-07-04T01:02:00Z,UPI,False,
BANK-TXN-00003187,ACCOUNT-001153,ACCOUNT-000067,11500,2026-07-09T06:40:00Z,UPI,False,
BANK-TXN-00003188,ACCOUNT-000717,ACCOUNT-001262,12700,2026-06-11T05:25:00Z,IMPS,False,
BANK-TXN-00003189,ACCOUNT-000449,ACCOUNT-001512,9800,2026-06-12T16:31:00Z,UPI,False,
BANK-TXN-00003190,ACCOUNT-001108,ACCOUNT-001764,2500,2026-08-17T17:24:00Z,UPI,False,
BANK-TXN-00003191,ACCOUNT-001336,ACCOUNT-000098,26500,2026-07-21T01:24:00Z,UPI,False,
BANK-TXN-00003192,ACCOUNT-000882,ACCOUNT-001472,14300,2026-07-06T12:19:00Z,UPI,False,
BANK-TXN-00003193,ACCOUNT-000341,ACCOUNT-001133,75000,2026-06-07T14:47:00Z,UPI,False,
BANK-TXN-00003194,ACCOUNT-001534,ACCOUNT-001284,3300,2026-06-14T13:32:00Z,NEFT,False,
BANK-TXN-00003195,ACCOUNT-000891,ACCOUNT-000618,20500,2026-08-28T12:29:00Z,NEFT,False,
BANK-TXN-00003196,ACCOUNT-000045,ACCOUNT-000348,3700,2026-08-23T10:18:00Z,RTGS,False,
BANK-TXN-00003197,ACCOUNT-001730,ACCOUNT-000352,2400,2026-06-13T21:49:00Z,IMPS,False,
BANK-TXN-00003198,ACCOUNT-001935,ACCOUNT-000613,23800,2026-07-29T09:43:00Z,IMPS,False,
BANK-TXN-00003199,ACCOUNT-000071,ACCOUNT-001198,14900,2026-07-31T16:50:00Z,UPI,False,
BANK-TXN-00003200,ACCOUNT-000355,ACCOUNT-000014,1000,2026-08-07T15:56:00Z,NEFT,False,
BANK-TXN-00003201,ACCOUNT-001856,ACCOUNT-001336,4000,2026-07-17T13:57:00Z,NEFT,False,
BANK-TXN-00003202,ACCOUNT-000464,ACCOUNT-000692,1500,2026-07-23T14:15:00Z,NEFT,False,
BANK-TXN-00003203,ACCOUNT-001190,ACCOUNT-001033,8900,2026-06-19T05:42:00Z,UPI,False,
BANK-TXN-00003204,ACCOUNT-001589,ACCOUNT-000503,7500,2026-08-04T03:42:00Z,NEFT,False,
BANK-TXN-00003205,ACCOUNT-001213,ACCOUNT-000874,2300,2026-08-12T23:26:00Z,IMPS,False,
BANK-TXN-00003206,ACCOUNT-001517,ACCOUNT-001103,16900,2026-06-07T15:52:00Z,UPI,False,
BANK-TXN-00003207,ACCOUNT-001802,ACCOUNT-001188,70100,2026-08-21T12:39:00Z,UPI,False,
BANK-TXN-00003208,ACCOUNT-001792,ACCOUNT-001253,1000,2026-06-13T09:57:00Z,UPI,False,
BANK-TXN-00003209,ACCOUNT-001017,ACCOUNT-000823,25000,2026-08-03T20:31:00Z,UPI,False,
BANK-TXN-00003210,ACCOUNT-000328,ACCOUNT-000135,12300,2026-08-27T13:22:00Z,IMPS,False,
BANK-TXN-00003211,ACCOUNT-001847,ACCOUNT-000918,3800,2026-07-16T09:10:00Z,UPI,False,
BANK-TXN-00003212,ACCOUNT-000811,ACCOUNT-000915,34500,2026-08-19T07:54:00Z,UPI,False,
BANK-TXN-00003213,ACCOUNT-000821,ACCOUNT-000263,33100,2026-07-05T04:43:00Z,UPI,False,
BANK-TXN-00003214,ACCOUNT-001748,ACCOUNT-001042,27600,2026-06-09T02:44:00Z,NEFT,False,
BANK-TXN-00003215,ACCOUNT-000291,ACCOUNT-001437,2900,2026-08-25T03:33:00Z,NEFT,False,
BANK-TXN-00003216,ACCOUNT-000469,ACCOUNT-000055,96200,2026-08-28T09:50:00Z,UPI,False,
BANK-TXN-00003217,ACCOUNT-001792,ACCOUNT-000282,500,2026-07-25T20:50:00Z,UPI,False,
BANK-TXN-00003218,ACCOUNT-000472,ACCOUNT-001762,1800,2026-07-17T13:40:00Z,UPI,False,
BANK-TXN-00003219,ACCOUNT-001581,ACCOUNT-000286,16000,2026-08-16T09:54:00Z,IMPS,False,
BANK-TXN-00003220,ACCOUNT-000102,ACCOUNT-001060,41300,2026-07-03T11:23:00Z,UPI,False,
BANK-TXN-00003221,ACCOUNT-000955,ACCOUNT-001240,13300,2026-08-12T13:13:00Z,UPI,False,
BANK-TXN-00003222,ACCOUNT-000192,ACCOUNT-001028,18200,2026-06-20T15:08:00Z,IMPS,False,
BANK-TXN-00003223,ACCOUNT-001106,ACCOUNT-001621,2000,2026-08-14T09:13:00Z,IMPS,False,
BANK-TXN-00003224,ACCOUNT-000990,ACCOUNT-001009,46200,2026-08-23T12:20:00Z,IMPS,False,
BANK-TXN-00003225,ACCOUNT-000428,ACCOUNT-001804,78500,2026-07-29T06:23:00Z,UPI,False,
BANK-TXN-00003226,ACCOUNT-000196,ACCOUNT-000734,21900,2026-06-10T02:50:00Z,IMPS,False,
BANK-TXN-00003227,ACCOUNT-001363,ACCOUNT-000594,67000,2026-07-04T15:04:00Z,IMPS,False,
BANK-TXN-00003228,ACCOUNT-001609,ACCOUNT-001607,9700,2026-07-14T07:27:00Z,UPI,False,
BANK-TXN-00003229,ACCOUNT-001587,ACCOUNT-000657,28400,2026-05-31T12:10:00Z,UPI,False,
BANK-TXN-00003230,ACCOUNT-000353,ACCOUNT-000037,9200,2026-06-24T15:30:00Z,IMPS,False,
BANK-TXN-00003231,ACCOUNT-000345,ACCOUNT-000743,19500,2026-07-20T02:05:00Z,UPI,False,
BANK-TXN-00003232,ACCOUNT-001200,ACCOUNT-000803,7200,2026-08-07T10:49:00Z,UPI,False,
BANK-TXN-00003233,ACCOUNT-000218,ACCOUNT-001093,29300,2026-08-05T13:10:00Z,IMPS,False,
BANK-TXN-00003234,ACCOUNT-000615,ACCOUNT-000916,88900,2026-08-06T10:48:00Z,UPI,False,
BANK-TXN-00003235,ACCOUNT-000370,ACCOUNT-001324,6500,2026-08-27T19:50:00Z,NEFT,False,
BANK-TXN-00003236,ACCOUNT-000179,ACCOUNT-000589,100,2026-06-17T09:22:00Z,IMPS,False,
BANK-TXN-00003237,ACCOUNT-001342,ACCOUNT-000856,26000,2026-07-09T16:16:00Z,UPI,False,
BANK-TXN-00003238,ACCOUNT-000817,ACCOUNT-000001,11300,2026-07-26T02:03:00Z,RTGS,False,
BANK-TXN-00003239,ACCOUNT-000740,ACCOUNT-000882,11000,2026-08-04T16:30:00Z,UPI,False,
BANK-TXN-00003240,ACCOUNT-000475,ACCOUNT-001259,3700,2026-08-19T21:12:00Z,UPI,False,
BANK-TXN-00003241,ACCOUNT-000760,ACCOUNT-001563,6000,2026-08-03T10:49:00Z,UPI,False,
BANK-TXN-00003242,ACCOUNT-000950,ACCOUNT-000192,46800,2026-08-17T01:46:00Z,UPI,False,
BANK-TXN-00003243,ACCOUNT-000096,ACCOUNT-000860,37400,2026-08-26T02:51:00Z,IMPS,False,
BANK-TXN-00003244,ACCOUNT-000657,ACCOUNT-000820,46200,2026-07-24T12:01:00Z,NEFT,False,
BANK-TXN-00003245,ACCOUNT-000971,ACCOUNT-000893,86500,2026-08-12T13:47:00Z,NEFT,False,
BANK-TXN-00003246,ACCOUNT-000022,ACCOUNT-000031,6200,2026-06-16T14:31:00Z,UPI,False,
BANK-TXN-00003247,ACCOUNT-000185,ACCOUNT-000911,9300,2026-07-05T08:06:00Z,UPI,False,
BANK-TXN-00003248,ACCOUNT-001777,ACCOUNT-001815,4200,2026-08-03T06:53:00Z,NEFT,False,
BANK-TXN-00003249,ACCOUNT-001265,ACCOUNT-000531,13500,2026-07-23T07:33:00Z,NEFT,False,
BANK-TXN-00003250,ACCOUNT-001466,ACCOUNT-000204,12900,2026-07-10T13:03:00Z,NEFT,False,
BANK-TXN-00003251,ACCOUNT-000403,ACCOUNT-000942,38300,2026-08-06T11:18:00Z,UPI,False,
BANK-TXN-00003252,ACCOUNT-001948,ACCOUNT-000861,10000,2026-08-24T12:16:00Z,UPI,False,
BANK-TXN-00003253,ACCOUNT-000599,ACCOUNT-000369,20900,2026-06-10T01:08:00Z,NEFT,False,
BANK-TXN-00003254,ACCOUNT-000970,ACCOUNT-000672,25500,2026-07-16T18:25:00Z,RTGS,False,
BANK-TXN-00003255,ACCOUNT-001712,ACCOUNT-001734,6100,2026-06-26T09:24:00Z,UPI,False,
BANK-TXN-00003256,ACCOUNT-000375,ACCOUNT-000085,32800,2026-08-07T14:46:00Z,UPI,False,
BANK-TXN-00003257,ACCOUNT-000548,ACCOUNT-000160,20900,2026-06-26T17:43:00Z,IMPS,False,
BANK-TXN-00003258,ACCOUNT-001631,ACCOUNT-000403,21400,2026-06-25T05:24:00Z,IMPS,False,
BANK-TXN-00003259,ACCOUNT-000023,ACCOUNT-000339,68900,2026-07-14T03:11:00Z,IMPS,False,
BANK-TXN-00003260,ACCOUNT-000776,ACCOUNT-001725,1800,2026-08-11T12:24:00Z,IMPS,False,
BANK-TXN-00003261,ACCOUNT-000355,ACCOUNT-000406,11600,2026-06-23T12:15:00Z,IMPS,False,
BANK-TXN-00003262,ACCOUNT-000007,ACCOUNT-001220,18000,2026-07-16T15:05:00Z,UPI,False,
BANK-TXN-00003263,ACCOUNT-001933,ACCOUNT-000549,16000,2026-08-06T19:14:00Z,UPI,False,
BANK-TXN-00003264,ACCOUNT-001209,ACCOUNT-001236,89900,2026-08-26T04:58:00Z,UPI,False,
BANK-TXN-00003265,ACCOUNT-001093,ACCOUNT-000160,22500,2026-07-26T08:57:00Z,NEFT,False,
BANK-TXN-00003266,ACCOUNT-001301,ACCOUNT-000841,98900,2026-08-16T14:31:00Z,NEFT,False,
BANK-TXN-00003267,ACCOUNT-000537,ACCOUNT-000565,27100,2026-08-01T11:35:00Z,UPI,False,
BANK-TXN-00003268,ACCOUNT-000925,ACCOUNT-001727,31500,2026-06-06T01:38:00Z,NEFT,False,
BANK-TXN-00003269,ACCOUNT-001739,ACCOUNT-000958,7500,2026-08-12T07:36:00Z,IMPS,False,
BANK-TXN-00003270,ACCOUNT-001658,ACCOUNT-001846,3400,2026-08-20T13:41:00Z,UPI,False,
BANK-TXN-00003271,ACCOUNT-001060,ACCOUNT-001529,7800,2026-06-12T09:57:00Z,UPI,False,
BANK-TXN-00003272,ACCOUNT-001425,ACCOUNT-000342,65700,2026-06-16T05:00:00Z,UPI,False,
BANK-TXN-00003273,ACCOUNT-001429,ACCOUNT-000931,25500,2026-06-06T04:25:00Z,UPI,False,
BANK-TXN-00003274,ACCOUNT-000484,ACCOUNT-000745,2200,2026-07-07T06:33:00Z,NEFT,False,
BANK-TXN-00003275,ACCOUNT-000467,ACCOUNT-001446,40100,2026-07-28T12:02:00Z,UPI,False,
BANK-TXN-00003276,ACCOUNT-000433,ACCOUNT-000056,5100,2026-07-09T11:32:00Z,NEFT,False,
BANK-TXN-00003277,ACCOUNT-000965,ACCOUNT-001436,9700,2026-08-13T10:52:00Z,UPI,False,
BANK-TXN-00003278,ACCOUNT-000841,ACCOUNT-001819,12000,2026-06-29T02:19:00Z,IMPS,False,
BANK-TXN-00003279,ACCOUNT-001580,ACCOUNT-001049,33400,2026-07-02T11:28:00Z,UPI,False,
BANK-TXN-00003280,ACCOUNT-001557,ACCOUNT-000675,2500,2026-06-03T09:08:00Z,UPI,False,
BANK-TXN-00003281,ACCOUNT-000421,ACCOUNT-001173,9400,2026-07-06T16:17:00Z,UPI,False,
BANK-TXN-00003282,ACCOUNT-001266,ACCOUNT-001779,4800,2026-06-25T06:35:00Z,NEFT,False,
BANK-TXN-00003283,ACCOUNT-001636,ACCOUNT-001306,24600,2026-07-18T04:06:00Z,UPI,False,
BANK-TXN-00003284,ACCOUNT-001697,ACCOUNT-000242,71600,2026-06-01T11:44:00Z,IMPS,False,
BANK-TXN-00003285,ACCOUNT-001567,ACCOUNT-000160,25700,2026-06-20T04:17:00Z,UPI,False,
BANK-TXN-00003286,ACCOUNT-000422,ACCOUNT-000383,8600,2026-08-21T06:35:00Z,NEFT,False,
BANK-TXN-00003287,ACCOUNT-001385,ACCOUNT-001836,79700,2026-08-27T11:09:00Z,UPI,False,
BANK-TXN-00003288,ACCOUNT-001715,ACCOUNT-001043,97600,2026-06-11T19:24:00Z,UPI,False,
BANK-TXN-00003289,ACCOUNT-000246,ACCOUNT-001151,9900,2026-08-09T12:40:00Z,NEFT,False,
BANK-TXN-00003290,ACCOUNT-000950,ACCOUNT-000186,3500,2026-07-01T06:01:00Z,UPI,False,
BANK-TXN-00003291,ACCOUNT-001701,ACCOUNT-000631,64900,2026-06-11T15:35:00Z,UPI,False,
BANK-TXN-00003292,ACCOUNT-000423,ACCOUNT-001471,5500,2026-05-31T09:17:00Z,IMPS,False,
BANK-TXN-00003293,ACCOUNT-000487,ACCOUNT-000670,85400,2026-07-21T07:20:00Z,UPI,False,
BANK-TXN-00003294,ACCOUNT-000579,ACCOUNT-000735,25600,2026-06-17T09:34:00Z,RTGS,False,
BANK-TXN-00003295,ACCOUNT-001227,ACCOUNT-000368,72400,2026-08-20T09:08:00Z,UPI,False,
BANK-TXN-00003296,ACCOUNT-000754,ACCOUNT-000530,8500,2026-06-12T10:43:00Z,NEFT,False,
BANK-TXN-00003297,ACCOUNT-001521,ACCOUNT-001589,4500,2026-07-24T08:45:00Z,UPI,False,
BANK-TXN-00003298,ACCOUNT-001785,ACCOUNT-001421,43500,2026-06-03T05:56:00Z,UPI,False,
BANK-TXN-00003299,ACCOUNT-000849,ACCOUNT-000966,41200,2026-06-25T05:00:00Z,UPI,False,
BANK-TXN-00003300,ACCOUNT-001313,ACCOUNT-000556,23500,2026-06-05T16:53:00Z,IMPS,False,
BANK-TXN-00003301,ACCOUNT-001548,ACCOUNT-001554,24800,2026-08-22T18:19:00Z,NEFT,False,
BANK-TXN-00003302,ACCOUNT-001348,ACCOUNT-000291,1300,2026-06-06T10:39:00Z,NEFT,False,
BANK-TXN-00003303,ACCOUNT-001587,ACCOUNT-000095,100000,2026-08-14T11:01:00Z,UPI,False,
BANK-TXN-00003304,ACCOUNT-001292,ACCOUNT-000612,5100,2026-08-23T12:57:00Z,UPI,False,
BANK-TXN-00003305,ACCOUNT-001105,ACCOUNT-000065,3000,2026-06-23T08:05:00Z,UPI,False,
BANK-TXN-00003306,ACCOUNT-000308,ACCOUNT-001083,58900,2026-08-07T09:34:00Z,IMPS,False,
BANK-TXN-00003307,ACCOUNT-001578,ACCOUNT-000607,4300,2026-07-21T04:40:00Z,NEFT,False,
BANK-TXN-00003308,ACCOUNT-000938,ACCOUNT-000302,24400,2026-06-23T11:23:00Z,UPI,False,
BANK-TXN-00003309,ACCOUNT-001325,ACCOUNT-000957,38800,2026-06-09T15:56:00Z,UPI,False,
BANK-TXN-00003310,ACCOUNT-001920,ACCOUNT-001214,46900,2026-06-02T18:22:00Z,UPI,False,
BANK-TXN-00003311,ACCOUNT-001639,ACCOUNT-000968,51600,2026-07-08T14:00:00Z,UPI,False,
BANK-TXN-00003312,ACCOUNT-001722,ACCOUNT-000035,4100,2026-07-29T08:31:00Z,IMPS,False,
BANK-TXN-00003313,ACCOUNT-000359,ACCOUNT-001890,17100,2026-07-06T16:03:00Z,UPI,False,
BANK-TXN-00003314,ACCOUNT-000668,ACCOUNT-001645,9100,2026-06-13T13:19:00Z,UPI,False,
BANK-TXN-00003315,ACCOUNT-001069,ACCOUNT-001394,5000,2026-06-27T03:55:00Z,IMPS,False,
BANK-TXN-00003316,ACCOUNT-000605,ACCOUNT-001660,14100,2026-06-05T02:51:00Z,IMPS,False,
BANK-TXN-00003317,ACCOUNT-000766,ACCOUNT-000441,1000,2026-07-07T09:23:00Z,RTGS,False,
BANK-TXN-00003318,ACCOUNT-000940,ACCOUNT-000746,24500,2026-07-28T23:25:00Z,UPI,False,
BANK-TXN-00003319,ACCOUNT-001686,ACCOUNT-001672,25000,2026-08-21T15:36:00Z,UPI,False,
BANK-TXN-00003320,ACCOUNT-001545,ACCOUNT-000602,11000,2026-07-28T13:52:00Z,UPI,False,
BANK-TXN-00003321,ACCOUNT-000456,ACCOUNT-001431,4500,2026-07-05T15:12:00Z,UPI,False,
BANK-TXN-00003322,ACCOUNT-000901,ACCOUNT-001618,1600,2026-07-12T06:43:00Z,NEFT,False,
BANK-TXN-00003323,ACCOUNT-001694,ACCOUNT-001438,77900,2026-07-25T04:03:00Z,UPI,False,
BANK-TXN-00003324,ACCOUNT-000722,ACCOUNT-001791,8300,2026-06-17T12:29:00Z,UPI,False,
BANK-TXN-00003325,ACCOUNT-001924,ACCOUNT-001459,6400,2026-07-08T12:48:00Z,UPI,False,
BANK-TXN-00003326,ACCOUNT-000781,ACCOUNT-000826,70800,2026-06-30T09:21:00Z,UPI,False,
BANK-TXN-00003327,ACCOUNT-000151,ACCOUNT-000265,49700,2026-07-12T09:24:00Z,NEFT,False,
BANK-TXN-00003328,ACCOUNT-001818,ACCOUNT-001366,14700,2026-08-06T17:57:00Z,IMPS,False,
BANK-TXN-00003329,ACCOUNT-000793,ACCOUNT-000378,56500,2026-08-07T01:24:00Z,UPI,False,
BANK-TXN-00003330,ACCOUNT-000854,ACCOUNT-000816,79800,2026-08-19T01:01:00Z,UPI,False,
BANK-TXN-00003331,ACCOUNT-000388,ACCOUNT-001828,83600,2026-07-15T13:23:00Z,NEFT,False,
BANK-TXN-00003332,ACCOUNT-001205,ACCOUNT-001874,62600,2026-06-12T06:14:00Z,UPI,False,
BANK-TXN-00003333,ACCOUNT-001540,ACCOUNT-001133,76300,2026-06-28T04:35:00Z,UPI,False,
BANK-TXN-00003334,ACCOUNT-001015,ACCOUNT-000924,25300,2026-06-11T16:02:00Z,UPI,False,
BANK-TXN-00003335,ACCOUNT-000506,ACCOUNT-000522,16300,2026-06-22T16:27:00Z,UPI,False,
BANK-TXN-00003336,ACCOUNT-000410,ACCOUNT-001236,54300,2026-06-22T06:12:00Z,UPI,False,
BANK-TXN-00003337,ACCOUNT-000259,ACCOUNT-000825,1900,2026-08-27T22:03:00Z,UPI,False,
BANK-TXN-00003338,ACCOUNT-001337,ACCOUNT-001349,8900,2026-05-31T11:35:00Z,IMPS,False,
BANK-TXN-00003339,ACCOUNT-001934,ACCOUNT-000138,5200,2026-07-20T06:18:00Z,NEFT,False,
BANK-TXN-00003340,ACCOUNT-001498,ACCOUNT-001917,200,2026-06-17T20:41:00Z,UPI,False,
BANK-TXN-00003341,ACCOUNT-001663,ACCOUNT-001178,74000,2026-06-26T14:03:00Z,UPI,False,
BANK-TXN-00003342,ACCOUNT-001212,ACCOUNT-001256,32600,2026-06-20T12:40:00Z,UPI,False,
BANK-TXN-00003343,ACCOUNT-001610,ACCOUNT-001367,2200,2026-05-31T17:02:00Z,IMPS,False,
BANK-TXN-00003344,ACCOUNT-001453,ACCOUNT-001330,7100,2026-08-09T21:49:00Z,NEFT,False,
BANK-TXN-00003345,ACCOUNT-000064,ACCOUNT-001168,98200,2026-06-27T00:33:00Z,NEFT,False,
BANK-TXN-00003346,ACCOUNT-001275,ACCOUNT-001932,28200,2026-07-26T10:21:00Z,NEFT,False,
BANK-TXN-00003347,ACCOUNT-001165,ACCOUNT-001926,4200,2026-06-20T02:08:00Z,RTGS,False,
BANK-TXN-00003348,ACCOUNT-000758,ACCOUNT-000824,3100,2026-06-21T18:00:00Z,IMPS,False,
BANK-TXN-00003349,ACCOUNT-000504,ACCOUNT-001287,27500,2026-08-28T12:34:00Z,NEFT,False,
BANK-TXN-00003350,ACCOUNT-000882,ACCOUNT-001172,10100,2026-07-17T01:51:00Z,UPI,False,
BANK-TXN-00003351,ACCOUNT-001629,ACCOUNT-001924,7000,2026-07-20T11:53:00Z,UPI,False,
BANK-TXN-00003352,ACCOUNT-000149,ACCOUNT-001345,20300,2026-08-04T11:21:00Z,UPI,False,
BANK-TXN-00003353,ACCOUNT-000107,ACCOUNT-001017,5400,2026-06-27T11:19:00Z,UPI,False,
BANK-TXN-00003354,ACCOUNT-000717,ACCOUNT-000128,89000,2026-07-31T12:12:00Z,IMPS,False,
BANK-TXN-00003355,ACCOUNT-000093,ACCOUNT-000301,80500,2026-06-01T14:21:00Z,IMPS,False,
BANK-TXN-00003356,ACCOUNT-001210,ACCOUNT-000407,26000,2026-06-23T11:47:00Z,UPI,False,
BANK-TXN-00003357,ACCOUNT-001499,ACCOUNT-000377,21400,2026-07-22T04:41:00Z,UPI,False,
BANK-TXN-00003358,ACCOUNT-001248,ACCOUNT-000001,44100,2026-07-25T11:59:00Z,RTGS,False,
BANK-TXN-00003359,ACCOUNT-000852,ACCOUNT-001774,100,2026-08-12T06:40:00Z,IMPS,False,
BANK-TXN-00003360,ACCOUNT-000964,ACCOUNT-000847,53600,2026-07-18T19:12:00Z,IMPS,False,
BANK-TXN-00003361,ACCOUNT-001290,ACCOUNT-000070,12200,2026-06-01T10:11:00Z,UPI,False,
BANK-TXN-00003362,ACCOUNT-000490,ACCOUNT-001347,12000,2026-08-07T04:23:00Z,UPI,False,
BANK-TXN-00003363,ACCOUNT-000786,ACCOUNT-000395,3600,2026-07-27T22:08:00Z,IMPS,False,
BANK-TXN-00003364,ACCOUNT-001043,ACCOUNT-000003,4700,2026-07-15T13:13:00Z,IMPS,False,
BANK-TXN-00003365,ACCOUNT-000196,ACCOUNT-000658,70000,2026-07-02T15:15:00Z,IMPS,False,
BANK-TXN-00003366,ACCOUNT-000510,ACCOUNT-001234,4200,2026-06-04T17:35:00Z,UPI,False,
BANK-TXN-00003367,ACCOUNT-000969,ACCOUNT-000006,5000,2026-08-22T14:23:00Z,IMPS,False,
BANK-TXN-00003368,ACCOUNT-000654,ACCOUNT-001829,4900,2026-07-20T17:43:00Z,UPI,False,
BANK-TXN-00003369,ACCOUNT-001891,ACCOUNT-001615,51200,2026-06-20T17:55:00Z,IMPS,False,
BANK-TXN-00003370,ACCOUNT-001206,ACCOUNT-000784,1600,2026-07-09T06:11:00Z,UPI,False,
BANK-TXN-00003371,ACCOUNT-001875,ACCOUNT-001681,10500,2026-06-20T10:17:00Z,IMPS,False,
BANK-TXN-00003372,ACCOUNT-001094,ACCOUNT-001107,8800,2026-08-27T17:40:00Z,IMPS,False,
BANK-TXN-00003373,ACCOUNT-000186,ACCOUNT-001846,60500,2026-07-11T15:33:00Z,NEFT,False,
BANK-TXN-00003374,ACCOUNT-001480,ACCOUNT-000485,5300,2026-07-16T07:52:00Z,NEFT,False,
BANK-TXN-00003375,ACCOUNT-001239,ACCOUNT-000960,96400,2026-07-21T15:59:00Z,UPI,False,
BANK-TXN-00003376,ACCOUNT-000110,ACCOUNT-001561,78500,2026-07-04T11:28:00Z,UPI,False,
BANK-TXN-00003377,ACCOUNT-000088,ACCOUNT-001222,3900,2026-08-07T21:17:00Z,IMPS,False,
BANK-TXN-00003378,ACCOUNT-000190,ACCOUNT-001108,5500,2026-06-01T08:42:00Z,UPI,False,
BANK-TXN-00003379,ACCOUNT-001395,ACCOUNT-001754,700,2026-08-10T05:36:00Z,UPI,False,
BANK-TXN-00003380,ACCOUNT-000565,ACCOUNT-001134,7500,2026-07-16T10:39:00Z,UPI,False,
BANK-TXN-00003381,ACCOUNT-001348,ACCOUNT-000245,1900,2026-08-14T09:35:00Z,RTGS,False,
BANK-TXN-00003382,ACCOUNT-001636,ACCOUNT-001401,2100,2026-06-03T00:51:00Z,UPI,False,
BANK-TXN-00003383,ACCOUNT-001854,ACCOUNT-000964,19300,2026-06-03T23:30:00Z,IMPS,False,
BANK-TXN-00003384,ACCOUNT-000607,ACCOUNT-000984,84700,2026-05-31T01:57:00Z,NEFT,False,
BANK-TXN-00003385,ACCOUNT-001583,ACCOUNT-000282,44200,2026-06-08T03:55:00Z,UPI,False,
BANK-TXN-00003386,ACCOUNT-000800,ACCOUNT-001528,16200,2026-08-19T05:24:00Z,IMPS,False,
BANK-TXN-00003387,ACCOUNT-000863,ACCOUNT-001795,7600,2026-06-27T05:34:00Z,UPI,False,
BANK-TXN-00003388,ACCOUNT-000670,ACCOUNT-001440,15900,2026-06-16T14:00:00Z,RTGS,False,
BANK-TXN-00003389,ACCOUNT-000283,ACCOUNT-001535,10400,2026-07-10T20:26:00Z,UPI,False,
BANK-TXN-00003390,ACCOUNT-000996,ACCOUNT-001665,7400,2026-06-18T03:00:00Z,UPI,False,
BANK-TXN-00003391,ACCOUNT-000100,ACCOUNT-000678,35100,2026-08-22T13:58:00Z,UPI,False,
BANK-TXN-00003392,ACCOUNT-001699,ACCOUNT-000018,95400,2026-07-12T21:14:00Z,IMPS,False,
BANK-TXN-00003393,ACCOUNT-001326,ACCOUNT-001297,77900,2026-07-05T16:00:00Z,IMPS,False,
BANK-TXN-00003394,ACCOUNT-000023,ACCOUNT-001761,1100,2026-08-01T09:23:00Z,UPI,False,
BANK-TXN-00003395,ACCOUNT-001518,ACCOUNT-000486,5100,2026-06-08T22:37:00Z,IMPS,False,
BANK-TXN-00003396,ACCOUNT-000695,ACCOUNT-000324,24500,2026-06-01T16:31:00Z,UPI,False,
BANK-TXN-00003397,ACCOUNT-001224,ACCOUNT-CMP-000001,7500,2026-07-30T04:24:00Z,UPI,False,
BANK-TXN-00003398,ACCOUNT-001277,ACCOUNT-001468,33900,2026-06-21T12:52:00Z,NEFT,False,
BANK-TXN-00003399,ACCOUNT-001941,ACCOUNT-001010,13500,2026-07-22T08:44:00Z,UPI,False,
BANK-TXN-00003400,ACCOUNT-000586,ACCOUNT-001531,18400,2026-06-18T01:42:00Z,UPI,False,
BANK-TXN-00003401,ACCOUNT-000186,ACCOUNT-000255,4600,2026-06-18T23:25:00Z,UPI,False,
BANK-TXN-00003402,ACCOUNT-000798,ACCOUNT-000713,17200,2026-06-09T13:47:00Z,IMPS,False,
BANK-TXN-00003403,ACCOUNT-000816,ACCOUNT-000832,13800,2026-08-08T04:22:00Z,UPI,False,
BANK-TXN-00003404,ACCOUNT-001263,ACCOUNT-001014,25300,2026-08-22T14:34:00Z,UPI,False,
BANK-TXN-00003405,ACCOUNT-001663,ACCOUNT-000837,6900,2026-08-15T05:07:00Z,UPI,False,
BANK-TXN-00003406,ACCOUNT-000063,ACCOUNT-000917,9800,2026-08-27T14:05:00Z,UPI,False,
BANK-TXN-00003407,ACCOUNT-001888,ACCOUNT-000832,2400,2026-08-26T17:38:00Z,UPI,False,
BANK-TXN-00003408,ACCOUNT-000056,ACCOUNT-000146,500,2026-07-12T01:17:00Z,UPI,False,
BANK-TXN-00003409,ACCOUNT-001392,ACCOUNT-001487,45700,2026-06-08T01:33:00Z,UPI,False,
BANK-TXN-00003410,ACCOUNT-000867,ACCOUNT-000111,2400,2026-07-15T10:24:00Z,UPI,False,
BANK-TXN-00003411,ACCOUNT-000524,ACCOUNT-000619,17800,2026-08-19T16:23:00Z,UPI,False,
BANK-TXN-00003412,ACCOUNT-000544,ACCOUNT-000116,15400,2026-07-11T01:14:00Z,UPI,False,
BANK-TXN-00003413,ACCOUNT-001663,ACCOUNT-000656,39900,2026-06-01T02:02:00Z,UPI,False,
BANK-TXN-00003414,ACCOUNT-001481,ACCOUNT-000943,4900,2026-08-13T09:13:00Z,IMPS,False,
BANK-TXN-00003415,ACCOUNT-001075,ACCOUNT-001306,20300,2026-06-16T10:33:00Z,IMPS,False,
BANK-TXN-00003416,ACCOUNT-000880,ACCOUNT-000677,6200,2026-07-10T03:25:00Z,NEFT,False,
BANK-TXN-00003417,ACCOUNT-001462,ACCOUNT-001244,73500,2026-06-26T15:18:00Z,UPI,False,
BANK-TXN-00003418,ACCOUNT-000015,ACCOUNT-000767,6500,2026-06-02T11:11:00Z,RTGS,False,
BANK-TXN-00003419,ACCOUNT-001422,ACCOUNT-000980,63500,2026-06-29T05:55:00Z,UPI,False,
BANK-TXN-00003420,ACCOUNT-000013,ACCOUNT-001651,5100,2026-06-07T18:49:00Z,IMPS,False,
BANK-TXN-00003421,ACCOUNT-000886,ACCOUNT-001002,9400,2026-07-29T16:06:00Z,IMPS,False,
BANK-TXN-00003422,ACCOUNT-001431,ACCOUNT-000982,8600,2026-08-01T06:52:00Z,RTGS,False,
BANK-TXN-00003423,ACCOUNT-000830,ACCOUNT-000593,97100,2026-07-26T21:05:00Z,UPI,False,
BANK-TXN-00003424,ACCOUNT-000492,ACCOUNT-001563,34600,2026-08-08T05:01:00Z,IMPS,False,
BANK-TXN-00003425,ACCOUNT-001216,ACCOUNT-001337,48500,2026-08-05T15:32:00Z,UPI,False,
BANK-TXN-00003426,ACCOUNT-001911,ACCOUNT-001453,13600,2026-08-08T16:26:00Z,UPI,False,
BANK-TXN-00003427,ACCOUNT-000489,ACCOUNT-001405,10000,2026-08-05T22:54:00Z,UPI,False,
BANK-TXN-00003428,ACCOUNT-001264,ACCOUNT-000387,64200,2026-07-30T06:49:00Z,UPI,False,
BANK-TXN-00003429,ACCOUNT-000436,ACCOUNT-000609,76800,2026-06-26T08:22:00Z,UPI,False,
BANK-TXN-00003430,ACCOUNT-001246,ACCOUNT-000019,12100,2026-06-03T11:08:00Z,UPI,False,
BANK-TXN-00003431,ACCOUNT-000551,ACCOUNT-001414,2900,2026-07-16T17:36:00Z,UPI,False,
BANK-TXN-00003432,ACCOUNT-001165,ACCOUNT-001413,99100,2026-06-12T09:48:00Z,UPI,False,
BANK-TXN-00003433,ACCOUNT-000061,ACCOUNT-000008,9300,2026-07-09T06:45:00Z,UPI,False,
BANK-TXN-00003434,ACCOUNT-001585,ACCOUNT-001554,5800,2026-07-04T00:14:00Z,UPI,False,
BANK-TXN-00003435,ACCOUNT-000958,ACCOUNT-000957,47600,2026-08-01T16:56:00Z,IMPS,False,
BANK-TXN-00003436,ACCOUNT-001434,ACCOUNT-000070,25700,2026-07-09T12:41:00Z,NEFT,False,
BANK-TXN-00003437,ACCOUNT-000908,ACCOUNT-000008,7400,2026-08-02T10:57:00Z,IMPS,False,
BANK-TXN-00003438,ACCOUNT-000687,ACCOUNT-001259,13400,2026-07-19T17:28:00Z,IMPS,False,
BANK-TXN-00003439,ACCOUNT-000174,ACCOUNT-001491,11300,2026-08-24T08:10:00Z,UPI,False,
BANK-TXN-00003440,ACCOUNT-001016,ACCOUNT-000554,37100,2026-08-26T08:05:00Z,IMPS,False,
BANK-TXN-00003441,ACCOUNT-000752,ACCOUNT-001037,7300,2026-08-07T12:34:00Z,IMPS,False,
BANK-TXN-00003442,ACCOUNT-000005,ACCOUNT-001725,1600,2026-07-04T05:00:00Z,IMPS,False,
BANK-TXN-00003443,ACCOUNT-000391,ACCOUNT-001649,47600,2026-06-24T08:38:00Z,RTGS,False,
BANK-TXN-00003444,ACCOUNT-000538,ACCOUNT-001938,72900,2026-07-07T07:42:00Z,UPI,False,
BANK-TXN-00003445,ACCOUNT-001219,ACCOUNT-000995,97300,2026-06-07T09:54:00Z,UPI,False,
BANK-TXN-00003446,ACCOUNT-001203,ACCOUNT-001432,92900,2026-06-16T07:13:00Z,UPI,False,
BANK-TXN-00003447,ACCOUNT-000569,ACCOUNT-001725,96700,2026-06-13T06:44:00Z,IMPS,False,
BANK-TXN-00003448,ACCOUNT-000876,ACCOUNT-000071,18000,2026-06-14T06:04:00Z,UPI,False,
BANK-TXN-00003449,ACCOUNT-000578,ACCOUNT-001224,7600,2026-05-31T05:47:00Z,IMPS,False,
BANK-TXN-00003450,ACCOUNT-000894,ACCOUNT-000608,8700,2026-08-01T17:13:00Z,UPI,False,
BANK-TXN-00003451,ACCOUNT-000781,ACCOUNT-000208,79900,2026-08-12T18:15:00Z,IMPS,False,
BANK-TXN-00003452,ACCOUNT-001804,ACCOUNT-001093,2200,2026-06-06T20:05:00Z,IMPS,False,
BANK-TXN-00003453,ACCOUNT-001152,ACCOUNT-001911,4500,2026-07-16T15:59:00Z,UPI,False,
BANK-TXN-00003454,ACCOUNT-001403,ACCOUNT-000923,5800,2026-07-04T06:02:00Z,NEFT,False,
BANK-TXN-00003455,ACCOUNT-001673,ACCOUNT-001212,32600,2026-06-22T07:41:00Z,UPI,False,
BANK-TXN-00003456,ACCOUNT-001822,ACCOUNT-001903,44100,2026-06-08T17:35:00Z,UPI,False,
BANK-TXN-00003457,ACCOUNT-001007,ACCOUNT-000132,5800,2026-06-24T06:27:00Z,UPI,False,
BANK-TXN-00003458,ACCOUNT-001077,ACCOUNT-001317,23900,2026-06-20T08:57:00Z,RTGS,False,
BANK-TXN-00003459,ACCOUNT-000595,ACCOUNT-000139,4700,2026-07-10T10:36:00Z,UPI,False,
BANK-TXN-00003460,ACCOUNT-001482,ACCOUNT-000524,21900,2026-06-16T08:35:00Z,IMPS,False,
BANK-TXN-00003461,ACCOUNT-001178,ACCOUNT-001228,25600,2026-06-21T01:43:00Z,IMPS,False,
BANK-TXN-00003462,ACCOUNT-000665,ACCOUNT-001056,24500,2026-07-05T07:21:00Z,IMPS,False,
BANK-TXN-00003463,ACCOUNT-000793,ACCOUNT-000395,93900,2026-06-03T11:00:00Z,NEFT,False,
BANK-TXN-00003464,ACCOUNT-000316,ACCOUNT-000413,53000,2026-07-09T05:57:00Z,IMPS,False,
BANK-TXN-00003465,ACCOUNT-000289,ACCOUNT-000855,700,2026-08-18T13:52:00Z,UPI,False,
BANK-TXN-00003466,ACCOUNT-000730,ACCOUNT-001845,70800,2026-07-19T07:17:00Z,RTGS,False,
BANK-TXN-00003467,ACCOUNT-000677,ACCOUNT-001023,18300,2026-06-04T02:35:00Z,IMPS,False,
BANK-TXN-00003468,ACCOUNT-000735,ACCOUNT-001820,22000,2026-06-26T13:49:00Z,UPI,False,
BANK-TXN-00003469,ACCOUNT-000012,ACCOUNT-000015,23300,2026-08-22T13:32:00Z,IMPS,False,
BANK-TXN-00003470,ACCOUNT-000850,ACCOUNT-001656,2300,2026-06-22T04:42:00Z,UPI,False,
BANK-TXN-00003471,ACCOUNT-000784,ACCOUNT-000723,6600,2026-07-27T14:51:00Z,NEFT,False,
BANK-TXN-00003472,ACCOUNT-000533,ACCOUNT-000141,10100,2026-06-24T09:30:00Z,UPI,False,
BANK-TXN-00003473,ACCOUNT-001737,ACCOUNT-001707,71800,2026-08-03T16:34:00Z,UPI,False,
BANK-TXN-00003474,ACCOUNT-001589,ACCOUNT-000478,4700,2026-07-19T05:05:00Z,UPI,False,
BANK-TXN-00003475,ACCOUNT-000041,ACCOUNT-000503,65200,2026-07-07T16:04:00Z,NEFT,False,
BANK-TXN-00003476,ACCOUNT-000549,ACCOUNT-000316,1200,2026-08-01T10:34:00Z,UPI,False,
BANK-TXN-00003477,ACCOUNT-001421,ACCOUNT-000682,61400,2026-08-22T10:13:00Z,UPI,False,
BANK-TXN-00003478,ACCOUNT-001247,ACCOUNT-001592,24800,2026-07-24T06:47:00Z,UPI,False,
BANK-TXN-00003479,ACCOUNT-001578,ACCOUNT-000888,40200,2026-06-08T20:22:00Z,UPI,False,
BANK-TXN-00003480,ACCOUNT-001730,ACCOUNT-001883,18600,2026-06-16T03:52:00Z,RTGS,False,
BANK-TXN-00003481,ACCOUNT-001138,ACCOUNT-000551,63800,2026-08-14T16:36:00Z,UPI,False,
BANK-TXN-00003482,ACCOUNT-000612,ACCOUNT-000651,44200,2026-08-23T11:38:00Z,IMPS,False,
BANK-TXN-00003483,ACCOUNT-000613,ACCOUNT-001044,8600,2026-08-27T09:29:00Z,UPI,False,
BANK-TXN-00003484,ACCOUNT-000039,ACCOUNT-001820,52300,2026-07-16T09:20:00Z,UPI,False,
BANK-TXN-00003485,ACCOUNT-000886,ACCOUNT-000003,13700,2026-08-07T07:44:00Z,IMPS,False,
BANK-TXN-00003486,ACCOUNT-001657,ACCOUNT-001755,23500,2026-08-23T05:55:00Z,IMPS,False,
BANK-TXN-00003487,ACCOUNT-001563,ACCOUNT-000287,3000,2026-07-17T10:21:00Z,UPI,False,
BANK-TXN-00003488,ACCOUNT-000640,ACCOUNT-000315,42000,2026-08-23T15:24:00Z,UPI,False,
BANK-TXN-00003489,ACCOUNT-000586,ACCOUNT-001091,12900,2026-07-04T11:21:00Z,IMPS,False,
BANK-TXN-00003490,ACCOUNT-000137,ACCOUNT-001052,86900,2026-07-05T06:02:00Z,UPI,False,
BANK-TXN-00003491,ACCOUNT-000008,ACCOUNT-001026,66300,2026-06-23T06:52:00Z,IMPS,False,
BANK-TXN-00003492,ACCOUNT-001065,ACCOUNT-001790,12700,2026-07-09T07:09:00Z,IMPS,False,
BANK-TXN-00003493,ACCOUNT-000326,ACCOUNT-000502,25700,2026-06-07T06:50:00Z,IMPS,False,
BANK-TXN-00003494,ACCOUNT-000739,ACCOUNT-001480,14200,2026-06-19T13:21:00Z,UPI,False,
BANK-TXN-00003495,ACCOUNT-001718,ACCOUNT-000985,2900,2026-07-22T02:47:00Z,UPI,False,
BANK-TXN-00003496,ACCOUNT-000006,ACCOUNT-000787,9200,2026-07-08T16:23:00Z,RTGS,False,
BANK-TXN-00003497,ACCOUNT-001874,ACCOUNT-001396,97200,2026-08-17T13:09:00Z,NEFT,False,
BANK-TXN-00003498,ACCOUNT-001566,ACCOUNT-000185,13700,2026-06-30T10:51:00Z,NEFT,False,
BANK-TXN-00003499,ACCOUNT-001687,ACCOUNT-000741,78000,2026-07-16T10:34:00Z,IMPS,False,
BANK-TXN-00003500,ACCOUNT-000048,ACCOUNT-001912,7900,2026-07-06T02:45:00Z,IMPS,False,
BANK-TXN-00003501,ACCOUNT-000451,ACCOUNT-001339,98400,2026-06-29T17:21:00Z,IMPS,False,
BANK-TXN-00003502,ACCOUNT-000311,ACCOUNT-001811,52800,2026-08-07T15:17:00Z,UPI,False,
BANK-TXN-00003503,ACCOUNT-001665,ACCOUNT-001632,82100,2026-07-05T14:43:00Z,IMPS,False,
BANK-TXN-00003504,ACCOUNT-000114,ACCOUNT-001375,39800,2026-06-19T15:31:00Z,UPI,False,
BANK-TXN-00003505,ACCOUNT-000532,ACCOUNT-000145,33000,2026-06-09T06:34:00Z,UPI,False,
BANK-TXN-00003506,ACCOUNT-001216,ACCOUNT-001075,77600,2026-08-19T00:04:00Z,IMPS,False,
BANK-TXN-00003507,ACCOUNT-000082,ACCOUNT-001727,53300,2026-07-02T06:31:00Z,UPI,False,
BANK-TXN-00003508,ACCOUNT-000133,ACCOUNT-000657,65400,2026-06-26T09:25:00Z,UPI,False,
BANK-TXN-00003509,ACCOUNT-001247,ACCOUNT-001561,60700,2026-06-09T13:35:00Z,UPI,False,
BANK-TXN-00003510,ACCOUNT-001128,ACCOUNT-001049,1000,2026-07-03T12:27:00Z,RTGS,False,
BANK-TXN-00003511,ACCOUNT-001404,ACCOUNT-000981,70400,2026-07-08T19:45:00Z,IMPS,False,
BANK-TXN-00003512,ACCOUNT-000370,ACCOUNT-000235,4100,2026-06-09T06:22:00Z,NEFT,False,
BANK-TXN-00003513,ACCOUNT-001512,ACCOUNT-000181,1000,2026-06-19T03:26:00Z,NEFT,False,
BANK-TXN-00003514,ACCOUNT-001326,ACCOUNT-001617,3300,2026-06-20T10:36:00Z,IMPS,False,
BANK-TXN-00003515,ACCOUNT-001671,ACCOUNT-001656,2600,2026-08-25T08:29:00Z,UPI,False,
BANK-TXN-00003516,ACCOUNT-001558,ACCOUNT-001741,3000,2026-06-13T22:53:00Z,IMPS,False,
BANK-TXN-00003517,ACCOUNT-000450,ACCOUNT-000986,39100,2026-08-10T09:51:00Z,IMPS,False,
BANK-TXN-00003518,ACCOUNT-000474,ACCOUNT-000459,41900,2026-07-24T03:28:00Z,UPI,False,
BANK-TXN-00003519,ACCOUNT-001848,ACCOUNT-000931,2700,2026-08-23T15:40:00Z,UPI,False,
BANK-TXN-00003520,ACCOUNT-000943,ACCOUNT-001047,6200,2026-06-11T12:27:00Z,UPI,False,
BANK-TXN-00003521,ACCOUNT-001415,ACCOUNT-000914,9700,2026-08-27T05:32:00Z,UPI,False,
BANK-TXN-00003522,ACCOUNT-000350,ACCOUNT-001721,2100,2026-06-05T03:47:00Z,UPI,False,
BANK-TXN-00003523,ACCOUNT-001295,ACCOUNT-000088,42300,2026-06-02T04:40:00Z,NEFT,False,
BANK-TXN-00003524,ACCOUNT-000733,ACCOUNT-000261,80800,2026-06-07T19:30:00Z,IMPS,False,
BANK-TXN-00003525,ACCOUNT-001514,ACCOUNT-000456,16700,2026-06-23T15:08:00Z,UPI,False,
BANK-TXN-00003526,ACCOUNT-000753,ACCOUNT-001043,11600,2026-06-21T16:56:00Z,UPI,False,
BANK-TXN-00003527,ACCOUNT-000990,ACCOUNT-001948,4900,2026-08-22T08:16:00Z,UPI,False,
BANK-TXN-00003528,ACCOUNT-000465,ACCOUNT-001328,38700,2026-07-18T04:48:00Z,RTGS,False,
BANK-TXN-00003529,ACCOUNT-000234,ACCOUNT-000665,80800,2026-06-09T06:08:00Z,UPI,False,
BANK-TXN-00003530,ACCOUNT-000077,ACCOUNT-001194,40800,2026-06-08T12:05:00Z,UPI,False,
BANK-TXN-00003531,ACCOUNT-000110,ACCOUNT-001790,19100,2026-08-10T15:41:00Z,UPI,False,
BANK-TXN-00003532,ACCOUNT-000598,ACCOUNT-000540,10600,2026-07-07T01:24:00Z,NEFT,False,
BANK-TXN-00003533,ACCOUNT-000475,ACCOUNT-001679,10500,2026-07-05T07:33:00Z,UPI,False,
BANK-TXN-00003534,ACCOUNT-000447,ACCOUNT-001921,9800,2026-08-11T09:30:00Z,UPI,False,
BANK-TXN-00003535,ACCOUNT-001356,ACCOUNT-000427,21500,2026-08-13T13:29:00Z,IMPS,False,
BANK-TXN-00003536,ACCOUNT-000329,ACCOUNT-001232,5600,2026-06-04T17:32:00Z,UPI,False,
BANK-TXN-00003537,ACCOUNT-001146,ACCOUNT-001586,92400,2026-08-02T07:52:00Z,UPI,False,
BANK-TXN-00003538,ACCOUNT-001146,ACCOUNT-000755,6400,2026-06-05T14:50:00Z,UPI,False,
BANK-TXN-00003539,ACCOUNT-000186,ACCOUNT-000770,23700,2026-07-12T20:38:00Z,UPI,False,
BANK-TXN-00003540,ACCOUNT-000887,ACCOUNT-001633,6900,2026-07-10T22:31:00Z,UPI,False,
BANK-TXN-00003541,ACCOUNT-000788,ACCOUNT-001734,9600,2026-06-29T07:36:00Z,UPI,False,
BANK-TXN-00003542,ACCOUNT-001522,ACCOUNT-001295,4100,2026-06-16T13:42:00Z,UPI,False,
BANK-TXN-00003543,ACCOUNT-001518,ACCOUNT-001909,25000,2026-06-11T17:56:00Z,UPI,False,
BANK-TXN-00003544,ACCOUNT-001943,ACCOUNT-000331,2600,2026-08-07T19:18:00Z,IMPS,False,
BANK-TXN-00003545,ACCOUNT-000148,ACCOUNT-001323,10000,2026-07-23T03:54:00Z,IMPS,False,
BANK-TXN-00003546,ACCOUNT-001716,ACCOUNT-000561,4600,2026-06-04T11:16:00Z,IMPS,False,
BANK-TXN-00003547,ACCOUNT-001674,ACCOUNT-001152,32300,2026-08-02T07:09:00Z,UPI,False,
BANK-TXN-00003548,ACCOUNT-000264,ACCOUNT-001212,6200,2026-08-12T10:42:00Z,IMPS,False,
BANK-TXN-00003549,ACCOUNT-000059,ACCOUNT-001663,10700,2026-08-09T12:06:00Z,IMPS,False,
BANK-TXN-00003550,ACCOUNT-001323,ACCOUNT-001199,3600,2026-07-10T07:49:00Z,NEFT,False,
BANK-TXN-00003551,ACCOUNT-000852,ACCOUNT-000773,35600,2026-07-02T11:22:00Z,UPI,False,
BANK-TXN-00003552,ACCOUNT-001951,ACCOUNT-000160,48400,2026-08-28T17:40:00Z,UPI,False,
BANK-TXN-00003553,ACCOUNT-000357,ACCOUNT-001662,5800,2026-08-24T17:06:00Z,IMPS,False,
BANK-TXN-00003554,ACCOUNT-000451,ACCOUNT-000551,1400,2026-06-11T09:58:00Z,IMPS,False,
BANK-TXN-00003555,ACCOUNT-000868,ACCOUNT-001135,10400,2026-07-31T03:29:00Z,UPI,False,
BANK-TXN-00003556,ACCOUNT-001770,ACCOUNT-000927,17000,2026-06-11T20:51:00Z,NEFT,False,
BANK-TXN-00003557,ACCOUNT-000247,ACCOUNT-000562,6500,2026-07-22T22:50:00Z,IMPS,False,
BANK-TXN-00003558,ACCOUNT-000718,ACCOUNT-000129,21100,2026-07-01T14:35:00Z,NEFT,False,
BANK-TXN-00003559,ACCOUNT-000287,ACCOUNT-001779,69600,2026-07-11T05:53:00Z,UPI,False,
BANK-TXN-00003560,ACCOUNT-001540,ACCOUNT-000263,90000,2026-07-11T16:24:00Z,IMPS,False,
BANK-TXN-00003561,ACCOUNT-001506,ACCOUNT-001853,19100,2026-06-07T13:21:00Z,IMPS,False,
BANK-TXN-00003562,ACCOUNT-000324,ACCOUNT-001310,46700,2026-08-05T11:32:00Z,NEFT,False,
BANK-TXN-00003563,ACCOUNT-001663,ACCOUNT-000190,10000,2026-07-21T09:59:00Z,NEFT,False,
BANK-TXN-00003564,ACCOUNT-001122,ACCOUNT-000663,18700,2026-08-28T01:13:00Z,UPI,False,
BANK-TXN-00003565,ACCOUNT-001479,ACCOUNT-000427,24000,2026-07-25T06:01:00Z,UPI,False,
BANK-TXN-00003566,ACCOUNT-000289,ACCOUNT-000370,50000,2026-06-21T02:46:00Z,UPI,False,
BANK-TXN-00003567,ACCOUNT-001547,ACCOUNT-000494,17000,2026-07-30T20:01:00Z,UPI,False,
BANK-TXN-00003568,ACCOUNT-001514,ACCOUNT-001425,24800,2026-08-18T13:30:00Z,NEFT,False,
BANK-TXN-00003569,ACCOUNT-000305,ACCOUNT-000733,73400,2026-08-17T17:16:00Z,UPI,False,
BANK-TXN-00003570,ACCOUNT-000956,ACCOUNT-001208,1900,2026-07-19T16:52:00Z,UPI,False,
BANK-TXN-00003571,ACCOUNT-000660,ACCOUNT-000585,35800,2026-07-28T12:19:00Z,UPI,False,
BANK-TXN-00003572,ACCOUNT-000398,ACCOUNT-000107,52600,2026-05-31T10:37:00Z,UPI,False,
BANK-TXN-00003573,ACCOUNT-001481,ACCOUNT-001427,2000,2026-06-21T11:45:00Z,UPI,False,
BANK-TXN-00003574,ACCOUNT-000173,ACCOUNT-000665,7700,2026-08-17T02:44:00Z,UPI,False,
BANK-TXN-00003575,ACCOUNT-000845,ACCOUNT-000350,3200,2026-06-09T18:09:00Z,IMPS,False,
BANK-TXN-00003576,ACCOUNT-000159,ACCOUNT-001124,41100,2026-07-01T18:21:00Z,UPI,False,
BANK-TXN-00003577,ACCOUNT-000867,ACCOUNT-000617,2700,2026-08-12T14:31:00Z,IMPS,False,
BANK-TXN-00003578,ACCOUNT-001335,ACCOUNT-001716,83600,2026-08-28T17:33:00Z,UPI,False,
BANK-TXN-00003579,ACCOUNT-001894,ACCOUNT-001657,9500,2026-08-19T13:44:00Z,IMPS,False,
BANK-TXN-00003580,ACCOUNT-000026,ACCOUNT-000828,1200,2026-08-24T21:48:00Z,RTGS,False,
BANK-TXN-00003581,ACCOUNT-000885,ACCOUNT-001791,10400,2026-07-17T01:16:00Z,IMPS,False,
BANK-TXN-00003582,ACCOUNT-001875,ACCOUNT-001702,700,2026-08-11T17:13:00Z,UPI,False,
BANK-TXN-00003583,ACCOUNT-000315,ACCOUNT-000056,2100,2026-07-08T12:58:00Z,UPI,False,
BANK-TXN-00003584,ACCOUNT-000655,ACCOUNT-001513,2600,2026-06-14T09:59:00Z,UPI,False,
BANK-TXN-00003585,ACCOUNT-000512,ACCOUNT-000422,6700,2026-06-23T17:52:00Z,UPI,False,
BANK-TXN-00003586,ACCOUNT-000655,ACCOUNT-000476,5300,2026-06-14T17:18:00Z,UPI,False,
BANK-TXN-00003587,ACCOUNT-000287,ACCOUNT-001342,88700,2026-08-25T18:18:00Z,UPI,False,
BANK-TXN-00003588,ACCOUNT-000155,ACCOUNT-000234,6400,2026-08-02T15:41:00Z,IMPS,False,
BANK-TXN-00003589,ACCOUNT-000395,ACCOUNT-000467,69300,2026-06-07T16:49:00Z,RTGS,False,
BANK-TXN-00003590,ACCOUNT-000240,ACCOUNT-001632,63000,2026-08-01T17:14:00Z,UPI,False,
BANK-TXN-00003591,ACCOUNT-001762,ACCOUNT-000844,6900,2026-06-03T14:52:00Z,UPI,False,
BANK-TXN-00003592,ACCOUNT-000819,ACCOUNT-000612,1200,2026-07-21T09:33:00Z,UPI,False,
BANK-TXN-00003593,ACCOUNT-001049,ACCOUNT-000881,4700,2026-07-05T16:49:00Z,NEFT,False,
BANK-TXN-00003594,ACCOUNT-001948,ACCOUNT-000731,41000,2026-07-28T12:31:00Z,NEFT,False,
BANK-TXN-00003595,ACCOUNT-001682,ACCOUNT-000497,14500,2026-07-24T08:25:00Z,IMPS,False,
BANK-TXN-00003596,ACCOUNT-001701,ACCOUNT-000476,2200,2026-07-14T12:11:00Z,IMPS,False,
BANK-TXN-00003597,ACCOUNT-000786,ACCOUNT-000828,1800,2026-07-12T05:24:00Z,UPI,False,
BANK-TXN-00003598,ACCOUNT-001838,ACCOUNT-000799,53100,2026-08-08T13:45:00Z,IMPS,False,
BANK-TXN-00003599,ACCOUNT-000854,ACCOUNT-000853,15600,2026-07-21T18:30:00Z,UPI,False,
BANK-TXN-00003600,ACCOUNT-001739,ACCOUNT-001192,44900,2026-05-31T13:42:00Z,RTGS,False,
BANK-TXN-00003601,ACCOUNT-000555,ACCOUNT-001892,7100,2026-07-09T12:40:00Z,UPI,False,
BANK-TXN-00003602,ACCOUNT-001189,ACCOUNT-001432,9800,2026-06-01T07:34:00Z,IMPS,False,
BANK-TXN-00003603,ACCOUNT-001569,ACCOUNT-001181,5900,2026-06-19T03:13:00Z,UPI,False,
BANK-TXN-00003604,ACCOUNT-001797,ACCOUNT-001866,6900,2026-07-10T11:23:00Z,UPI,False,
BANK-TXN-00003605,ACCOUNT-000973,ACCOUNT-000168,49300,2026-08-08T08:05:00Z,UPI,False,
BANK-TXN-00003606,ACCOUNT-001281,ACCOUNT-001121,20500,2026-07-31T14:47:00Z,UPI,False,
BANK-TXN-00003607,ACCOUNT-001025,ACCOUNT-001535,2700,2026-07-05T15:24:00Z,IMPS,False,
BANK-TXN-00003608,ACCOUNT-000806,ACCOUNT-001497,40100,2026-06-21T17:24:00Z,IMPS,False,
BANK-TXN-00003609,ACCOUNT-001262,ACCOUNT-001247,27400,2026-06-20T06:56:00Z,UPI,False,
BANK-TXN-00003610,ACCOUNT-000460,ACCOUNT-001380,83500,2026-06-25T19:35:00Z,UPI,False,
BANK-TXN-00003611,ACCOUNT-000946,ACCOUNT-000182,8000,2026-08-25T15:29:00Z,UPI,False,
BANK-TXN-00003612,ACCOUNT-000121,ACCOUNT-000966,700,2026-06-01T17:07:00Z,UPI,False,
BANK-TXN-00003613,ACCOUNT-001257,ACCOUNT-000868,3600,2026-06-28T01:03:00Z,NEFT,False,
BANK-TXN-00003614,ACCOUNT-000792,ACCOUNT-001499,5700,2026-07-24T09:53:00Z,RTGS,False,
BANK-TXN-00003615,ACCOUNT-000816,ACCOUNT-001606,35100,2026-08-03T09:41:00Z,UPI,False,
BANK-TXN-00003616,ACCOUNT-001316,ACCOUNT-000570,7400,2026-08-10T06:07:00Z,NEFT,False,
BANK-TXN-00003617,ACCOUNT-000608,ACCOUNT-000706,8800,2026-07-08T16:08:00Z,UPI,False,
BANK-TXN-00003618,ACCOUNT-000285,ACCOUNT-001533,10200,2026-06-15T04:23:00Z,UPI,False,
BANK-TXN-00003619,ACCOUNT-001681,ACCOUNT-001173,4300,2026-07-26T11:18:00Z,UPI,False,
BANK-TXN-00003620,ACCOUNT-001315,ACCOUNT-000848,24500,2026-05-31T02:15:00Z,UPI,False,
BANK-TXN-00003621,ACCOUNT-001271,ACCOUNT-000840,42400,2026-07-02T00:59:00Z,NEFT,False,
BANK-TXN-00003622,ACCOUNT-000460,ACCOUNT-000448,700,2026-07-17T16:53:00Z,RTGS,False,
BANK-TXN-00003623,ACCOUNT-000221,ACCOUNT-000348,800,2026-07-15T06:24:00Z,UPI,False,
BANK-TXN-00003624,ACCOUNT-001472,ACCOUNT-000506,51700,2026-06-17T09:14:00Z,IMPS,False,
BANK-TXN-00003625,ACCOUNT-000167,ACCOUNT-000399,8000,2026-07-31T15:43:00Z,NEFT,False,
BANK-TXN-00003626,ACCOUNT-000859,ACCOUNT-001707,23600,2026-06-28T08:47:00Z,IMPS,False,
BANK-TXN-00003627,ACCOUNT-000577,ACCOUNT-000094,12200,2026-06-17T10:16:00Z,IMPS,False,
BANK-TXN-00003628,ACCOUNT-000146,ACCOUNT-001772,500,2026-07-04T11:47:00Z,RTGS,False,
BANK-TXN-00003629,ACCOUNT-001862,ACCOUNT-001115,24800,2026-08-17T19:00:00Z,IMPS,False,
BANK-TXN-00003630,ACCOUNT-001209,ACCOUNT-001358,2000,2026-06-05T19:59:00Z,IMPS,False,
BANK-TXN-00003631,ACCOUNT-001890,ACCOUNT-000331,46800,2026-08-24T17:25:00Z,UPI,False,
BANK-TXN-00003632,ACCOUNT-000244,ACCOUNT-000828,4000,2026-06-20T00:13:00Z,IMPS,False,
BANK-TXN-00003633,ACCOUNT-000505,ACCOUNT-000598,6600,2026-08-10T17:06:00Z,UPI,False,
BANK-TXN-00003634,ACCOUNT-001522,ACCOUNT-001914,5300,2026-07-17T14:44:00Z,UPI,False,
BANK-TXN-00003635,ACCOUNT-000405,ACCOUNT-000153,84300,2026-07-05T20:30:00Z,UPI,False,
BANK-TXN-00003636,ACCOUNT-001715,ACCOUNT-001924,69500,2026-06-14T18:02:00Z,UPI,False,
BANK-TXN-00003637,ACCOUNT-000664,ACCOUNT-001613,3200,2026-06-28T18:16:00Z,UPI,False,
BANK-TXN-00003638,ACCOUNT-001796,ACCOUNT-000277,900,2026-08-16T09:41:00Z,UPI,False,
BANK-TXN-00003639,ACCOUNT-000951,ACCOUNT-001371,78400,2026-08-28T17:01:00Z,NEFT,False,
BANK-TXN-00003640,ACCOUNT-000181,ACCOUNT-000593,73500,2026-08-17T17:07:00Z,NEFT,False,
BANK-TXN-00003641,ACCOUNT-000613,ACCOUNT-000650,5000,2026-08-11T02:01:00Z,NEFT,False,
BANK-TXN-00003642,ACCOUNT-000437,ACCOUNT-000894,34700,2026-06-29T04:37:00Z,UPI,False,
BANK-TXN-00003643,ACCOUNT-000878,ACCOUNT-000385,300,2026-06-12T20:25:00Z,NEFT,False,
BANK-TXN-00003644,ACCOUNT-001023,ACCOUNT-000618,28100,2026-06-11T01:18:00Z,IMPS,False,
BANK-TXN-00003645,ACCOUNT-000587,ACCOUNT-000347,17200,2026-07-28T08:53:00Z,NEFT,False,
BANK-TXN-00003646,ACCOUNT-000156,ACCOUNT-001455,7100,2026-07-29T19:39:00Z,UPI,False,
BANK-TXN-00003647,ACCOUNT-001223,ACCOUNT-001359,26700,2026-07-04T01:49:00Z,UPI,False,
BANK-TXN-00003648,ACCOUNT-000519,ACCOUNT-001668,9800,2026-07-15T14:40:00Z,IMPS,False,
BANK-TXN-00003649,ACCOUNT-001515,ACCOUNT-000639,17200,2026-08-19T23:20:00Z,UPI,False,
BANK-TXN-00003650,ACCOUNT-001657,ACCOUNT-000134,64100,2026-06-30T09:22:00Z,UPI,False,
BANK-TXN-00003651,ACCOUNT-001874,ACCOUNT-001864,22900,2026-07-14T12:22:00Z,IMPS,False,
BANK-TXN-00003652,ACCOUNT-001945,ACCOUNT-001225,12700,2026-07-31T00:59:00Z,IMPS,False,
BANK-TXN-00003653,ACCOUNT-001288,ACCOUNT-001436,30300,2026-07-16T12:38:00Z,UPI,False,
BANK-TXN-00003654,ACCOUNT-001594,ACCOUNT-001034,7800,2026-07-22T03:06:00Z,IMPS,False,
BANK-TXN-00003655,ACCOUNT-000177,ACCOUNT-000934,20300,2026-08-09T13:52:00Z,UPI,False,
BANK-TXN-00003656,ACCOUNT-000531,ACCOUNT-000784,600,2026-08-27T11:18:00Z,UPI,False,
BANK-TXN-00003657,ACCOUNT-001340,ACCOUNT-001887,2500,2026-07-24T18:46:00Z,UPI,False,
BANK-TXN-00003658,ACCOUNT-000863,ACCOUNT-001764,72700,2026-08-05T15:10:00Z,IMPS,False,
BANK-TXN-00003659,ACCOUNT-000211,ACCOUNT-001796,35400,2026-08-28T23:20:00Z,UPI,False,
BANK-TXN-00003660,ACCOUNT-000121,ACCOUNT-001377,3200,2026-07-25T00:09:00Z,UPI,False,
BANK-TXN-00003661,ACCOUNT-000289,ACCOUNT-000016,86800,2026-06-29T12:48:00Z,UPI,False,
BANK-TXN-00003662,ACCOUNT-000720,ACCOUNT-001783,8500,2026-06-05T17:46:00Z,UPI,False,
BANK-TXN-00003663,ACCOUNT-000359,ACCOUNT-001139,22000,2026-08-09T14:26:00Z,UPI,False,
BANK-TXN-00003664,ACCOUNT-000319,ACCOUNT-001078,80400,2026-08-04T13:22:00Z,UPI,False,
BANK-TXN-00003665,ACCOUNT-000003,ACCOUNT-000559,63700,2026-08-17T21:12:00Z,UPI,False,
BANK-TXN-00003666,ACCOUNT-001644,ACCOUNT-000238,4600,2026-07-30T13:10:00Z,UPI,False,
BANK-TXN-00003667,ACCOUNT-000505,ACCOUNT-000711,14900,2026-06-04T22:06:00Z,UPI,False,
BANK-TXN-00003668,ACCOUNT-001597,ACCOUNT-001933,80300,2026-07-03T02:50:00Z,UPI,False,
BANK-TXN-00003669,ACCOUNT-001691,ACCOUNT-000016,22500,2026-07-04T14:20:00Z,IMPS,False,
BANK-TXN-00003670,ACCOUNT-000084,ACCOUNT-001227,8400,2026-06-30T10:59:00Z,UPI,False,
BANK-TXN-00003671,ACCOUNT-000150,ACCOUNT-000049,16200,2026-07-21T18:42:00Z,UPI,False,
BANK-TXN-00003672,ACCOUNT-001256,ACCOUNT-000682,4200,2026-08-12T06:28:00Z,UPI,False,
BANK-TXN-00003673,ACCOUNT-000962,ACCOUNT-001139,8500,2026-07-07T05:42:00Z,UPI,False,
BANK-TXN-00003674,ACCOUNT-000175,ACCOUNT-001314,61400,2026-06-24T08:01:00Z,UPI,False,
BANK-TXN-00003675,ACCOUNT-000455,ACCOUNT-001549,82800,2026-07-15T11:02:00Z,IMPS,False,
BANK-TXN-00003676,ACCOUNT-000052,ACCOUNT-001380,4300,2026-07-30T11:23:00Z,UPI,False,
BANK-TXN-00003677,ACCOUNT-000455,ACCOUNT-001688,31400,2026-06-05T09:03:00Z,NEFT,False,
BANK-TXN-00003678,ACCOUNT-001852,ACCOUNT-000491,18400,2026-07-08T10:00:00Z,IMPS,False,
BANK-TXN-00003679,ACCOUNT-000706,ACCOUNT-001874,65600,2026-06-26T06:23:00Z,IMPS,False,
BANK-TXN-00003680,ACCOUNT-000043,ACCOUNT-001116,2700,2026-07-24T16:03:00Z,IMPS,False,
BANK-TXN-00003681,ACCOUNT-000881,ACCOUNT-001161,13900,2026-06-08T21:41:00Z,UPI,False,
BANK-TXN-00003682,ACCOUNT-001641,ACCOUNT-001113,2500,2026-07-05T23:56:00Z,UPI,False,
BANK-TXN-00003683,ACCOUNT-000942,ACCOUNT-000493,21300,2026-07-30T12:43:00Z,NEFT,False,
BANK-TXN-00003684,ACCOUNT-000170,ACCOUNT-000818,1500,2026-07-19T17:34:00Z,UPI,False,
BANK-TXN-00003685,ACCOUNT-001148,ACCOUNT-000142,900,2026-07-21T09:25:00Z,UPI,False,
BANK-TXN-00003686,ACCOUNT-001301,ACCOUNT-000042,40700,2026-06-24T15:30:00Z,IMPS,False,
BANK-TXN-00003687,ACCOUNT-001312,ACCOUNT-001256,44800,2026-07-09T14:41:00Z,NEFT,False,
BANK-TXN-00003688,ACCOUNT-001761,ACCOUNT-001863,3500,2026-08-05T14:04:00Z,UPI,False,
BANK-TXN-00003689,ACCOUNT-000378,ACCOUNT-000493,6900,2026-08-10T03:49:00Z,UPI,False,
BANK-TXN-00003690,ACCOUNT-001571,ACCOUNT-000066,6900,2026-07-24T19:15:00Z,UPI,False,
BANK-TXN-00003691,ACCOUNT-000678,ACCOUNT-000701,55500,2026-07-28T02:35:00Z,UPI,False,
BANK-TXN-00003692,ACCOUNT-000693,ACCOUNT-000646,2500,2026-07-01T15:23:00Z,UPI,False,
BANK-TXN-00003693,ACCOUNT-001022,ACCOUNT-001154,7300,2026-07-11T23:43:00Z,UPI,False,
BANK-TXN-00003694,ACCOUNT-000490,ACCOUNT-001563,90600,2026-08-01T16:51:00Z,UPI,False,
BANK-TXN-00003695,ACCOUNT-001229,ACCOUNT-000597,2100,2026-07-14T16:46:00Z,IMPS,False,
BANK-TXN-00003696,ACCOUNT-001888,ACCOUNT-001660,1800,2026-08-11T10:46:00Z,UPI,False,
BANK-TXN-00003697,ACCOUNT-001697,ACCOUNT-000287,80700,2026-06-12T12:49:00Z,UPI,False,
BANK-TXN-00003698,ACCOUNT-000324,ACCOUNT-000204,57100,2026-06-27T14:50:00Z,NEFT,False,
BANK-TXN-00003699,ACCOUNT-000055,ACCOUNT-000619,5700,2026-08-17T12:26:00Z,UPI,False,
BANK-TXN-00003700,ACCOUNT-000494,ACCOUNT-001210,60700,2026-08-06T03:36:00Z,UPI,False,
BANK-TXN-00003701,ACCOUNT-001709,ACCOUNT-000011,10800,2026-07-09T16:52:00Z,RTGS,False,
BANK-TXN-00003702,ACCOUNT-000249,ACCOUNT-001719,2000,2026-07-30T09:28:00Z,UPI,False,
BANK-TXN-00003703,ACCOUNT-001921,ACCOUNT-001683,2700,2026-07-14T23:51:00Z,UPI,False,
BANK-TXN-00003704,ACCOUNT-001199,ACCOUNT-000100,6300,2026-08-15T09:19:00Z,UPI,False,
BANK-TXN-00003705,ACCOUNT-000463,ACCOUNT-001003,100,2026-06-12T11:22:00Z,UPI,False,
BANK-TXN-00003706,ACCOUNT-000045,ACCOUNT-000377,2500,2026-06-15T08:33:00Z,UPI,False,
BANK-TXN-00003707,ACCOUNT-001724,ACCOUNT-000698,22600,2026-07-11T07:17:00Z,UPI,False,
BANK-TXN-00003708,ACCOUNT-001516,ACCOUNT-000755,4700,2026-07-14T01:41:00Z,UPI,False,
BANK-TXN-00003709,ACCOUNT-001274,ACCOUNT-001663,15500,2026-08-10T15:42:00Z,UPI,False,
BANK-TXN-00003710,ACCOUNT-000480,ACCOUNT-000170,48400,2026-07-10T08:31:00Z,IMPS,False,
BANK-TXN-00003711,ACCOUNT-001574,ACCOUNT-000155,43700,2026-07-23T14:42:00Z,UPI,False,
BANK-TXN-00003712,ACCOUNT-000502,ACCOUNT-000910,65100,2026-08-27T06:53:00Z,NEFT,False,
BANK-TXN-00003713,ACCOUNT-000723,ACCOUNT-000402,600,2026-06-03T09:02:00Z,IMPS,False,
BANK-TXN-00003714,ACCOUNT-001022,ACCOUNT-000877,2300,2026-07-06T07:39:00Z,UPI,False,
BANK-TXN-00003715,ACCOUNT-000965,ACCOUNT-001328,58100,2026-07-06T20:59:00Z,IMPS,False,
BANK-TXN-00003716,ACCOUNT-001683,ACCOUNT-001435,2700,2026-06-07T14:25:00Z,IMPS,False,
BANK-TXN-00003717,ACCOUNT-001633,ACCOUNT-001478,5400,2026-06-10T20:52:00Z,IMPS,False,
BANK-TXN-00003718,ACCOUNT-000801,ACCOUNT-000980,25600,2026-06-09T10:01:00Z,UPI,False,
BANK-TXN-00003719,ACCOUNT-001692,ACCOUNT-000979,5800,2026-06-09T12:39:00Z,UPI,False,
BANK-TXN-00003720,ACCOUNT-001401,ACCOUNT-000996,5400,2026-08-13T10:23:00Z,NEFT,False,
BANK-TXN-00003721,ACCOUNT-000776,ACCOUNT-001677,68800,2026-06-08T10:42:00Z,UPI,False,
BANK-TXN-00003722,ACCOUNT-001867,ACCOUNT-001020,8800,2026-08-18T19:06:00Z,UPI,False,
BANK-TXN-00003723,ACCOUNT-000045,ACCOUNT-000083,46200,2026-08-25T02:45:00Z,UPI,False,
BANK-TXN-00003724,ACCOUNT-001861,ACCOUNT-000504,6500,2026-06-17T06:24:00Z,IMPS,False,
BANK-TXN-00003725,ACCOUNT-000150,ACCOUNT-000425,83700,2026-08-10T15:38:00Z,IMPS,False,
BANK-TXN-00003726,ACCOUNT-001744,ACCOUNT-000779,44300,2026-07-11T09:52:00Z,RTGS,False,
BANK-TXN-00003727,ACCOUNT-001462,ACCOUNT-000529,9300,2026-08-15T11:25:00Z,UPI,False,
BANK-TXN-00003728,ACCOUNT-000702,ACCOUNT-001168,8300,2026-08-19T03:39:00Z,UPI,False,
BANK-TXN-00003729,ACCOUNT-000194,ACCOUNT-000202,45500,2026-07-24T08:59:00Z,UPI,False,
BANK-TXN-00003730,ACCOUNT-001435,ACCOUNT-000877,47100,2026-07-09T14:33:00Z,IMPS,False,
BANK-TXN-00003731,ACCOUNT-000452,ACCOUNT-001785,29600,2026-07-12T20:51:00Z,RTGS,False,
BANK-TXN-00003732,ACCOUNT-000648,ACCOUNT-001932,8100,2026-07-15T16:09:00Z,RTGS,False,
BANK-TXN-00003733,ACCOUNT-000749,ACCOUNT-001378,40700,2026-07-09T14:12:00Z,UPI,False,
BANK-TXN-00003734,ACCOUNT-000842,ACCOUNT-000533,71800,2026-06-22T12:42:00Z,UPI,False,
BANK-TXN-00003735,ACCOUNT-000571,ACCOUNT-001668,200,2026-06-16T14:37:00Z,UPI,False,
BANK-TXN-00003736,ACCOUNT-001281,ACCOUNT-000283,56600,2026-07-19T23:34:00Z,RTGS,False,
BANK-TXN-00003737,ACCOUNT-000858,ACCOUNT-000670,1000,2026-07-10T10:39:00Z,NEFT,False,
BANK-TXN-00003738,ACCOUNT-000112,ACCOUNT-001775,47400,2026-07-06T06:12:00Z,UPI,False,
BANK-TXN-00003739,ACCOUNT-001009,ACCOUNT-000368,10500,2026-06-13T01:13:00Z,IMPS,False,
BANK-TXN-00003740,ACCOUNT-001197,ACCOUNT-001593,13500,2026-08-01T15:04:00Z,UPI,False,
BANK-TXN-00003741,ACCOUNT-001179,ACCOUNT-000226,10100,2026-07-21T12:10:00Z,UPI,False,
BANK-TXN-00003742,ACCOUNT-001613,ACCOUNT-000402,93800,2026-07-22T03:31:00Z,IMPS,False,
BANK-TXN-00003743,ACCOUNT-001751,ACCOUNT-001433,18800,2026-06-04T08:00:00Z,RTGS,False,
BANK-TXN-00003744,ACCOUNT-001481,ACCOUNT-001162,12900,2026-06-30T04:52:00Z,NEFT,False,
BANK-TXN-00003745,ACCOUNT-000597,ACCOUNT-001430,6400,2026-06-06T21:59:00Z,IMPS,False,
BANK-TXN-00003746,ACCOUNT-001085,ACCOUNT-000275,9900,2026-08-17T14:25:00Z,UPI,False,
BANK-TXN-00003747,ACCOUNT-000911,ACCOUNT-001322,85700,2026-08-09T07:01:00Z,IMPS,False,
BANK-TXN-00003748,ACCOUNT-000649,ACCOUNT-000132,25300,2026-07-09T11:11:00Z,UPI,False,
BANK-TXN-00003749,ACCOUNT-000834,ACCOUNT-001291,71800,2026-07-31T08:06:00Z,UPI,False,
BANK-TXN-00003750,ACCOUNT-000232,ACCOUNT-000138,5100,2026-08-11T03:08:00Z,NEFT,False,
BANK-TXN-00003751,ACCOUNT-001723,ACCOUNT-000101,13200,2026-06-03T10:28:00Z,UPI,False,
BANK-TXN-00003752,ACCOUNT-000519,ACCOUNT-001584,7700,2026-06-20T16:12:00Z,NEFT,False,
BANK-TXN-00003753,ACCOUNT-001384,ACCOUNT-001181,58500,2026-07-11T22:10:00Z,NEFT,False,
BANK-TXN-00003754,ACCOUNT-001416,ACCOUNT-001107,4500,2026-06-12T12:14:00Z,UPI,False,
BANK-TXN-00003755,ACCOUNT-000018,ACCOUNT-001745,96900,2026-07-17T08:44:00Z,UPI,False,
BANK-TXN-00003756,ACCOUNT-000891,ACCOUNT-001796,20700,2026-06-13T17:25:00Z,UPI,False,
BANK-TXN-00003757,ACCOUNT-001465,ACCOUNT-001708,6600,2026-08-22T17:48:00Z,IMPS,False,
BANK-TXN-00003758,ACCOUNT-001564,ACCOUNT-001776,7300,2026-08-17T02:01:00Z,UPI,False,
BANK-TXN-00003759,ACCOUNT-001338,ACCOUNT-001823,17400,2026-08-28T19:03:00Z,UPI,False,
BANK-TXN-00003760,ACCOUNT-000974,ACCOUNT-000707,3500,2026-06-22T07:03:00Z,NEFT,False,
BANK-TXN-00003761,ACCOUNT-000444,ACCOUNT-001949,1900,2026-06-22T07:24:00Z,UPI,False,
BANK-TXN-00003762,ACCOUNT-000140,ACCOUNT-000126,2300,2026-07-23T20:45:00Z,UPI,False,
BANK-TXN-00003763,ACCOUNT-001831,ACCOUNT-001043,14800,2026-07-16T19:47:00Z,UPI,False,
BANK-TXN-00003764,ACCOUNT-001341,ACCOUNT-000212,32900,2026-07-24T10:47:00Z,UPI,False,
BANK-TXN-00003765,ACCOUNT-000722,ACCOUNT-001036,700,2026-08-22T16:21:00Z,NEFT,False,
BANK-TXN-00003766,ACCOUNT-001058,ACCOUNT-001908,3200,2026-07-19T13:32:00Z,NEFT,False,
BANK-TXN-00003767,ACCOUNT-000924,ACCOUNT-001125,51900,2026-07-26T22:01:00Z,UPI,False,
BANK-TXN-00003768,ACCOUNT-000948,ACCOUNT-001619,76900,2026-06-05T18:03:00Z,IMPS,False,
BANK-TXN-00003769,ACCOUNT-001323,ACCOUNT-001441,27300,2026-08-02T11:54:00Z,UPI,False,
BANK-TXN-00003770,ACCOUNT-001057,ACCOUNT-001901,100000,2026-07-10T12:09:00Z,UPI,False,
BANK-TXN-00003771,ACCOUNT-000175,ACCOUNT-001165,36200,2026-06-16T11:07:00Z,UPI,False,
BANK-TXN-00003772,ACCOUNT-001508,ACCOUNT-001460,7600,2026-06-23T16:48:00Z,UPI,False,
BANK-TXN-00003773,ACCOUNT-001782,ACCOUNT-000086,60600,2026-07-18T04:39:00Z,UPI,False,
BANK-TXN-00003774,ACCOUNT-000524,ACCOUNT-000731,20800,2026-06-07T10:23:00Z,UPI,False,
BANK-TXN-00003775,ACCOUNT-001446,ACCOUNT-000308,6500,2026-06-20T13:37:00Z,IMPS,False,
BANK-TXN-00003776,ACCOUNT-001216,ACCOUNT-001578,35200,2026-06-24T17:50:00Z,IMPS,False,
BANK-TXN-00003777,ACCOUNT-000194,ACCOUNT-000959,500,2026-05-31T11:25:00Z,IMPS,False,
BANK-TXN-00003778,ACCOUNT-001105,ACCOUNT-001668,74800,2026-07-25T02:33:00Z,IMPS,False,
BANK-TXN-00003779,ACCOUNT-000427,ACCOUNT-000009,67400,2026-08-03T23:10:00Z,UPI,False,
BANK-TXN-00003780,ACCOUNT-001846,ACCOUNT-001692,36000,2026-06-30T16:12:00Z,IMPS,False,
BANK-TXN-00003781,ACCOUNT-001662,ACCOUNT-001326,11500,2026-07-31T15:56:00Z,UPI,False,
BANK-TXN-00003782,ACCOUNT-000258,ACCOUNT-001792,27700,2026-06-23T13:41:00Z,RTGS,False,
BANK-TXN-00003783,ACCOUNT-000010,ACCOUNT-001647,3500,2026-06-20T11:48:00Z,NEFT,False,
BANK-TXN-00003784,ACCOUNT-001893,ACCOUNT-000967,4100,2026-08-12T03:07:00Z,UPI,False,
BANK-TXN-00003785,ACCOUNT-001698,ACCOUNT-000459,8000,2026-06-18T04:06:00Z,IMPS,False,
BANK-TXN-00003786,ACCOUNT-000961,ACCOUNT-000934,64900,2026-08-14T17:12:00Z,UPI,False,
BANK-TXN-00003787,ACCOUNT-000263,ACCOUNT-001420,30000,2026-06-28T08:02:00Z,UPI,False,
BANK-TXN-00003788,ACCOUNT-001235,ACCOUNT-000126,5400,2026-08-27T12:55:00Z,UPI,False,
BANK-TXN-00003789,ACCOUNT-000290,ACCOUNT-001468,22500,2026-07-24T17:42:00Z,UPI,False,
BANK-TXN-00003790,ACCOUNT-001389,ACCOUNT-000107,37000,2026-07-15T06:30:00Z,UPI,False,
BANK-TXN-00003791,ACCOUNT-001268,ACCOUNT-001709,79800,2026-07-05T02:17:00Z,IMPS,False,
BANK-TXN-00003792,ACCOUNT-000222,ACCOUNT-000771,20200,2026-07-13T07:33:00Z,UPI,False,
BANK-TXN-00003793,ACCOUNT-000933,ACCOUNT-000833,38400,2026-07-22T21:21:00Z,NEFT,False,
BANK-TXN-00003794,ACCOUNT-000399,ACCOUNT-000589,13800,2026-07-25T23:21:00Z,UPI,False,
BANK-TXN-00003795,ACCOUNT-001688,ACCOUNT-001720,42400,2026-07-23T01:17:00Z,IMPS,False,
BANK-TXN-00003796,ACCOUNT-000402,ACCOUNT-001599,5800,2026-07-01T08:16:00Z,NEFT,False,
BANK-TXN-00003797,ACCOUNT-001187,ACCOUNT-000156,3000,2026-07-26T15:21:00Z,UPI,False,
BANK-TXN-00003798,ACCOUNT-001420,ACCOUNT-000583,4900,2026-06-28T08:34:00Z,UPI,False,
BANK-TXN-00003799,ACCOUNT-001010,ACCOUNT-001616,10900,2026-06-08T09:55:00Z,IMPS,False,
BANK-TXN-00003800,ACCOUNT-000197,ACCOUNT-000090,7600,2026-08-20T12:07:00Z,UPI,False,
BANK-TXN-00003801,ACCOUNT-001033,ACCOUNT-000067,86700,2026-08-11T12:25:00Z,UPI,False,
BANK-TXN-00003802,ACCOUNT-000536,ACCOUNT-001730,47100,2026-06-30T02:22:00Z,IMPS,False,
BANK-TXN-00003803,ACCOUNT-001749,ACCOUNT-000417,86500,2026-07-31T14:28:00Z,UPI,False,
BANK-TXN-00003804,ACCOUNT-001008,ACCOUNT-001832,24600,2026-08-17T09:54:00Z,UPI,False,
BANK-TXN-00003805,ACCOUNT-001168,ACCOUNT-000187,97300,2026-07-27T13:03:00Z,UPI,False,
BANK-TXN-00003806,ACCOUNT-001298,ACCOUNT-000794,5100,2026-07-23T08:45:00Z,NEFT,False,
BANK-TXN-00003807,ACCOUNT-000188,ACCOUNT-001931,35800,2026-06-26T07:08:00Z,UPI,False,
BANK-TXN-00003808,ACCOUNT-001595,ACCOUNT-001062,16700,2026-08-10T14:26:00Z,NEFT,False,
BANK-TXN-00003809,ACCOUNT-001213,ACCOUNT-001847,6800,2026-08-07T00:29:00Z,UPI,False,
BANK-TXN-00003810,ACCOUNT-001661,ACCOUNT-000071,5100,2026-06-01T03:17:00Z,UPI,False,
BANK-TXN-00003811,ACCOUNT-001361,ACCOUNT-000102,45200,2026-08-17T14:13:00Z,UPI,False,
BANK-TXN-00003812,ACCOUNT-000177,ACCOUNT-001207,15300,2026-08-25T10:39:00Z,NEFT,False,
BANK-TXN-00003813,ACCOUNT-001015,ACCOUNT-001797,9600,2026-08-14T12:19:00Z,UPI,False,
BANK-TXN-00003814,ACCOUNT-001321,ACCOUNT-001426,46600,2026-08-03T00:40:00Z,IMPS,False,
BANK-TXN-00003815,ACCOUNT-000445,ACCOUNT-000782,5000,2026-06-13T07:07:00Z,UPI,False,
BANK-TXN-00003816,ACCOUNT-000120,ACCOUNT-000117,80100,2026-08-24T09:27:00Z,UPI,False,
BANK-TXN-00003817,ACCOUNT-001133,ACCOUNT-000909,23600,2026-06-23T18:00:00Z,RTGS,False,
BANK-TXN-00003818,ACCOUNT-000356,ACCOUNT-001079,17100,2026-06-07T00:46:00Z,UPI,False,
BANK-TXN-00003819,ACCOUNT-001114,ACCOUNT-001804,4000,2026-06-13T06:21:00Z,IMPS,False,
BANK-TXN-00003820,ACCOUNT-000102,ACCOUNT-001892,35600,2026-07-26T07:20:00Z,UPI,False,
BANK-TXN-00003821,ACCOUNT-000497,ACCOUNT-001578,3300,2026-07-06T13:26:00Z,IMPS,False,
BANK-TXN-00003822,ACCOUNT-000169,ACCOUNT-000288,53400,2026-08-11T08:33:00Z,UPI,False,
BANK-TXN-00003823,ACCOUNT-001772,ACCOUNT-001559,21700,2026-06-16T14:31:00Z,NEFT,False,
BANK-TXN-00003824,ACCOUNT-001786,ACCOUNT-000712,300,2026-07-31T20:07:00Z,RTGS,False,
BANK-TXN-00003825,ACCOUNT-001395,ACCOUNT-001124,5000,2026-08-01T08:13:00Z,NEFT,False,
BANK-TXN-00003826,ACCOUNT-000887,ACCOUNT-001019,64800,2026-08-03T09:21:00Z,RTGS,False,
BANK-TXN-00003827,ACCOUNT-000194,ACCOUNT-001143,13500,2026-06-15T00:13:00Z,IMPS,False,
BANK-TXN-00003828,ACCOUNT-001242,ACCOUNT-000477,10700,2026-06-29T00:14:00Z,IMPS,False,
BANK-TXN-00003829,ACCOUNT-000213,ACCOUNT-000831,3300,2026-06-27T12:16:00Z,UPI,False,
BANK-TXN-00003830,ACCOUNT-000816,ACCOUNT-001782,7600,2026-08-12T08:26:00Z,NEFT,False,
BANK-TXN-00003831,ACCOUNT-000886,ACCOUNT-001116,10600,2026-06-22T02:18:00Z,UPI,False,
BANK-TXN-00003832,ACCOUNT-001341,ACCOUNT-000813,29400,2026-06-08T17:01:00Z,IMPS,False,
BANK-TXN-00003833,ACCOUNT-000377,ACCOUNT-000871,50500,2026-07-04T12:28:00Z,IMPS,False,
BANK-TXN-00003834,ACCOUNT-001409,ACCOUNT-000399,45900,2026-07-02T08:55:00Z,UPI,False,
BANK-TXN-00003835,ACCOUNT-000384,ACCOUNT-001128,99500,2026-06-07T09:03:00Z,IMPS,False,
BANK-TXN-00003836,ACCOUNT-000950,ACCOUNT-000597,24400,2026-06-15T09:09:00Z,UPI,False,
BANK-TXN-00003837,ACCOUNT-000278,ACCOUNT-000663,28800,2026-07-16T09:30:00Z,UPI,False,
BANK-TXN-00003838,ACCOUNT-001236,ACCOUNT-001713,92900,2026-06-26T13:59:00Z,UPI,False,
BANK-TXN-00003839,ACCOUNT-001141,ACCOUNT-000757,4600,2026-06-21T22:59:00Z,NEFT,False,
BANK-TXN-00003840,ACCOUNT-000596,ACCOUNT-000256,33400,2026-07-03T18:11:00Z,UPI,False,
BANK-TXN-00003841,ACCOUNT-001194,ACCOUNT-000386,8700,2026-06-16T20:08:00Z,RTGS,False,
BANK-TXN-00003842,ACCOUNT-001768,ACCOUNT-000722,77200,2026-07-09T13:55:00Z,UPI,False,
BANK-TXN-00003843,ACCOUNT-001328,ACCOUNT-000234,4200,2026-07-20T10:58:00Z,UPI,False,
BANK-TXN-00003844,ACCOUNT-000090,ACCOUNT-000009,86000,2026-06-12T16:43:00Z,IMPS,False,
BANK-TXN-00003845,ACCOUNT-001071,ACCOUNT-001942,33900,2026-07-02T10:04:00Z,IMPS,False,
BANK-TXN-00003846,ACCOUNT-000102,ACCOUNT-001283,8700,2026-07-30T08:11:00Z,UPI,False,
BANK-TXN-00003847,ACCOUNT-000253,ACCOUNT-000209,4200,2026-08-09T14:00:00Z,UPI,False,
BANK-TXN-00003848,ACCOUNT-001712,ACCOUNT-001282,88600,2026-08-24T11:50:00Z,RTGS,False,
BANK-TXN-00003849,ACCOUNT-000823,ACCOUNT-001355,6000,2026-06-07T09:51:00Z,UPI,False,
BANK-TXN-00003850,ACCOUNT-000388,ACCOUNT-000836,50800,2026-06-12T16:53:00Z,UPI,False,
BANK-TXN-00003851,ACCOUNT-001816,ACCOUNT-000086,5100,2026-08-27T06:29:00Z,NEFT,False,
BANK-TXN-00003852,ACCOUNT-001664,ACCOUNT-000536,28500,2026-08-06T03:19:00Z,UPI,False,
BANK-TXN-00003853,ACCOUNT-001649,ACCOUNT-001176,10600,2026-07-02T13:30:00Z,IMPS,False,
BANK-TXN-00003854,ACCOUNT-000669,ACCOUNT-001014,17800,2026-06-01T19:19:00Z,UPI,False,
BANK-TXN-00003855,ACCOUNT-001359,ACCOUNT-001224,31500,2026-07-12T03:17:00Z,UPI,False,
BANK-TXN-00003856,ACCOUNT-000780,ACCOUNT-001112,16400,2026-06-26T06:37:00Z,NEFT,False,
BANK-TXN-00003857,ACCOUNT-000449,ACCOUNT-000521,41700,2026-07-17T07:43:00Z,UPI,False,
BANK-TXN-00003858,ACCOUNT-001125,ACCOUNT-001099,60100,2026-06-05T05:38:00Z,IMPS,False,
BANK-TXN-00003859,ACCOUNT-001788,ACCOUNT-000549,87900,2026-06-25T16:42:00Z,NEFT,False,
BANK-TXN-00003860,ACCOUNT-001355,ACCOUNT-001925,7600,2026-07-14T08:33:00Z,NEFT,False,
BANK-TXN-00003861,ACCOUNT-000443,ACCOUNT-000890,16100,2026-07-09T05:27:00Z,UPI,False,
BANK-TXN-00003862,ACCOUNT-001763,ACCOUNT-001358,25100,2026-07-01T11:27:00Z,NEFT,False,
BANK-TXN-00003863,ACCOUNT-001846,ACCOUNT-001248,44700,2026-07-22T15:11:00Z,NEFT,False,
BANK-TXN-00003864,ACCOUNT-001149,ACCOUNT-000448,16200,2026-06-05T05:44:00Z,NEFT,False,
BANK-TXN-00003865,ACCOUNT-001493,ACCOUNT-000882,51600,2026-06-13T07:05:00Z,UPI,False,
BANK-TXN-00003866,ACCOUNT-001563,ACCOUNT-001483,10800,2026-07-20T14:57:00Z,IMPS,False,
BANK-TXN-00003867,ACCOUNT-001090,ACCOUNT-000552,400,2026-07-08T11:14:00Z,UPI,False,
BANK-TXN-00003868,ACCOUNT-000575,ACCOUNT-000353,4500,2026-06-12T06:24:00Z,UPI,False,
BANK-TXN-00003869,ACCOUNT-000466,ACCOUNT-001874,66100,2026-06-27T02:06:00Z,UPI,False,
BANK-TXN-00003870,ACCOUNT-001615,ACCOUNT-001889,1600,2026-07-15T08:17:00Z,IMPS,False,
BANK-TXN-00003871,ACCOUNT-000059,ACCOUNT-000130,12800,2026-07-06T17:25:00Z,UPI,False,
BANK-TXN-00003872,ACCOUNT-001386,ACCOUNT-000272,18700,2026-06-01T08:00:00Z,UPI,False,
BANK-TXN-00003873,ACCOUNT-000379,ACCOUNT-001152,5400,2026-08-16T14:39:00Z,UPI,False,
BANK-TXN-00003874,ACCOUNT-000951,ACCOUNT-001222,6400,2026-07-26T06:17:00Z,IMPS,False,
BANK-TXN-00003875,ACCOUNT-001271,ACCOUNT-001759,800,2026-07-17T16:09:00Z,UPI,False,
BANK-TXN-00003876,ACCOUNT-001346,ACCOUNT-000723,7500,2026-06-16T22:05:00Z,UPI,False,
BANK-TXN-00003877,ACCOUNT-001813,ACCOUNT-000944,48100,2026-07-26T17:33:00Z,UPI,False,
BANK-TXN-00003878,ACCOUNT-001368,ACCOUNT-000705,22600,2026-08-14T07:27:00Z,UPI,False,
BANK-TXN-00003879,ACCOUNT-000395,ACCOUNT-001135,12000,2026-06-03T13:42:00Z,UPI,False,
BANK-TXN-00003880,ACCOUNT-001550,ACCOUNT-000884,3800,2026-08-23T05:08:00Z,UPI,False,
BANK-TXN-00003881,ACCOUNT-000193,ACCOUNT-000161,18800,2026-06-28T08:01:00Z,NEFT,False,
BANK-TXN-00003882,ACCOUNT-000641,ACCOUNT-001548,4900,2026-06-02T16:31:00Z,UPI,False,
BANK-TXN-00003883,ACCOUNT-000971,ACCOUNT-000382,30100,2026-06-20T04:34:00Z,UPI,False,
BANK-TXN-00003884,ACCOUNT-000513,ACCOUNT-000790,4300,2026-08-16T00:52:00Z,UPI,False,
BANK-TXN-00003885,ACCOUNT-000975,ACCOUNT-000768,9800,2026-07-05T07:12:00Z,UPI,False,
BANK-TXN-00003886,ACCOUNT-001809,ACCOUNT-000208,63100,2026-08-06T06:59:00Z,UPI,False,
BANK-TXN-00003887,ACCOUNT-001047,ACCOUNT-001605,3800,2026-06-06T12:50:00Z,IMPS,False,
BANK-TXN-00003888,ACCOUNT-000122,ACCOUNT-000869,31100,2026-06-16T15:22:00Z,UPI,False,
BANK-TXN-00003889,ACCOUNT-001729,ACCOUNT-000482,44000,2026-06-10T09:56:00Z,UPI,False,
BANK-TXN-00003890,ACCOUNT-000122,ACCOUNT-000637,92000,2026-07-17T22:39:00Z,IMPS,False,
BANK-TXN-00003891,ACCOUNT-000293,ACCOUNT-001880,36200,2026-08-12T02:15:00Z,UPI,False,
BANK-TXN-00003892,ACCOUNT-001647,ACCOUNT-000205,15800,2026-08-06T01:47:00Z,NEFT,False,
BANK-TXN-00003893,ACCOUNT-001088,ACCOUNT-001884,22800,2026-06-18T10:58:00Z,UPI,False,
BANK-TXN-00003894,ACCOUNT-001917,ACCOUNT-000186,1000,2026-06-05T14:51:00Z,UPI,False,
BANK-TXN-00003895,ACCOUNT-001671,ACCOUNT-000497,8500,2026-07-08T14:58:00Z,UPI,False,
BANK-TXN-00003896,ACCOUNT-001480,ACCOUNT-000487,34200,2026-08-15T15:52:00Z,IMPS,False,
BANK-TXN-00003897,ACCOUNT-000905,ACCOUNT-000776,800,2026-06-30T16:21:00Z,IMPS,False,
BANK-TXN-00003898,ACCOUNT-000600,ACCOUNT-001210,14900,2026-08-25T06:20:00Z,NEFT,False,
BANK-TXN-00003899,ACCOUNT-001068,ACCOUNT-001743,47600,2026-08-03T08:45:00Z,IMPS,False,
BANK-TXN-00003900,ACCOUNT-000461,ACCOUNT-001875,9200,2026-08-18T03:17:00Z,RTGS,False,
BANK-TXN-00003901,ACCOUNT-000991,ACCOUNT-000244,2700,2026-06-03T08:40:00Z,UPI,False,
BANK-TXN-00003902,ACCOUNT-001198,ACCOUNT-000235,7400,2026-06-03T02:22:00Z,NEFT,False,
BANK-TXN-00003903,ACCOUNT-000696,ACCOUNT-001657,8200,2026-08-20T02:47:00Z,UPI,False,
BANK-TXN-00003904,ACCOUNT-000876,ACCOUNT-000290,4700,2026-06-02T09:13:00Z,UPI,False,
BANK-TXN-00003905,ACCOUNT-000469,ACCOUNT-001680,78100,2026-06-10T17:54:00Z,UPI,False,
BANK-TXN-00003906,ACCOUNT-001162,ACCOUNT-001843,9300,2026-08-19T06:32:00Z,UPI,False,
BANK-TXN-00003907,ACCOUNT-001594,ACCOUNT-000992,8600,2026-08-14T06:38:00Z,UPI,False,
BANK-TXN-00003908,ACCOUNT-000925,ACCOUNT-000999,12000,2026-08-28T12:42:00Z,UPI,False,
BANK-TXN-00003909,ACCOUNT-000403,ACCOUNT-000116,1200,2026-07-27T15:57:00Z,UPI,False,
BANK-TXN-00003910,ACCOUNT-001590,ACCOUNT-001324,8500,2026-07-11T06:27:00Z,UPI,False,
BANK-TXN-00003911,ACCOUNT-001256,ACCOUNT-000071,11400,2026-08-01T06:41:00Z,UPI,False,
BANK-TXN-00003912,ACCOUNT-000648,ACCOUNT-001031,1600,2026-07-08T12:35:00Z,IMPS,False,
BANK-TXN-00003913,ACCOUNT-000098,ACCOUNT-000558,6700,2026-08-27T09:14:00Z,UPI,False,
BANK-TXN-00003914,ACCOUNT-001413,ACCOUNT-000941,3500,2026-06-03T13:20:00Z,IMPS,False,
BANK-TXN-00003915,ACCOUNT-000300,ACCOUNT-000492,500,2026-07-05T10:54:00Z,NEFT,False,
BANK-TXN-00003916,ACCOUNT-001701,ACCOUNT-001126,400,2026-06-04T17:49:00Z,NEFT,False,
BANK-TXN-00003917,ACCOUNT-000643,ACCOUNT-000206,700,2026-07-28T15:36:00Z,UPI,False,
BANK-TXN-00003918,ACCOUNT-000328,ACCOUNT-000305,58600,2026-08-28T18:26:00Z,UPI,False,
BANK-TXN-00003919,ACCOUNT-000484,ACCOUNT-000356,9300,2026-08-24T06:13:00Z,IMPS,False,
BANK-TXN-00003920,ACCOUNT-001806,ACCOUNT-001541,30600,2026-06-03T13:53:00Z,UPI,False,
BANK-TXN-00003921,ACCOUNT-000019,ACCOUNT-000487,4200,2026-06-21T10:18:00Z,NEFT,False,
BANK-TXN-00003922,ACCOUNT-000981,ACCOUNT-000503,80300,2026-07-11T09:31:00Z,IMPS,False,
BANK-TXN-00003923,ACCOUNT-001328,ACCOUNT-000996,200,2026-07-05T11:58:00Z,UPI,False,
BANK-TXN-00003924,ACCOUNT-000166,ACCOUNT-000527,3100,2026-05-31T07:11:00Z,NEFT,False,
BANK-TXN-00003925,ACCOUNT-000936,ACCOUNT-000234,10700,2026-07-04T15:25:00Z,IMPS,False,
BANK-TXN-00003926,ACCOUNT-001375,ACCOUNT-001092,7900,2026-06-12T14:49:00Z,UPI,False,
BANK-TXN-00003927,ACCOUNT-000761,ACCOUNT-000166,4000,2026-08-14T03:23:00Z,UPI,False,
BANK-TXN-00003928,ACCOUNT-001317,ACCOUNT-000623,40500,2026-07-13T15:37:00Z,UPI,False,
BANK-TXN-00003929,ACCOUNT-001264,ACCOUNT-000810,3900,2026-07-15T14:08:00Z,UPI,False,
BANK-TXN-00003930,ACCOUNT-000877,ACCOUNT-001021,4500,2026-08-18T15:32:00Z,IMPS,False,
BANK-TXN-00003931,ACCOUNT-001027,ACCOUNT-001025,31100,2026-07-06T06:06:00Z,IMPS,False,
BANK-TXN-00003932,ACCOUNT-000821,ACCOUNT-000219,48600,2026-08-11T06:12:00Z,IMPS,False,
BANK-TXN-00003933,ACCOUNT-001114,ACCOUNT-000449,7900,2026-08-25T13:29:00Z,UPI,False,
BANK-TXN-00003934,ACCOUNT-001116,ACCOUNT-001733,1100,2026-06-22T11:42:00Z,IMPS,False,
BANK-TXN-00003935,ACCOUNT-000446,ACCOUNT-001408,19700,2026-06-06T02:12:00Z,RTGS,False,
BANK-TXN-00003936,ACCOUNT-000619,ACCOUNT-000609,35800,2026-07-09T03:49:00Z,UPI,False,
BANK-TXN-00003937,ACCOUNT-000448,ACCOUNT-000002,3000,2026-07-22T01:53:00Z,UPI,False,
BANK-TXN-00003938,ACCOUNT-000199,ACCOUNT-001402,2400,2026-07-21T16:18:00Z,UPI,False,
BANK-TXN-00003939,ACCOUNT-001048,ACCOUNT-000465,30300,2026-08-14T09:26:00Z,NEFT,False,
BANK-TXN-00003940,ACCOUNT-000852,ACCOUNT-000537,33000,2026-06-28T22:44:00Z,UPI,False,
BANK-TXN-00003941,ACCOUNT-001158,ACCOUNT-000794,1400,2026-06-14T10:30:00Z,UPI,False,
BANK-TXN-00003942,ACCOUNT-001145,ACCOUNT-001597,61200,2026-07-30T23:43:00Z,UPI,False,
BANK-TXN-00003943,ACCOUNT-001236,ACCOUNT-001886,9400,2026-06-07T15:14:00Z,NEFT,False,
BANK-TXN-00003944,ACCOUNT-001568,ACCOUNT-000706,9900,2026-06-16T01:13:00Z,RTGS,False,
BANK-TXN-00003945,ACCOUNT-001942,ACCOUNT-001217,48900,2026-08-14T08:50:00Z,UPI,False,
BANK-TXN-00003946,ACCOUNT-000676,ACCOUNT-001226,11200,2026-07-31T15:58:00Z,UPI,False,
BANK-TXN-00003947,ACCOUNT-001919,ACCOUNT-001405,73100,2026-08-10T09:55:00Z,UPI,False,
BANK-TXN-00003948,ACCOUNT-001052,ACCOUNT-000322,5100,2026-07-24T11:27:00Z,UPI,False,
BANK-TXN-00003949,ACCOUNT-000234,ACCOUNT-000915,3100,2026-05-31T09:35:00Z,UPI,False,
BANK-TXN-00003950,ACCOUNT-000918,ACCOUNT-001077,83500,2026-06-11T07:07:00Z,UPI,False,
BANK-TXN-00003951,ACCOUNT-001181,ACCOUNT-000978,80700,2026-07-23T09:32:00Z,UPI,False,
BANK-TXN-00003952,ACCOUNT-000331,ACCOUNT-001905,1800,2026-08-11T18:53:00Z,UPI,False,
BANK-TXN-00003953,ACCOUNT-000839,ACCOUNT-001620,87700,2026-07-17T00:38:00Z,UPI,False,
BANK-TXN-00003954,ACCOUNT-001270,ACCOUNT-001095,2800,2026-06-05T18:03:00Z,UPI,False,
BANK-TXN-00003955,ACCOUNT-000433,ACCOUNT-001295,20400,2026-06-02T04:05:00Z,NEFT,False,
BANK-TXN-00003956,ACCOUNT-000194,ACCOUNT-000836,73600,2026-08-03T05:50:00Z,RTGS,False,
BANK-TXN-00003957,ACCOUNT-CMP-000001,ACCOUNT-001706,27600,2026-07-14T12:49:00Z,UPI,False,
BANK-TXN-00003958,ACCOUNT-000625,ACCOUNT-001247,75900,2026-07-07T16:02:00Z,UPI,False,
BANK-TXN-00003959,ACCOUNT-001176,ACCOUNT-001719,83100,2026-08-01T10:16:00Z,IMPS,False,
BANK-TXN-00003960,ACCOUNT-001199,ACCOUNT-000110,800,2026-07-09T10:50:00Z,IMPS,False,
BANK-TXN-00003961,ACCOUNT-001317,ACCOUNT-001687,33900,2026-08-27T11:33:00Z,UPI,False,
BANK-TXN-00003962,ACCOUNT-001400,ACCOUNT-001425,7600,2026-08-07T17:46:00Z,NEFT,False,
BANK-TXN-00003963,ACCOUNT-001644,ACCOUNT-001716,66800,2026-07-29T19:21:00Z,UPI,False,
BANK-TXN-00003964,ACCOUNT-000076,ACCOUNT-001545,1600,2026-08-23T14:22:00Z,UPI,False,
BANK-TXN-00003965,ACCOUNT-000335,ACCOUNT-001232,89700,2026-07-14T06:37:00Z,UPI,False,
BANK-TXN-00003966,ACCOUNT-000461,ACCOUNT-000700,9300,2026-06-01T12:08:00Z,IMPS,False,
BANK-TXN-00003967,ACCOUNT-001201,ACCOUNT-001123,15500,2026-08-13T17:06:00Z,IMPS,False,
BANK-TXN-00003968,ACCOUNT-000316,ACCOUNT-000298,12700,2026-07-18T06:03:00Z,UPI,False,
BANK-TXN-00003969,ACCOUNT-000558,ACCOUNT-000143,24200,2026-06-13T07:49:00Z,NEFT,False,
BANK-TXN-00003970,ACCOUNT-000137,ACCOUNT-001289,47900,2026-07-27T04:05:00Z,UPI,False,
BANK-TXN-00003971,ACCOUNT-001915,ACCOUNT-000218,800,2026-08-05T07:35:00Z,IMPS,False,
BANK-TXN-00003972,ACCOUNT-000810,ACCOUNT-000478,12500,2026-06-16T09:38:00Z,NEFT,False,
BANK-TXN-00003973,ACCOUNT-001482,ACCOUNT-001583,2100,2026-06-18T15:46:00Z,UPI,False,
BANK-TXN-00003974,ACCOUNT-001590,ACCOUNT-000108,40300,2026-06-12T15:03:00Z,UPI,False,
BANK-TXN-00003975,ACCOUNT-001355,ACCOUNT-001510,4200,2026-07-16T06:21:00Z,IMPS,False,
BANK-TXN-00003976,ACCOUNT-001425,ACCOUNT-001355,77500,2026-07-20T13:10:00Z,UPI,False,
BANK-TXN-00003977,ACCOUNT-001290,ACCOUNT-000569,80900,2026-08-24T10:13:00Z,NEFT,False,
BANK-TXN-00003978,ACCOUNT-001439,ACCOUNT-000221,7100,2026-07-01T11:11:00Z,IMPS,False,
BANK-TXN-00003979,ACCOUNT-001558,ACCOUNT-001896,500,2026-08-17T12:28:00Z,NEFT,False,
BANK-TXN-00003980,ACCOUNT-000442,ACCOUNT-001274,25700,2026-06-29T16:33:00Z,UPI,False,
BANK-TXN-00003981,ACCOUNT-000279,ACCOUNT-000248,10200,2026-06-28T08:15:00Z,IMPS,False,
BANK-TXN-00003982,ACCOUNT-000370,ACCOUNT-000626,9700,2026-08-12T08:19:00Z,NEFT,False,
BANK-TXN-00003983,ACCOUNT-000554,ACCOUNT-000193,5300,2026-06-01T09:04:00Z,UPI,False,
BANK-TXN-00003984,ACCOUNT-001869,ACCOUNT-000504,17800,2026-08-05T07:33:00Z,NEFT,False,
BANK-TXN-00003985,ACCOUNT-000193,ACCOUNT-001826,17400,2026-06-20T18:10:00Z,UPI,False,
BANK-TXN-00003986,ACCOUNT-000608,ACCOUNT-001559,9200,2026-06-19T03:43:00Z,RTGS,False,
BANK-TXN-00003987,ACCOUNT-000064,ACCOUNT-000323,10100,2026-06-01T15:09:00Z,IMPS,False,
BANK-TXN-00003988,ACCOUNT-000631,ACCOUNT-000900,800,2026-07-07T13:03:00Z,IMPS,False,
BANK-TXN-00003989,ACCOUNT-001055,ACCOUNT-000873,32000,2026-06-05T20:39:00Z,UPI,False,
BANK-TXN-00003990,ACCOUNT-001644,ACCOUNT-001180,14900,2026-07-23T18:29:00Z,IMPS,False,
BANK-TXN-00003991,ACCOUNT-001270,ACCOUNT-001448,2100,2026-08-20T03:31:00Z,UPI,False,
BANK-TXN-00003992,ACCOUNT-001304,ACCOUNT-000275,52800,2026-07-21T04:55:00Z,UPI,False,
BANK-TXN-00003993,ACCOUNT-001689,ACCOUNT-000367,200,2026-07-10T04:18:00Z,IMPS,False,
BANK-TXN-00003994,ACCOUNT-000652,ACCOUNT-000786,80300,2026-07-19T09:49:00Z,RTGS,False,
BANK-TXN-00003995,ACCOUNT-000073,ACCOUNT-001299,36000,2026-08-06T15:36:00Z,IMPS,False,
BANK-TXN-00003996,ACCOUNT-001919,ACCOUNT-000868,67700,2026-06-13T16:50:00Z,UPI,False,
BANK-TXN-00003997,ACCOUNT-001101,ACCOUNT-000786,4100,2026-08-17T09:55:00Z,NEFT,False,
BANK-TXN-00003998,ACCOUNT-001603,ACCOUNT-001546,90600,2026-08-04T09:59:00Z,UPI,False,
BANK-TXN-00003999,ACCOUNT-001627,ACCOUNT-000626,6800,2026-08-12T15:20:00Z,UPI,False,
BANK-TXN-00004000,ACCOUNT-000870,ACCOUNT-001380,20400,2026-08-06T10:48:00Z,UPI,False,
BANK-TXN-00004001,ACCOUNT-001651,ACCOUNT-000615,6500,2026-06-03T10:22:00Z,UPI,False,
BANK-TXN-00004002,ACCOUNT-000968,ACCOUNT-000760,69500,2026-08-15T02:13:00Z,UPI,False,
BANK-TXN-00004003,ACCOUNT-001254,ACCOUNT-000522,17300,2026-08-24T11:11:00Z,UPI,False,
BANK-TXN-00004004,ACCOUNT-000511,ACCOUNT-001490,8500,2026-06-18T16:21:00Z,UPI,False,
BANK-TXN-00004005,ACCOUNT-000043,ACCOUNT-000922,3700,2026-07-25T16:08:00Z,NEFT,False,
BANK-TXN-00004006,ACCOUNT-000335,ACCOUNT-001555,91300,2026-06-18T08:01:00Z,IMPS,False,
BANK-TXN-00004007,ACCOUNT-000765,ACCOUNT-001247,46500,2026-07-25T03:02:00Z,IMPS,False,
BANK-TXN-00004008,ACCOUNT-000017,ACCOUNT-000510,94700,2026-06-17T12:03:00Z,RTGS,False,
BANK-TXN-00004009,ACCOUNT-000581,ACCOUNT-000670,35300,2026-08-02T14:54:00Z,UPI,False,
BANK-TXN-00004010,ACCOUNT-000530,ACCOUNT-000938,5000,2026-08-13T05:27:00Z,UPI,False,
BANK-TXN-00004011,ACCOUNT-001213,ACCOUNT-001635,76000,2026-06-14T13:52:00Z,NEFT,False,
BANK-TXN-00004012,ACCOUNT-000435,ACCOUNT-001914,83000,2026-07-24T00:13:00Z,UPI,False,
BANK-TXN-00004013,ACCOUNT-000773,ACCOUNT-001058,81200,2026-07-04T12:23:00Z,IMPS,False,
BANK-TXN-00004014,ACCOUNT-000936,ACCOUNT-000034,2800,2026-07-07T07:31:00Z,IMPS,False,
BANK-TXN-00004015,ACCOUNT-000175,ACCOUNT-001734,600,2026-07-26T09:02:00Z,UPI,False,
BANK-TXN-00004016,ACCOUNT-001554,ACCOUNT-000441,27600,2026-06-22T15:15:00Z,UPI,False,
BANK-TXN-00004017,ACCOUNT-000984,ACCOUNT-001699,10000,2026-07-14T12:14:00Z,IMPS,False,
BANK-TXN-00004018,ACCOUNT-000157,ACCOUNT-001112,2500,2026-06-25T12:59:00Z,UPI,False,
BANK-TXN-00004019,ACCOUNT-000600,ACCOUNT-000535,6300,2026-06-17T03:17:00Z,UPI,False,
BANK-TXN-00004020,ACCOUNT-000425,ACCOUNT-000754,76400,2026-06-11T03:33:00Z,UPI,False,
BANK-TXN-00004021,ACCOUNT-001809,ACCOUNT-001898,4200,2026-07-24T14:02:00Z,UPI,False,
BANK-TXN-00004022,ACCOUNT-000838,ACCOUNT-000837,33700,2026-06-16T06:46:00Z,UPI,False,
BANK-TXN-00004023,ACCOUNT-000278,ACCOUNT-001690,72200,2026-07-26T03:10:00Z,UPI,False,
BANK-TXN-00004024,ACCOUNT-001703,ACCOUNT-001440,21400,2026-06-21T09:03:00Z,UPI,False,
BANK-TXN-00004025,ACCOUNT-000069,ACCOUNT-001730,8400,2026-08-12T14:05:00Z,UPI,False,
BANK-TXN-00004026,ACCOUNT-001446,ACCOUNT-001005,47300,2026-07-05T06:12:00Z,NEFT,False,
BANK-TXN-00004027,ACCOUNT-001054,ACCOUNT-001618,8300,2026-08-19T08:12:00Z,IMPS,False,
BANK-TXN-00004028,ACCOUNT-001174,ACCOUNT-000501,4300,2026-07-07T04:05:00Z,UPI,False,
BANK-TXN-00004029,ACCOUNT-000662,ACCOUNT-001049,200,2026-07-15T16:14:00Z,IMPS,False,
BANK-TXN-00004030,ACCOUNT-001742,ACCOUNT-001565,40300,2026-08-10T12:24:00Z,UPI,False,
BANK-TXN-00004031,ACCOUNT-001652,ACCOUNT-001251,22800,2026-06-06T16:12:00Z,NEFT,False,
BANK-TXN-00004032,ACCOUNT-000302,ACCOUNT-001857,44400,2026-06-27T11:27:00Z,UPI,False,
BANK-TXN-00004033,ACCOUNT-001826,ACCOUNT-000443,1300,2026-07-10T14:51:00Z,IMPS,False,
BANK-TXN-00004034,ACCOUNT-000442,ACCOUNT-000520,63200,2026-07-21T07:47:00Z,UPI,False,
BANK-TXN-00004035,ACCOUNT-001600,ACCOUNT-001225,6400,2026-07-11T06:15:00Z,UPI,False,
BANK-TXN-00004036,ACCOUNT-000148,ACCOUNT-001381,42300,2026-08-09T16:37:00Z,UPI,False,
BANK-TXN-00004037,ACCOUNT-000977,ACCOUNT-001463,2900,2026-08-22T12:46:00Z,UPI,False,
BANK-TXN-00004038,ACCOUNT-001775,ACCOUNT-000732,9300,2026-06-30T11:33:00Z,UPI,False,
BANK-TXN-00004039,ACCOUNT-000279,ACCOUNT-000795,66000,2026-07-28T02:32:00Z,IMPS,False,
BANK-TXN-00004040,ACCOUNT-001044,ACCOUNT-001258,45800,2026-06-19T02:22:00Z,UPI,False,
BANK-TXN-00004041,ACCOUNT-001605,ACCOUNT-001016,16100,2026-07-12T09:17:00Z,NEFT,False,
BANK-TXN-00004042,ACCOUNT-001719,ACCOUNT-001029,7800,2026-07-17T17:38:00Z,IMPS,False,
BANK-TXN-00004043,ACCOUNT-001613,ACCOUNT-000520,8000,2026-08-25T01:10:00Z,UPI,False,
BANK-TXN-00004044,ACCOUNT-000860,ACCOUNT-001142,5100,2026-06-29T15:44:00Z,RTGS,False,
BANK-TXN-00004045,ACCOUNT-000984,ACCOUNT-000863,72700,2026-06-30T13:41:00Z,UPI,False,
BANK-TXN-00004046,ACCOUNT-000611,ACCOUNT-000181,9100,2026-08-19T14:30:00Z,IMPS,False,
BANK-TXN-00004047,ACCOUNT-000122,ACCOUNT-001274,3700,2026-06-14T20:58:00Z,NEFT,False,
BANK-TXN-00004048,ACCOUNT-001513,ACCOUNT-000069,57600,2026-07-07T13:38:00Z,UPI,False,
BANK-TXN-00004049,ACCOUNT-000595,ACCOUNT-001480,20800,2026-07-26T13:27:00Z,UPI,False,
BANK-TXN-00004050,ACCOUNT-000701,ACCOUNT-000370,36000,2026-08-03T04:52:00Z,RTGS,False,
BANK-TXN-00004051,ACCOUNT-001293,ACCOUNT-001400,1700,2026-06-04T06:05:00Z,UPI,False,
BANK-TXN-00004052,ACCOUNT-001752,ACCOUNT-001169,6900,2026-08-18T20:13:00Z,IMPS,False,
BANK-TXN-00004053,ACCOUNT-001544,ACCOUNT-001364,3900,2026-07-13T05:56:00Z,IMPS,False,
BANK-TXN-00004054,ACCOUNT-001225,ACCOUNT-001028,12000,2026-06-17T09:35:00Z,UPI,False,
BANK-TXN-00004055,ACCOUNT-000209,ACCOUNT-001399,45100,2026-07-19T11:13:00Z,NEFT,False,
BANK-TXN-00004056,ACCOUNT-000823,ACCOUNT-000874,36400,2026-08-19T14:41:00Z,UPI,False,
BANK-TXN-00004057,ACCOUNT-000191,ACCOUNT-001046,74900,2026-06-07T06:34:00Z,IMPS,False,
BANK-TXN-00004058,ACCOUNT-000575,ACCOUNT-001476,42100,2026-06-30T07:34:00Z,IMPS,False,
BANK-TXN-00004059,ACCOUNT-001602,ACCOUNT-001708,50800,2026-07-10T10:51:00Z,IMPS,False,
BANK-TXN-00004060,ACCOUNT-001459,ACCOUNT-000273,69100,2026-07-12T12:22:00Z,UPI,False,
BANK-TXN-00004061,ACCOUNT-001315,ACCOUNT-001268,9400,2026-08-20T15:50:00Z,UPI,False,
BANK-TXN-00004062,ACCOUNT-001496,ACCOUNT-000370,48200,2026-06-16T07:29:00Z,UPI,False,
BANK-TXN-00004063,ACCOUNT-000036,ACCOUNT-000647,8900,2026-07-24T04:17:00Z,UPI,False,
BANK-TXN-00004064,ACCOUNT-000358,ACCOUNT-001874,11700,2026-08-09T20:57:00Z,UPI,False,
BANK-TXN-00004065,ACCOUNT-000181,ACCOUNT-001090,32800,2026-07-10T13:41:00Z,UPI,False,
BANK-TXN-00004066,ACCOUNT-000499,ACCOUNT-000437,21600,2026-06-19T09:55:00Z,IMPS,False,
BANK-TXN-00004067,ACCOUNT-001025,ACCOUNT-000696,13200,2026-08-07T15:41:00Z,UPI,False,
BANK-TXN-00004068,ACCOUNT-000671,ACCOUNT-001241,9600,2026-07-26T15:59:00Z,UPI,False,
BANK-TXN-00004069,ACCOUNT-001034,ACCOUNT-000985,3500,2026-06-07T16:38:00Z,NEFT,False,
BANK-TXN-00004070,ACCOUNT-001397,ACCOUNT-001433,37200,2026-07-07T12:01:00Z,UPI,False,
BANK-TXN-00004071,ACCOUNT-000418,ACCOUNT-000185,84500,2026-08-02T02:56:00Z,UPI,False,
BANK-TXN-00004072,ACCOUNT-000290,ACCOUNT-000728,44700,2026-06-24T13:43:00Z,UPI,False,
BANK-TXN-00004073,ACCOUNT-001669,ACCOUNT-000161,89700,2026-07-15T16:21:00Z,UPI,False,
BANK-TXN-00004074,ACCOUNT-001307,ACCOUNT-000344,66700,2026-06-01T17:25:00Z,UPI,False,
BANK-TXN-00004075,ACCOUNT-001276,ACCOUNT-001653,65500,2026-06-10T20:24:00Z,IMPS,False,
BANK-TXN-00004076,ACCOUNT-001388,ACCOUNT-001626,33400,2026-08-19T02:25:00Z,UPI,False,
BANK-TXN-00004077,ACCOUNT-001063,ACCOUNT-001720,59100,2026-08-14T13:38:00Z,UPI,False,
BANK-TXN-00004078,ACCOUNT-000421,ACCOUNT-001931,89000,2026-08-16T09:41:00Z,RTGS,False,
BANK-TXN-00004079,ACCOUNT-000188,ACCOUNT-001122,53300,2026-08-23T07:48:00Z,NEFT,False,
BANK-TXN-00004080,ACCOUNT-001774,ACCOUNT-000789,91800,2026-08-04T15:15:00Z,UPI,False,
BANK-TXN-00004081,ACCOUNT-001874,ACCOUNT-000322,24700,2026-08-15T07:04:00Z,UPI,False,
BANK-TXN-00004082,ACCOUNT-001723,ACCOUNT-000496,1200,2026-08-22T04:13:00Z,UPI,False,
BANK-TXN-00004083,ACCOUNT-000644,ACCOUNT-000317,600,2026-06-29T03:42:00Z,UPI,False,
BANK-TXN-00004084,ACCOUNT-000823,ACCOUNT-000181,19200,2026-08-03T15:39:00Z,UPI,False,
BANK-TXN-00004085,ACCOUNT-000111,ACCOUNT-001951,5300,2026-08-20T14:58:00Z,NEFT,False,
BANK-TXN-00004086,ACCOUNT-000608,ACCOUNT-000022,400,2026-07-02T12:55:00Z,IMPS,False,
BANK-TXN-00004087,ACCOUNT-001819,ACCOUNT-001517,18000,2026-07-07T13:25:00Z,UPI,False,
BANK-TXN-00004088,ACCOUNT-000834,ACCOUNT-001519,18300,2026-07-04T15:09:00Z,RTGS,False,
BANK-TXN-00004089,ACCOUNT-000622,ACCOUNT-000246,80200,2026-06-18T06:49:00Z,UPI,False,
BANK-TXN-00004090,ACCOUNT-000833,ACCOUNT-001923,18700,2026-06-11T04:22:00Z,UPI,False,
BANK-TXN-00004091,ACCOUNT-000854,ACCOUNT-000629,200,2026-06-02T19:21:00Z,UPI,False,
BANK-TXN-00004092,ACCOUNT-000215,ACCOUNT-001880,42600,2026-06-01T06:19:00Z,IMPS,False,
BANK-TXN-00004093,ACCOUNT-000036,ACCOUNT-000121,6000,2026-05-31T07:20:00Z,IMPS,False,
BANK-TXN-00004094,ACCOUNT-000275,ACCOUNT-001639,46100,2026-08-13T12:51:00Z,UPI,False,
BANK-TXN-00004095,ACCOUNT-000258,ACCOUNT-000312,34100,2026-06-02T19:09:00Z,NEFT,False,
BANK-TXN-00004096,ACCOUNT-000824,ACCOUNT-000350,79100,2026-06-06T06:07:00Z,IMPS,False,
BANK-TXN-00004097,ACCOUNT-000300,ACCOUNT-000063,39600,2026-06-22T16:43:00Z,IMPS,False,
BANK-TXN-00004098,ACCOUNT-001451,ACCOUNT-000177,5800,2026-08-28T23:24:00Z,IMPS,False,
BANK-TXN-00004099,ACCOUNT-001299,ACCOUNT-001298,8500,2026-06-08T13:52:00Z,IMPS,False,
BANK-TXN-00004100,ACCOUNT-000101,ACCOUNT-001441,4200,2026-08-03T17:59:00Z,IMPS,False,
BANK-TXN-00004101,ACCOUNT-001870,ACCOUNT-001732,43800,2026-07-25T10:21:00Z,UPI,False,
BANK-TXN-00004102,ACCOUNT-001649,ACCOUNT-000392,8900,2026-06-18T11:53:00Z,UPI,False,
BANK-TXN-00004103,ACCOUNT-000605,ACCOUNT-000686,2200,2026-08-05T03:09:00Z,IMPS,False,
BANK-TXN-00004104,ACCOUNT-001049,ACCOUNT-001812,9000,2026-06-07T22:01:00Z,NEFT,False,
BANK-TXN-00004105,ACCOUNT-000819,ACCOUNT-000033,1200,2026-07-11T21:25:00Z,IMPS,False,
BANK-TXN-00004106,ACCOUNT-001704,ACCOUNT-000373,17600,2026-07-26T23:10:00Z,NEFT,False,
BANK-TXN-00004107,ACCOUNT-000540,ACCOUNT-000924,11000,2026-07-08T07:22:00Z,IMPS,False,
BANK-TXN-00004108,ACCOUNT-000048,ACCOUNT-000527,75800,2026-08-18T08:14:00Z,UPI,False,
BANK-TXN-00004109,ACCOUNT-000804,ACCOUNT-001409,33400,2026-07-26T16:54:00Z,IMPS,False,
BANK-TXN-00004110,ACCOUNT-000726,ACCOUNT-000884,38500,2026-08-11T16:25:00Z,UPI,False,
BANK-TXN-00004111,ACCOUNT-001046,ACCOUNT-000907,81900,2026-07-11T13:16:00Z,NEFT,False,
BANK-TXN-00004112,ACCOUNT-000152,ACCOUNT-000422,41500,2026-07-10T08:57:00Z,UPI,False,
BANK-TXN-00004113,ACCOUNT-001900,ACCOUNT-000283,4700,2026-06-14T22:55:00Z,NEFT,False,
BANK-TXN-00004114,ACCOUNT-001139,ACCOUNT-000783,64100,2026-08-27T02:30:00Z,IMPS,False,
BANK-TXN-00004115,ACCOUNT-000916,ACCOUNT-001849,1400,2026-08-18T06:21:00Z,UPI,False,
BANK-TXN-00004116,ACCOUNT-000425,ACCOUNT-000675,23300,2026-08-13T06:14:00Z,IMPS,False,
BANK-TXN-00004117,ACCOUNT-001568,ACCOUNT-000661,64800,2026-07-28T10:15:00Z,UPI,False,
BANK-TXN-00004118,ACCOUNT-001207,ACCOUNT-001457,87400,2026-08-13T15:09:00Z,UPI,False,
BANK-TXN-00004119,ACCOUNT-000741,ACCOUNT-000478,8700,2026-07-20T12:25:00Z,UPI,False,
BANK-TXN-00004120,ACCOUNT-000191,ACCOUNT-001507,3700,2026-07-07T11:20:00Z,UPI,False,
BANK-TXN-00004121,ACCOUNT-000453,ACCOUNT-000259,3600,2026-06-05T07:29:00Z,UPI,False,
BANK-TXN-00004122,ACCOUNT-001046,ACCOUNT-001555,88300,2026-06-23T12:20:00Z,IMPS,False,
BANK-TXN-00004123,ACCOUNT-001710,ACCOUNT-001638,8700,2026-07-17T13:18:00Z,NEFT,False,
BANK-TXN-00004124,ACCOUNT-000753,ACCOUNT-001586,6000,2026-06-05T02:26:00Z,UPI,False,
BANK-TXN-00004125,ACCOUNT-000338,ACCOUNT-001469,3400,2026-06-21T03:12:00Z,UPI,False,
BANK-TXN-00004126,ACCOUNT-000503,ACCOUNT-000765,76300,2026-08-02T21:03:00Z,UPI,False,
BANK-TXN-00004127,ACCOUNT-001097,ACCOUNT-001490,37400,2026-07-21T07:07:00Z,NEFT,False,
BANK-TXN-00004128,ACCOUNT-001309,ACCOUNT-001015,18200,2026-06-25T23:35:00Z,NEFT,False,
BANK-TXN-00004129,ACCOUNT-000449,ACCOUNT-000983,24700,2026-07-25T07:24:00Z,UPI,False,
BANK-TXN-00004130,ACCOUNT-000301,ACCOUNT-000163,3100,2026-07-30T13:48:00Z,UPI,False,
BANK-TXN-00004131,ACCOUNT-000706,ACCOUNT-001401,85800,2026-07-17T09:50:00Z,IMPS,False,
BANK-TXN-00004132,ACCOUNT-000563,ACCOUNT-001101,4600,2026-07-01T01:55:00Z,IMPS,False,
BANK-TXN-00004133,ACCOUNT-001079,ACCOUNT-000791,7700,2026-06-02T03:01:00Z,UPI,False,
BANK-TXN-00004134,ACCOUNT-001558,ACCOUNT-000247,75200,2026-06-06T17:21:00Z,UPI,False,
BANK-TXN-00004135,ACCOUNT-000686,ACCOUNT-000459,11800,2026-07-25T09:38:00Z,IMPS,False,
BANK-TXN-00004136,ACCOUNT-001595,ACCOUNT-001314,70600,2026-07-04T14:53:00Z,UPI,False,
BANK-TXN-00004137,ACCOUNT-001227,ACCOUNT-000875,3700,2026-07-29T03:00:00Z,RTGS,False,
BANK-TXN-00004138,ACCOUNT-000719,ACCOUNT-001509,2600,2026-06-25T05:57:00Z,IMPS,False,
BANK-TXN-00004139,ACCOUNT-001715,ACCOUNT-000078,74300,2026-08-18T06:40:00Z,IMPS,False,
BANK-TXN-00004140,ACCOUNT-000318,ACCOUNT-000354,23800,2026-07-24T17:27:00Z,IMPS,False,
BANK-TXN-00004141,ACCOUNT-000441,ACCOUNT-000626,35500,2026-06-05T09:30:00Z,IMPS,False,
BANK-TXN-00004142,ACCOUNT-001163,ACCOUNT-001288,600,2026-06-23T06:33:00Z,NEFT,False,
BANK-TXN-00004143,ACCOUNT-001791,ACCOUNT-001037,6200,2026-08-24T15:10:00Z,NEFT,False,
BANK-TXN-00004144,ACCOUNT-001134,ACCOUNT-000011,7800,2026-08-19T04:39:00Z,IMPS,False,
BANK-TXN-00004145,ACCOUNT-000768,ACCOUNT-001628,27600,2026-06-22T12:13:00Z,NEFT,False,
BANK-TXN-00004146,ACCOUNT-000669,ACCOUNT-000535,16200,2026-07-25T12:59:00Z,IMPS,False,
BANK-TXN-00004147,ACCOUNT-001828,ACCOUNT-000805,46900,2026-08-23T09:33:00Z,UPI,False,
BANK-TXN-00004148,ACCOUNT-001532,ACCOUNT-001689,28400,2026-07-08T08:52:00Z,UPI,False,
BANK-TXN-00004149,ACCOUNT-000682,ACCOUNT-001535,24600,2026-08-02T13:16:00Z,UPI,False,
BANK-TXN-00004150,ACCOUNT-001228,ACCOUNT-001415,20400,2026-08-09T07:08:00Z,UPI,False,
BANK-TXN-00004151,ACCOUNT-001284,ACCOUNT-001896,11000,2026-06-02T17:28:00Z,UPI,False,
BANK-TXN-00004152,ACCOUNT-000176,ACCOUNT-001802,8500,2026-07-14T01:14:00Z,UPI,False,
BANK-TXN-00004153,ACCOUNT-000041,ACCOUNT-001380,24000,2026-06-26T11:05:00Z,UPI,False,
BANK-TXN-00004154,ACCOUNT-001873,ACCOUNT-000326,8800,2026-07-10T16:44:00Z,UPI,False,
BANK-TXN-00004155,ACCOUNT-000979,ACCOUNT-001314,25000,2026-06-24T15:13:00Z,UPI,False,
BANK-TXN-00004156,ACCOUNT-001249,ACCOUNT-001591,12100,2026-08-26T04:07:00Z,IMPS,False,
BANK-TXN-00004157,ACCOUNT-001831,ACCOUNT-001153,75800,2026-05-31T09:54:00Z,UPI,False,
BANK-TXN-00004158,ACCOUNT-000990,ACCOUNT-000768,17600,2026-07-12T20:24:00Z,UPI,False,
BANK-TXN-00004159,ACCOUNT-000629,ACCOUNT-001238,2800,2026-08-07T14:17:00Z,NEFT,False,
BANK-TXN-00004160,ACCOUNT-001270,ACCOUNT-001109,8300,2026-08-06T10:17:00Z,IMPS,False,
BANK-TXN-00004161,ACCOUNT-000689,ACCOUNT-001358,36100,2026-06-16T11:32:00Z,UPI,False,
BANK-TXN-00004162,ACCOUNT-001598,ACCOUNT-000654,2400,2026-06-15T03:30:00Z,UPI,False,
BANK-TXN-00004163,ACCOUNT-001486,ACCOUNT-001255,9000,2026-07-26T08:15:00Z,NEFT,False,
BANK-TXN-00004164,ACCOUNT-000456,ACCOUNT-001569,27600,2026-07-04T10:18:00Z,UPI,False,
BANK-TXN-00004165,ACCOUNT-000841,ACCOUNT-001640,3800,2026-06-17T16:51:00Z,UPI,False,
BANK-TXN-00004166,ACCOUNT-001255,ACCOUNT-001759,6900,2026-08-22T11:16:00Z,NEFT,False,
BANK-TXN-00004167,ACCOUNT-000709,ACCOUNT-000432,400,2026-07-13T09:31:00Z,IMPS,False,
BANK-TXN-00004168,ACCOUNT-000225,ACCOUNT-000253,46900,2026-07-17T08:31:00Z,UPI,False,
BANK-TXN-00004169,ACCOUNT-000590,ACCOUNT-001259,23700,2026-07-26T15:56:00Z,UPI,False,
BANK-TXN-00004170,ACCOUNT-000355,ACCOUNT-000722,20200,2026-07-13T11:28:00Z,UPI,False,
BANK-TXN-00004171,ACCOUNT-000458,ACCOUNT-000702,32900,2026-07-25T08:14:00Z,UPI,False,
BANK-TXN-00004172,ACCOUNT-001094,ACCOUNT-000674,84000,2026-06-06T13:47:00Z,UPI,False,
BANK-TXN-00004173,ACCOUNT-000487,ACCOUNT-001763,24100,2026-08-10T10:37:00Z,UPI,False,
BANK-TXN-00004174,ACCOUNT-001588,ACCOUNT-001381,22400,2026-06-15T06:07:00Z,IMPS,False,
BANK-TXN-00004175,ACCOUNT-000618,ACCOUNT-001706,4200,2026-06-27T13:28:00Z,UPI,False,
BANK-TXN-00004176,ACCOUNT-000091,ACCOUNT-000319,5000,2026-06-22T06:44:00Z,UPI,False,
BANK-TXN-00004177,ACCOUNT-000344,ACCOUNT-000489,21300,2026-08-01T06:19:00Z,UPI,False,
BANK-TXN-00004178,ACCOUNT-000038,ACCOUNT-000953,99900,2026-08-15T15:09:00Z,UPI,False,
BANK-TXN-00004179,ACCOUNT-001468,ACCOUNT-000197,75000,2026-07-27T07:29:00Z,IMPS,False,
BANK-TXN-00004180,ACCOUNT-001652,ACCOUNT-001681,3600,2026-06-01T15:42:00Z,UPI,False,
BANK-TXN-00004181,ACCOUNT-000655,ACCOUNT-001172,8100,2026-07-16T00:27:00Z,NEFT,False,
BANK-TXN-00004182,ACCOUNT-000764,ACCOUNT-001463,1300,2026-07-08T22:31:00Z,IMPS,False,
BANK-TXN-00004183,ACCOUNT-000796,ACCOUNT-000207,84700,2026-08-26T19:38:00Z,UPI,False,
BANK-TXN-00004184,ACCOUNT-001734,ACCOUNT-000081,36700,2026-08-15T12:58:00Z,IMPS,False,
BANK-TXN-00004185,ACCOUNT-001324,ACCOUNT-000553,42900,2026-06-16T22:26:00Z,IMPS,False,
BANK-TXN-00004186,ACCOUNT-001934,ACCOUNT-001084,48100,2026-07-19T14:54:00Z,IMPS,False,
BANK-TXN-00004187,ACCOUNT-000225,ACCOUNT-001535,9200,2026-07-13T09:11:00Z,UPI,False,
BANK-TXN-00004188,ACCOUNT-001621,ACCOUNT-001892,7200,2026-06-15T12:35:00Z,RTGS,False,
BANK-TXN-00004189,ACCOUNT-001620,ACCOUNT-000878,23400,2026-06-27T00:37:00Z,IMPS,False,
BANK-TXN-00004190,ACCOUNT-000094,ACCOUNT-001002,77500,2026-08-21T11:52:00Z,UPI,False,
BANK-TXN-00004191,ACCOUNT-001596,ACCOUNT-000175,4900,2026-08-01T15:38:00Z,UPI,False,
BANK-TXN-00004192,ACCOUNT-000015,ACCOUNT-000153,48300,2026-07-25T16:22:00Z,NEFT,False,
BANK-TXN-00004193,ACCOUNT-000338,ACCOUNT-001009,7700,2026-06-08T14:21:00Z,UPI,False,
BANK-TXN-00004194,ACCOUNT-001378,ACCOUNT-001891,71100,2026-07-31T14:15:00Z,UPI,False,
BANK-TXN-00004195,ACCOUNT-001680,ACCOUNT-001812,99300,2026-08-20T01:43:00Z,UPI,False,
BANK-TXN-00004196,ACCOUNT-001441,ACCOUNT-001573,42200,2026-06-04T23:57:00Z,IMPS,False,
BANK-TXN-00004197,ACCOUNT-001648,ACCOUNT-000746,91600,2026-06-09T12:37:00Z,UPI,False,
BANK-TXN-00004198,ACCOUNT-001689,ACCOUNT-000052,14600,2026-06-24T16:06:00Z,NEFT,False,
BANK-TXN-00004199,ACCOUNT-001371,ACCOUNT-000851,98400,2026-07-29T03:30:00Z,UPI,False,
BANK-TXN-00004200,ACCOUNT-001595,ACCOUNT-001639,69900,2026-08-20T17:28:00Z,UPI,False,
BANK-TXN-00004201,ACCOUNT-001195,ACCOUNT-000213,6200,2026-08-17T05:17:00Z,IMPS,False,
BANK-TXN-00004202,ACCOUNT-000341,ACCOUNT-000155,14000,2026-07-26T08:50:00Z,NEFT,False,
BANK-TXN-00004203,ACCOUNT-000170,ACCOUNT-001891,79000,2026-08-15T09:10:00Z,NEFT,False,
BANK-TXN-00004204,ACCOUNT-000301,ACCOUNT-001727,20000,2026-07-17T05:05:00Z,RTGS,False,
BANK-TXN-00004205,ACCOUNT-001554,ACCOUNT-000653,19600,2026-07-02T01:20:00Z,NEFT,False,
BANK-TXN-00004206,ACCOUNT-001434,ACCOUNT-000440,17100,2026-08-05T13:08:00Z,UPI,False,
BANK-TXN-00004207,ACCOUNT-000157,ACCOUNT-000225,84000,2026-06-23T18:11:00Z,NEFT,False,
BANK-TXN-00004208,ACCOUNT-001854,ACCOUNT-001426,29800,2026-07-16T19:36:00Z,UPI,False,
BANK-TXN-00004209,ACCOUNT-000038,ACCOUNT-001408,92200,2026-07-16T17:47:00Z,IMPS,False,
BANK-TXN-00004210,ACCOUNT-001106,ACCOUNT-000206,38100,2026-06-01T09:32:00Z,UPI,False,
BANK-TXN-00004211,ACCOUNT-000205,ACCOUNT-001100,19700,2026-07-24T04:55:00Z,IMPS,False,
BANK-TXN-00004212,ACCOUNT-000340,ACCOUNT-000058,6200,2026-08-19T15:27:00Z,UPI,False,
BANK-TXN-00004213,ACCOUNT-000547,ACCOUNT-000123,8400,2026-08-16T18:32:00Z,UPI,False,
BANK-TXN-00004214,ACCOUNT-000798,ACCOUNT-000024,48500,2026-08-03T23:30:00Z,UPI,False,
BANK-TXN-00004215,ACCOUNT-001860,ACCOUNT-000989,41900,2026-08-23T08:00:00Z,IMPS,False,
BANK-TXN-00004216,ACCOUNT-000892,ACCOUNT-000223,28600,2026-06-20T15:31:00Z,IMPS,False,
BANK-TXN-00004217,ACCOUNT-000765,ACCOUNT-000006,4100,2026-06-28T12:30:00Z,UPI,False,
BANK-TXN-00004218,ACCOUNT-000193,ACCOUNT-001022,93200,2026-08-10T21:26:00Z,UPI,False,
BANK-TXN-00004219,ACCOUNT-001149,ACCOUNT-000102,45800,2026-06-05T14:28:00Z,IMPS,False,
BANK-TXN-00004220,ACCOUNT-000092,ACCOUNT-000464,18400,2026-06-04T17:06:00Z,IMPS,False,
BANK-TXN-00004221,ACCOUNT-000526,ACCOUNT-001260,81300,2026-07-05T11:54:00Z,UPI,False,
BANK-TXN-00004222,ACCOUNT-000076,ACCOUNT-000662,2500,2026-06-02T06:22:00Z,IMPS,False,
BANK-TXN-00004223,ACCOUNT-000513,ACCOUNT-001631,41500,2026-06-17T22:24:00Z,UPI,False,
BANK-TXN-00004224,ACCOUNT-000612,ACCOUNT-000268,73000,2026-07-16T05:53:00Z,IMPS,False,
BANK-TXN-00004225,ACCOUNT-000253,ACCOUNT-001132,79300,2026-08-20T06:37:00Z,UPI,False,
BANK-TXN-00004226,ACCOUNT-000814,ACCOUNT-001116,3000,2026-08-10T09:31:00Z,UPI,False,
BANK-TXN-00004227,ACCOUNT-000242,ACCOUNT-000681,43600,2026-07-28T20:45:00Z,UPI,False,
BANK-TXN-00004228,ACCOUNT-001792,ACCOUNT-000699,6100,2026-08-07T13:00:00Z,UPI,False,
BANK-TXN-00004229,ACCOUNT-001171,ACCOUNT-001506,34300,2026-08-25T10:28:00Z,IMPS,False,
BANK-TXN-00004230,ACCOUNT-001054,ACCOUNT-000022,61800,2026-08-10T04:01:00Z,UPI,False,
BANK-TXN-00004231,ACCOUNT-000754,ACCOUNT-001117,14900,2026-07-30T06:08:00Z,IMPS,False,
BANK-TXN-00004232,ACCOUNT-001273,ACCOUNT-001309,31100,2026-08-18T23:37:00Z,NEFT,False,
BANK-TXN-00004233,ACCOUNT-000669,ACCOUNT-001744,19600,2026-08-18T11:39:00Z,IMPS,False,
BANK-TXN-00004234,ACCOUNT-001581,ACCOUNT-001414,9700,2026-07-15T17:04:00Z,UPI,False,
BANK-TXN-00004235,ACCOUNT-000097,ACCOUNT-001859,6200,2026-08-17T17:26:00Z,UPI,False,
BANK-TXN-00004236,ACCOUNT-000677,ACCOUNT-000753,39400,2026-06-24T01:23:00Z,IMPS,False,
BANK-TXN-00004237,ACCOUNT-001909,ACCOUNT-000452,73200,2026-07-16T05:05:00Z,UPI,False,
BANK-TXN-00004238,ACCOUNT-001903,ACCOUNT-001010,1300,2026-08-18T04:16:00Z,UPI,False,
BANK-TXN-00004239,ACCOUNT-000842,ACCOUNT-001025,65500,2026-07-02T02:03:00Z,UPI,False,
BANK-TXN-00004240,ACCOUNT-000520,ACCOUNT-001864,2600,2026-05-31T13:39:00Z,UPI,False,
BANK-TXN-00004241,ACCOUNT-001658,ACCOUNT-000475,15300,2026-06-08T08:23:00Z,UPI,False,
BANK-TXN-00004242,ACCOUNT-000789,ACCOUNT-001145,44500,2026-07-26T17:25:00Z,NEFT,False,
BANK-TXN-00004243,ACCOUNT-000937,ACCOUNT-000952,2500,2026-06-04T12:57:00Z,UPI,False,
BANK-TXN-00004244,ACCOUNT-000636,ACCOUNT-000665,90900,2026-06-06T04:01:00Z,IMPS,False,
BANK-TXN-00004245,ACCOUNT-001386,ACCOUNT-001301,4100,2026-06-04T04:07:00Z,IMPS,False,
BANK-TXN-00004246,ACCOUNT-001558,ACCOUNT-000485,24800,2026-08-23T15:49:00Z,IMPS,False,
BANK-TXN-00004247,ACCOUNT-001533,ACCOUNT-001698,47900,2026-07-02T14:12:00Z,RTGS,False,
BANK-TXN-00004248,ACCOUNT-001779,ACCOUNT-000697,64300,2026-08-14T06:41:00Z,NEFT,False,
BANK-TXN-00004249,ACCOUNT-001759,ACCOUNT-000089,43500,2026-06-14T14:05:00Z,NEFT,False,
BANK-TXN-00004250,ACCOUNT-001728,ACCOUNT-000240,25500,2026-06-20T19:38:00Z,NEFT,False,
BANK-TXN-00004251,ACCOUNT-001731,ACCOUNT-000593,89900,2026-08-08T11:31:00Z,NEFT,False,
BANK-TXN-00004252,ACCOUNT-001825,ACCOUNT-001924,22200,2026-07-13T05:15:00Z,UPI,False,
BANK-TXN-00004253,ACCOUNT-000241,ACCOUNT-000216,35000,2026-08-15T21:24:00Z,UPI,False,
BANK-TXN-00004254,ACCOUNT-000921,ACCOUNT-000742,33700,2026-07-22T08:38:00Z,UPI,False,
BANK-TXN-00004255,ACCOUNT-001049,ACCOUNT-001158,60700,2026-07-01T17:36:00Z,UPI,False,
BANK-TXN-00004256,ACCOUNT-000692,ACCOUNT-000550,50500,2026-06-02T22:47:00Z,IMPS,False,
BANK-TXN-00004257,ACCOUNT-000529,ACCOUNT-001404,25200,2026-07-11T10:38:00Z,NEFT,False,
BANK-TXN-00004258,ACCOUNT-000777,ACCOUNT-001482,26700,2026-06-14T07:49:00Z,UPI,False,
BANK-TXN-00004259,ACCOUNT-000271,ACCOUNT-001908,4000,2026-07-07T06:30:00Z,IMPS,False,
BANK-TXN-00004260,ACCOUNT-000907,ACCOUNT-001809,69100,2026-07-03T03:32:00Z,UPI,False,
BANK-TXN-00004261,ACCOUNT-001551,ACCOUNT-001340,28600,2026-08-02T09:03:00Z,UPI,False,
BANK-TXN-00004262,ACCOUNT-001018,ACCOUNT-000960,26700,2026-06-14T16:13:00Z,IMPS,False,
BANK-TXN-00004263,ACCOUNT-000175,ACCOUNT-000113,900,2026-07-03T06:38:00Z,IMPS,False,
BANK-TXN-00004264,ACCOUNT-000860,ACCOUNT-000354,38800,2026-08-05T08:58:00Z,RTGS,False,
BANK-TXN-00004265,ACCOUNT-001338,ACCOUNT-001877,6200,2026-08-07T14:50:00Z,IMPS,False,
BANK-TXN-00004266,ACCOUNT-001590,ACCOUNT-000496,80100,2026-08-22T06:47:00Z,NEFT,False,
BANK-TXN-00004267,ACCOUNT-000517,ACCOUNT-000574,2500,2026-07-11T22:35:00Z,IMPS,False,
BANK-TXN-00004268,ACCOUNT-000530,ACCOUNT-001450,40600,2026-07-30T08:00:00Z,UPI,False,
BANK-TXN-00004269,ACCOUNT-000268,ACCOUNT-000391,33200,2026-07-16T12:04:00Z,IMPS,False,
BANK-TXN-00004270,ACCOUNT-001227,ACCOUNT-000626,8000,2026-08-17T17:39:00Z,IMPS,False,
BANK-TXN-00004271,ACCOUNT-000100,ACCOUNT-000068,23500,2026-07-11T04:44:00Z,NEFT,False,
BANK-TXN-00004272,ACCOUNT-001139,ACCOUNT-000689,16200,2026-07-23T10:11:00Z,UPI,False,
BANK-TXN-00004273,ACCOUNT-001186,ACCOUNT-001294,7300,2026-06-23T06:44:00Z,UPI,False,
BANK-TXN-00004274,ACCOUNT-000637,ACCOUNT-001853,16300,2026-08-10T11:00:00Z,RTGS,False,
BANK-TXN-00004275,ACCOUNT-000841,ACCOUNT-001557,10700,2026-07-21T01:37:00Z,UPI,False,
BANK-TXN-00004276,ACCOUNT-001761,ACCOUNT-001949,38900,2026-07-05T10:20:00Z,UPI,False,
BANK-TXN-00004277,ACCOUNT-001391,ACCOUNT-000370,6000,2026-08-23T15:23:00Z,UPI,False,
BANK-TXN-00004278,ACCOUNT-001819,ACCOUNT-000154,4000,2026-06-28T22:03:00Z,RTGS,False,
BANK-TXN-00004279,ACCOUNT-001851,ACCOUNT-000668,8700,2026-06-18T12:34:00Z,IMPS,False,
BANK-TXN-00004280,ACCOUNT-001356,ACCOUNT-000270,89700,2026-06-20T05:24:00Z,UPI,False,
BANK-TXN-00004281,ACCOUNT-001884,ACCOUNT-001814,1700,2026-06-23T11:08:00Z,NEFT,False,
BANK-TXN-00004282,ACCOUNT-001650,ACCOUNT-000635,8600,2026-06-17T13:34:00Z,NEFT,False,
BANK-TXN-00004283,ACCOUNT-000971,ACCOUNT-001876,12900,2026-06-04T09:41:00Z,UPI,False,
BANK-TXN-00004284,ACCOUNT-000481,ACCOUNT-000399,3100,2026-08-05T10:28:00Z,UPI,False,
BANK-TXN-00004285,ACCOUNT-000664,ACCOUNT-000161,32900,2026-05-31T21:27:00Z,UPI,False,
BANK-TXN-00004286,ACCOUNT-000163,ACCOUNT-000308,600,2026-08-26T17:50:00Z,IMPS,False,
BANK-TXN-00004287,ACCOUNT-001002,ACCOUNT-000740,2600,2026-07-21T13:43:00Z,UPI,False,
BANK-TXN-00004288,ACCOUNT-001021,ACCOUNT-001269,400,2026-08-11T08:16:00Z,NEFT,False,
BANK-TXN-00004289,ACCOUNT-000552,ACCOUNT-000832,10400,2026-07-06T17:31:00Z,IMPS,False,
BANK-TXN-00004290,ACCOUNT-000729,ACCOUNT-000351,31400,2026-07-08T07:24:00Z,UPI,False,
BANK-TXN-00004291,ACCOUNT-001691,ACCOUNT-000105,3100,2026-07-30T04:35:00Z,UPI,False,
BANK-TXN-00004292,ACCOUNT-001571,ACCOUNT-000700,6200,2026-07-22T07:01:00Z,UPI,False,
BANK-TXN-00004293,ACCOUNT-000763,ACCOUNT-001040,61000,2026-06-26T17:45:00Z,UPI,False,
BANK-TXN-00004294,ACCOUNT-001449,ACCOUNT-001320,1700,2026-08-27T12:10:00Z,UPI,False,
BANK-TXN-00004295,ACCOUNT-001218,ACCOUNT-000315,1800,2026-07-30T17:29:00Z,IMPS,False,
BANK-TXN-00004296,ACCOUNT-001089,ACCOUNT-000701,25100,2026-06-25T07:21:00Z,UPI,False,
BANK-TXN-00004297,ACCOUNT-000091,ACCOUNT-001480,93300,2026-08-15T10:29:00Z,RTGS,False,
BANK-TXN-00004298,ACCOUNT-001371,ACCOUNT-000271,3700,2026-08-25T09:38:00Z,UPI,False,
BANK-TXN-00004299,ACCOUNT-000245,ACCOUNT-001738,13200,2026-06-18T17:14:00Z,UPI,False,
BANK-TXN-00004300,ACCOUNT-001444,ACCOUNT-000306,24700,2026-06-17T13:00:00Z,IMPS,False,
BANK-TXN-00004301,ACCOUNT-000405,ACCOUNT-001545,8700,2026-06-28T09:28:00Z,NEFT,False,
BANK-TXN-00004302,ACCOUNT-000704,ACCOUNT-001097,13100,2026-06-09T02:02:00Z,UPI,False,
BANK-TXN-00004303,ACCOUNT-001726,ACCOUNT-000433,14200,2026-06-12T08:55:00Z,RTGS,False,
BANK-TXN-00004304,ACCOUNT-001852,ACCOUNT-001613,32700,2026-06-30T14:01:00Z,IMPS,False,
BANK-TXN-00004305,ACCOUNT-000227,ACCOUNT-001622,91500,2026-07-20T02:41:00Z,UPI,False,
BANK-TXN-00004306,ACCOUNT-000488,ACCOUNT-001194,12000,2026-07-07T17:52:00Z,UPI,False,
BANK-TXN-00004307,ACCOUNT-001118,ACCOUNT-000487,98700,2026-06-01T20:41:00Z,RTGS,False,
BANK-TXN-00004308,ACCOUNT-001622,ACCOUNT-001874,43100,2026-06-29T07:45:00Z,IMPS,False,
BANK-TXN-00004309,ACCOUNT-000984,ACCOUNT-000352,15000,2026-07-26T14:20:00Z,IMPS,False,
BANK-TXN-00004310,ACCOUNT-000702,ACCOUNT-001762,75300,2026-07-21T09:31:00Z,UPI,False,
BANK-TXN-00004311,ACCOUNT-001776,ACCOUNT-000771,44200,2026-07-13T11:39:00Z,IMPS,False,
BANK-TXN-00004312,ACCOUNT-000630,ACCOUNT-000457,1100,2026-06-23T04:19:00Z,IMPS,False,
BANK-TXN-00004313,ACCOUNT-001171,ACCOUNT-000097,4200,2026-07-31T15:26:00Z,UPI,False,
BANK-TXN-00004314,ACCOUNT-000601,ACCOUNT-000965,4700,2026-06-15T04:57:00Z,UPI,False,
BANK-TXN-00004315,ACCOUNT-000588,ACCOUNT-000020,22300,2026-06-13T20:16:00Z,UPI,False,
BANK-TXN-00004316,ACCOUNT-000851,ACCOUNT-000262,42700,2026-07-23T03:35:00Z,IMPS,False,
BANK-TXN-00004317,ACCOUNT-001422,ACCOUNT-001707,57800,2026-08-11T17:44:00Z,NEFT,False,
BANK-TXN-00004318,ACCOUNT-000453,ACCOUNT-000845,4600,2026-06-13T15:22:00Z,RTGS,False,
BANK-TXN-00004319,ACCOUNT-001891,ACCOUNT-001701,4400,2026-06-09T01:02:00Z,UPI,False,
BANK-TXN-00004320,ACCOUNT-000956,ACCOUNT-000496,29700,2026-08-15T01:53:00Z,NEFT,False,
BANK-TXN-00004321,ACCOUNT-000812,ACCOUNT-000637,20700,2026-08-20T15:05:00Z,IMPS,False,
BANK-TXN-00004322,ACCOUNT-001614,ACCOUNT-000027,13200,2026-08-27T08:27:00Z,NEFT,False,
BANK-TXN-00004323,ACCOUNT-001633,ACCOUNT-000457,87700,2026-08-01T01:21:00Z,UPI,False,
BANK-TXN-00004324,ACCOUNT-001641,ACCOUNT-000628,10000,2026-08-08T17:26:00Z,RTGS,False,
BANK-TXN-00004325,ACCOUNT-001326,ACCOUNT-001561,48300,2026-07-18T09:17:00Z,IMPS,False,
BANK-TXN-00004326,ACCOUNT-001613,ACCOUNT-000977,51000,2026-08-18T00:45:00Z,IMPS,False,
BANK-TXN-00004327,ACCOUNT-000341,ACCOUNT-000884,7500,2026-08-08T06:31:00Z,UPI,False,
BANK-TXN-00004328,ACCOUNT-000088,ACCOUNT-001474,3700,2026-08-03T17:24:00Z,UPI,False,
BANK-TXN-00004329,ACCOUNT-001303,ACCOUNT-000114,26700,2026-07-04T14:31:00Z,NEFT,False,
BANK-TXN-00004330,ACCOUNT-001321,ACCOUNT-000639,31300,2026-07-21T17:28:00Z,NEFT,False,
BANK-TXN-00004331,ACCOUNT-001446,ACCOUNT-000666,14500,2026-07-19T15:57:00Z,IMPS,False,
BANK-TXN-00004332,ACCOUNT-000256,ACCOUNT-000821,4800,2026-06-10T11:51:00Z,UPI,False,
BANK-TXN-00004333,ACCOUNT-001947,ACCOUNT-000745,60000,2026-07-25T01:46:00Z,UPI,False,
BANK-TXN-00004334,ACCOUNT-000474,ACCOUNT-001401,18100,2026-06-16T12:59:00Z,NEFT,False,
BANK-TXN-00004335,ACCOUNT-001515,ACCOUNT-001594,14400,2026-06-04T09:49:00Z,UPI,False,
BANK-TXN-00004336,ACCOUNT-001143,ACCOUNT-001422,8200,2026-07-31T14:48:00Z,UPI,False,
BANK-TXN-00004337,ACCOUNT-000454,ACCOUNT-000505,18700,2026-08-26T02:46:00Z,UPI,False,
BANK-TXN-00004338,ACCOUNT-001840,ACCOUNT-001717,7700,2026-06-03T16:49:00Z,UPI,False,
BANK-TXN-00004339,ACCOUNT-001731,ACCOUNT-000367,10500,2026-08-09T14:30:00Z,IMPS,False,
BANK-TXN-00004340,ACCOUNT-001104,ACCOUNT-000767,5300,2026-08-04T07:31:00Z,UPI,False,
BANK-TXN-00004341,ACCOUNT-000711,ACCOUNT-000092,900,2026-07-18T02:35:00Z,UPI,False,
BANK-TXN-00004342,ACCOUNT-000271,ACCOUNT-000669,2400,2026-08-16T05:29:00Z,NEFT,False,
BANK-TXN-00004343,ACCOUNT-000665,ACCOUNT-001095,11300,2026-06-26T21:23:00Z,UPI,False,
BANK-TXN-00004344,ACCOUNT-000312,ACCOUNT-001834,18700,2026-06-07T05:17:00Z,UPI,False,
BANK-TXN-00004345,ACCOUNT-000146,ACCOUNT-000162,12200,2026-06-14T09:37:00Z,UPI,False,
BANK-TXN-00004346,ACCOUNT-000477,ACCOUNT-001046,53800,2026-08-24T02:11:00Z,IMPS,False,
BANK-TXN-00004347,ACCOUNT-001730,ACCOUNT-000511,9600,2026-07-15T03:38:00Z,IMPS,False,
BANK-TXN-00004348,ACCOUNT-001252,ACCOUNT-000521,27800,2026-08-20T09:05:00Z,UPI,False,
BANK-TXN-00004349,ACCOUNT-001019,ACCOUNT-001758,36000,2026-07-19T13:53:00Z,IMPS,False,
BANK-TXN-00004350,ACCOUNT-000356,ACCOUNT-001055,31200,2026-06-09T08:43:00Z,UPI,False,
BANK-TXN-00004351,ACCOUNT-001606,ACCOUNT-000882,4300,2026-08-13T06:52:00Z,IMPS,False,
BANK-TXN-00004352,ACCOUNT-001099,ACCOUNT-001346,31000,2026-07-13T03:15:00Z,UPI,False,
BANK-TXN-00004353,ACCOUNT-000019,ACCOUNT-001790,11000,2026-08-28T11:56:00Z,UPI,False,
BANK-TXN-00004354,ACCOUNT-000113,ACCOUNT-000644,91400,2026-06-12T10:36:00Z,UPI,False,
BANK-TXN-00004355,ACCOUNT-001336,ACCOUNT-000861,2000,2026-06-13T12:04:00Z,UPI,False,
BANK-TXN-00004356,ACCOUNT-000442,ACCOUNT-001419,52100,2026-07-05T22:01:00Z,IMPS,False,
BANK-TXN-00004357,ACCOUNT-001215,ACCOUNT-000078,20600,2026-08-15T21:02:00Z,IMPS,False,
BANK-TXN-00004358,ACCOUNT-001740,ACCOUNT-000103,76800,2026-08-01T09:29:00Z,UPI,False,
BANK-TXN-00004359,ACCOUNT-000202,ACCOUNT-001102,41800,2026-06-13T16:43:00Z,UPI,False,
BANK-TXN-00004360,ACCOUNT-001922,ACCOUNT-000498,74200,2026-06-18T10:34:00Z,IMPS,False,
BANK-TXN-00004361,ACCOUNT-001503,ACCOUNT-000722,20700,2026-08-17T10:17:00Z,NEFT,False,
BANK-TXN-00004362,ACCOUNT-000094,ACCOUNT-000718,33500,2026-06-09T22:23:00Z,RTGS,False,
BANK-TXN-00004363,ACCOUNT-001554,ACCOUNT-001141,29500,2026-06-21T06:36:00Z,UPI,False,
BANK-TXN-00004364,ACCOUNT-000025,ACCOUNT-000982,4700,2026-08-09T07:50:00Z,IMPS,False,
BANK-TXN-00004365,ACCOUNT-001135,ACCOUNT-000230,21400,2026-06-03T08:05:00Z,UPI,False,
BANK-TXN-00004366,ACCOUNT-000396,ACCOUNT-000939,3000,2026-08-02T13:42:00Z,UPI,False,
BANK-TXN-00004367,ACCOUNT-001490,ACCOUNT-001484,5000,2026-08-25T01:46:00Z,UPI,False,
BANK-TXN-00004368,ACCOUNT-000909,ACCOUNT-001951,69000,2026-06-23T06:23:00Z,UPI,False,
BANK-TXN-00004369,ACCOUNT-000523,ACCOUNT-000710,36800,2026-07-23T09:47:00Z,NEFT,False,
BANK-TXN-00004370,ACCOUNT-000533,ACCOUNT-000794,34700,2026-06-28T15:58:00Z,UPI,False,
BANK-TXN-00004371,ACCOUNT-001482,ACCOUNT-000856,67200,2026-07-02T13:05:00Z,IMPS,False,
BANK-TXN-00004372,ACCOUNT-001830,ACCOUNT-000207,26100,2026-08-18T12:38:00Z,UPI,False,
BANK-TXN-00004373,ACCOUNT-001245,ACCOUNT-001630,16300,2026-07-13T05:47:00Z,NEFT,False,
BANK-TXN-00004374,ACCOUNT-000184,ACCOUNT-001032,30300,2026-08-22T02:19:00Z,IMPS,False,
BANK-TXN-00004375,ACCOUNT-000301,ACCOUNT-000034,20900,2026-08-24T17:27:00Z,UPI,False,
BANK-TXN-00004376,ACCOUNT-001620,ACCOUNT-000439,37300,2026-07-29T06:15:00Z,IMPS,False,
BANK-TXN-00004377,ACCOUNT-000038,ACCOUNT-001387,74600,2026-08-03T18:29:00Z,UPI,False,
BANK-TXN-00004378,ACCOUNT-001604,ACCOUNT-000330,74600,2026-07-06T18:42:00Z,IMPS,False,
BANK-TXN-00004379,ACCOUNT-000026,ACCOUNT-001746,900,2026-08-15T17:18:00Z,RTGS,False,
BANK-TXN-00004380,ACCOUNT-001676,ACCOUNT-000595,2200,2026-07-16T14:18:00Z,UPI,False,
BANK-TXN-00004381,ACCOUNT-000065,ACCOUNT-001039,93100,2026-08-24T08:23:00Z,UPI,False,
BANK-TXN-00004382,ACCOUNT-001734,ACCOUNT-001016,76100,2026-07-08T08:45:00Z,UPI,False,
BANK-TXN-00004383,ACCOUNT-000635,ACCOUNT-000774,10000,2026-08-16T14:00:00Z,IMPS,False,
BANK-TXN-00004384,ACCOUNT-000510,ACCOUNT-001078,200,2026-07-31T06:57:00Z,IMPS,False,
BANK-TXN-00004385,ACCOUNT-000597,ACCOUNT-000458,97900,2026-07-19T17:41:00Z,UPI,False,
BANK-TXN-00004386,ACCOUNT-000037,ACCOUNT-001008,2900,2026-06-01T01:43:00Z,RTGS,False,
BANK-TXN-00004387,ACCOUNT-001160,ACCOUNT-001319,44300,2026-07-07T14:43:00Z,UPI,False,
BANK-TXN-00004388,ACCOUNT-001049,ACCOUNT-001269,3400,2026-06-26T07:38:00Z,IMPS,False,
BANK-TXN-00004389,ACCOUNT-000774,ACCOUNT-000322,20300,2026-08-10T14:32:00Z,UPI,False,
BANK-TXN-00004390,ACCOUNT-000340,ACCOUNT-000261,10900,2026-07-28T22:46:00Z,UPI,False,
BANK-TXN-00004391,ACCOUNT-001523,ACCOUNT-000959,7300,2026-07-02T04:54:00Z,UPI,False,
BANK-TXN-00004392,ACCOUNT-000756,ACCOUNT-001063,12600,2026-06-17T06:08:00Z,NEFT,False,
BANK-TXN-00004393,ACCOUNT-001743,ACCOUNT-001289,2200,2026-08-07T06:28:00Z,UPI,False,
BANK-TXN-00004394,ACCOUNT-000825,ACCOUNT-000884,1200,2026-08-23T07:09:00Z,UPI,False,
BANK-TXN-00004395,ACCOUNT-000261,ACCOUNT-001000,22400,2026-06-22T10:11:00Z,IMPS,False,
BANK-TXN-00004396,ACCOUNT-000069,ACCOUNT-001196,27100,2026-06-18T13:48:00Z,UPI,False,
BANK-TXN-00004397,ACCOUNT-000971,ACCOUNT-000801,17700,2026-06-11T14:25:00Z,UPI,False,
BANK-TXN-00004398,ACCOUNT-000031,ACCOUNT-000297,57600,2026-08-08T05:44:00Z,UPI,False,
BANK-TXN-00004399,ACCOUNT-001115,ACCOUNT-001713,7900,2026-07-09T16:56:00Z,UPI,False,
BANK-TXN-00004400,ACCOUNT-000158,ACCOUNT-000615,3500,2026-07-13T21:56:00Z,UPI,False,
BANK-TXN-00004401,ACCOUNT-000313,ACCOUNT-000779,1700,2026-06-03T13:23:00Z,IMPS,False,
BANK-TXN-00004402,ACCOUNT-001238,ACCOUNT-001562,2500,2026-07-28T08:34:00Z,UPI,False,
BANK-TXN-00004403,ACCOUNT-000541,ACCOUNT-000931,700,2026-08-17T03:24:00Z,NEFT,False,
BANK-TXN-00004404,ACCOUNT-001648,ACCOUNT-001638,49400,2026-06-11T17:40:00Z,IMPS,False,
BANK-TXN-00004405,ACCOUNT-001228,ACCOUNT-000293,78200,2026-07-21T07:34:00Z,IMPS,False,
BANK-TXN-00004406,ACCOUNT-000433,ACCOUNT-000593,12000,2026-08-20T01:46:00Z,UPI,False,
BANK-TXN-00004407,ACCOUNT-000406,ACCOUNT-001548,82400,2026-08-20T10:53:00Z,UPI,False,
BANK-TXN-00004408,ACCOUNT-000020,ACCOUNT-001944,6000,2026-07-16T02:16:00Z,UPI,False,
BANK-TXN-00004409,ACCOUNT-000238,ACCOUNT-000912,21500,2026-06-14T08:41:00Z,UPI,False,
BANK-TXN-00004410,ACCOUNT-000740,ACCOUNT-000849,2500,2026-08-28T09:43:00Z,UPI,False,
BANK-TXN-00004411,ACCOUNT-000607,ACCOUNT-001353,200,2026-06-25T11:47:00Z,UPI,False,
BANK-TXN-00004412,ACCOUNT-000538,ACCOUNT-001658,18000,2026-07-14T06:36:00Z,UPI,False,
BANK-TXN-00004413,ACCOUNT-001939,ACCOUNT-001566,40300,2026-08-09T11:18:00Z,UPI,False,
BANK-TXN-00004414,ACCOUNT-000112,ACCOUNT-000932,31700,2026-07-25T22:47:00Z,UPI,False,
BANK-TXN-00004415,ACCOUNT-001285,ACCOUNT-001190,25000,2026-06-11T02:27:00Z,IMPS,False,
BANK-TXN-00004416,ACCOUNT-000471,ACCOUNT-000506,44100,2026-06-12T18:46:00Z,RTGS,False,
BANK-TXN-00004417,ACCOUNT-001260,ACCOUNT-000592,49600,2026-08-17T16:20:00Z,UPI,False,
BANK-TXN-00004418,ACCOUNT-000009,ACCOUNT-001707,44400,2026-07-10T23:50:00Z,NEFT,False,
BANK-TXN-00004419,ACCOUNT-000719,ACCOUNT-000479,2300,2026-08-20T07:25:00Z,UPI,False,
BANK-TXN-00004420,ACCOUNT-001942,ACCOUNT-000813,600,2026-07-29T19:07:00Z,UPI,False,
BANK-TXN-00004421,ACCOUNT-001094,ACCOUNT-001235,45100,2026-07-08T08:42:00Z,UPI,False,
BANK-TXN-00004422,ACCOUNT-000660,ACCOUNT-000463,10500,2026-07-09T22:01:00Z,UPI,False,
BANK-TXN-00004423,ACCOUNT-000903,ACCOUNT-000596,24300,2026-06-23T12:22:00Z,UPI,False,
BANK-TXN-00004424,ACCOUNT-001302,ACCOUNT-001303,23000,2026-06-15T05:23:00Z,UPI,False,
BANK-TXN-00004425,ACCOUNT-000143,ACCOUNT-000958,45600,2026-08-27T03:45:00Z,UPI,False,
BANK-TXN-00004426,ACCOUNT-000110,ACCOUNT-001887,2900,2026-07-01T06:00:00Z,UPI,False,
BANK-TXN-00004427,ACCOUNT-001568,ACCOUNT-001765,96400,2026-07-31T08:40:00Z,UPI,False,
BANK-TXN-00004428,ACCOUNT-000405,ACCOUNT-001657,2900,2026-08-03T05:01:00Z,UPI,False,
BANK-TXN-00004429,ACCOUNT-000227,ACCOUNT-001908,46300,2026-08-19T12:24:00Z,UPI,False,
BANK-TXN-00004430,ACCOUNT-000075,ACCOUNT-000570,1800,2026-06-11T22:01:00Z,UPI,False,
BANK-TXN-00004431,ACCOUNT-000177,ACCOUNT-001935,36400,2026-07-14T14:23:00Z,UPI,False,
BANK-TXN-00004432,ACCOUNT-000476,ACCOUNT-000478,87300,2026-06-04T08:41:00Z,UPI,False,
BANK-TXN-00004433,ACCOUNT-001437,ACCOUNT-001896,8600,2026-07-16T13:50:00Z,RTGS,False,
BANK-TXN-00004434,ACCOUNT-000984,ACCOUNT-001590,7300,2026-06-02T22:47:00Z,UPI,False,
BANK-TXN-00004435,ACCOUNT-000003,ACCOUNT-001795,79800,2026-08-21T14:16:00Z,UPI,False,
BANK-TXN-00004436,ACCOUNT-001284,ACCOUNT-000828,4800,2026-07-15T16:36:00Z,IMPS,False,
BANK-TXN-00004437,ACCOUNT-001327,ACCOUNT-001703,8600,2026-07-01T15:31:00Z,NEFT,False,
BANK-TXN-00004438,ACCOUNT-001564,ACCOUNT-000876,75300,2026-06-01T02:43:00Z,IMPS,False,
BANK-TXN-00004439,ACCOUNT-000312,ACCOUNT-001903,92100,2026-08-03T05:09:00Z,UPI,False,
BANK-TXN-00004440,ACCOUNT-001078,ACCOUNT-000771,57800,2026-07-17T01:45:00Z,NEFT,False,
BANK-TXN-00004441,ACCOUNT-001350,ACCOUNT-001664,1700,2026-07-10T10:18:00Z,IMPS,False,
BANK-TXN-00004442,ACCOUNT-001896,ACCOUNT-000495,4900,2026-07-24T09:10:00Z,UPI,False,
BANK-TXN-00004443,ACCOUNT-001248,ACCOUNT-000800,2400,2026-07-03T02:33:00Z,UPI,False,
BANK-TXN-00004444,ACCOUNT-001313,ACCOUNT-000208,21800,2026-06-28T03:08:00Z,IMPS,False,
BANK-TXN-00004445,ACCOUNT-000243,ACCOUNT-001804,2600,2026-08-13T13:39:00Z,IMPS,False,
BANK-TXN-00004446,ACCOUNT-001204,ACCOUNT-001142,16700,2026-06-11T16:04:00Z,UPI,False,
BANK-TXN-00004447,ACCOUNT-000821,ACCOUNT-000428,25300,2026-06-14T10:22:00Z,UPI,False,
BANK-TXN-00004448,ACCOUNT-000607,ACCOUNT-001358,25100,2026-06-09T08:37:00Z,NEFT,False,
BANK-TXN-00004449,ACCOUNT-000473,ACCOUNT-001228,42800,2026-07-29T15:52:00Z,NEFT,False,
BANK-TXN-00004450,ACCOUNT-000203,ACCOUNT-001484,99400,2026-06-20T00:35:00Z,UPI,False,
BANK-TXN-00004451,ACCOUNT-000660,ACCOUNT-000259,2200,2026-06-12T04:19:00Z,UPI,False,
BANK-TXN-00004452,ACCOUNT-001893,ACCOUNT-000356,4300,2026-07-10T01:00:00Z,UPI,False,
BANK-TXN-00004453,ACCOUNT-001631,ACCOUNT-001678,600,2026-08-14T08:13:00Z,NEFT,False,
BANK-TXN-00004454,ACCOUNT-000869,ACCOUNT-000152,29900,2026-07-06T20:23:00Z,IMPS,False,
BANK-TXN-00004455,ACCOUNT-001614,ACCOUNT-000517,5500,2026-06-10T08:55:00Z,NEFT,False,
BANK-TXN-00004456,ACCOUNT-000003,ACCOUNT-000097,9100,2026-06-03T06:28:00Z,IMPS,False,
BANK-TXN-00004457,ACCOUNT-001088,ACCOUNT-001749,81900,2026-07-21T08:36:00Z,UPI,False,
BANK-TXN-00004458,ACCOUNT-001394,ACCOUNT-001407,6200,2026-06-18T04:30:00Z,IMPS,False,
BANK-TXN-00004459,ACCOUNT-000447,ACCOUNT-000151,56300,2026-08-21T15:44:00Z,UPI,False,
BANK-TXN-00004460,ACCOUNT-001821,ACCOUNT-001934,46900,2026-06-30T01:45:00Z,NEFT,False,
BANK-TXN-00004461,ACCOUNT-000744,ACCOUNT-000650,5400,2026-07-06T20:52:00Z,IMPS,False,
BANK-TXN-00004462,ACCOUNT-001087,ACCOUNT-001121,30400,2026-08-11T03:59:00Z,IMPS,False,
BANK-TXN-00004463,ACCOUNT-001078,ACCOUNT-001490,34800,2026-07-09T05:53:00Z,UPI,False,
BANK-TXN-00004464,ACCOUNT-001290,ACCOUNT-001285,7600,2026-07-31T05:51:00Z,UPI,False,
BANK-TXN-00004465,ACCOUNT-000239,ACCOUNT-001414,37900,2026-06-09T12:45:00Z,UPI,False,
BANK-TXN-00004466,ACCOUNT-001870,ACCOUNT-001282,36100,2026-06-11T09:34:00Z,UPI,False,
BANK-TXN-00004467,ACCOUNT-001714,ACCOUNT-000500,4600,2026-08-10T16:24:00Z,IMPS,False,
BANK-TXN-00004468,ACCOUNT-000468,ACCOUNT-001349,57600,2026-08-06T01:52:00Z,NEFT,False,
BANK-TXN-00004469,ACCOUNT-001301,ACCOUNT-001649,1200,2026-07-08T05:02:00Z,UPI,False,
BANK-TXN-00004470,ACCOUNT-001234,ACCOUNT-000493,79000,2026-06-30T09:22:00Z,UPI,False,
BANK-TXN-00004471,ACCOUNT-001762,ACCOUNT-000339,71200,2026-08-05T14:02:00Z,IMPS,False,
BANK-TXN-00004472,ACCOUNT-000529,ACCOUNT-000618,9700,2026-06-02T10:12:00Z,IMPS,False,
BANK-TXN-00004473,ACCOUNT-001571,ACCOUNT-001441,500,2026-06-20T12:53:00Z,UPI,False,
BANK-TXN-00004474,ACCOUNT-000456,ACCOUNT-000453,86200,2026-08-23T12:59:00Z,UPI,False,
BANK-TXN-00004475,ACCOUNT-000657,ACCOUNT-001151,18100,2026-06-26T11:07:00Z,IMPS,False,
BANK-TXN-00004476,ACCOUNT-001217,ACCOUNT-001383,42800,2026-06-05T06:57:00Z,NEFT,False,
BANK-TXN-00004477,ACCOUNT-001598,ACCOUNT-000987,1100,2026-06-22T11:21:00Z,NEFT,False,
BANK-TXN-00004478,ACCOUNT-001182,ACCOUNT-000201,19900,2026-06-01T17:15:00Z,RTGS,False,
BANK-TXN-00004479,ACCOUNT-000959,ACCOUNT-000345,35100,2026-08-14T12:04:00Z,IMPS,False,
BANK-TXN-00004480,ACCOUNT-000444,ACCOUNT-000299,3500,2026-08-04T14:41:00Z,IMPS,False,
BANK-TXN-00004481,ACCOUNT-000359,ACCOUNT-001275,79000,2026-07-19T13:21:00Z,RTGS,False,
BANK-TXN-00004482,ACCOUNT-000960,ACCOUNT-001577,60000,2026-07-30T07:02:00Z,IMPS,False,
BANK-TXN-00004483,ACCOUNT-000736,ACCOUNT-001002,3700,2026-06-15T14:38:00Z,RTGS,False,
BANK-TXN-00004484,ACCOUNT-001672,ACCOUNT-000300,500,2026-07-27T07:43:00Z,UPI,False,
BANK-TXN-00004485,ACCOUNT-001384,ACCOUNT-000444,1400,2026-07-09T01:31:00Z,IMPS,False,
BANK-TXN-00004486,ACCOUNT-000872,ACCOUNT-000304,47000,2026-07-14T13:19:00Z,UPI,False,
BANK-TXN-00004487,ACCOUNT-000212,ACCOUNT-000329,6300,2026-07-13T01:42:00Z,UPI,False,
BANK-TXN-00004488,ACCOUNT-001632,ACCOUNT-000030,5200,2026-06-20T21:35:00Z,IMPS,False,
BANK-TXN-00004489,ACCOUNT-001041,ACCOUNT-001433,24300,2026-08-10T09:50:00Z,UPI,False,
BANK-TXN-00004490,ACCOUNT-000956,ACCOUNT-000458,42400,2026-08-07T05:58:00Z,IMPS,False,
BANK-TXN-00004491,ACCOUNT-001075,ACCOUNT-000416,9500,2026-08-18T16:32:00Z,UPI,False,
BANK-TXN-00004492,ACCOUNT-000724,ACCOUNT-001562,5000,2026-07-22T10:51:00Z,UPI,False,
BANK-TXN-00004493,ACCOUNT-000014,ACCOUNT-000132,65100,2026-06-11T12:59:00Z,UPI,False,
BANK-TXN-00004494,ACCOUNT-000963,ACCOUNT-000519,8100,2026-06-03T20:17:00Z,IMPS,False,
BANK-TXN-00004495,ACCOUNT-000881,ACCOUNT-001561,1100,2026-08-02T08:40:00Z,IMPS,False,
BANK-TXN-00004496,ACCOUNT-001497,ACCOUNT-000671,200,2026-07-14T14:17:00Z,RTGS,False,
BANK-TXN-00004497,ACCOUNT-001813,ACCOUNT-000166,23700,2026-08-24T10:21:00Z,IMPS,False,
BANK-TXN-00004498,ACCOUNT-001455,ACCOUNT-000264,9400,2026-08-12T12:49:00Z,UPI,False,
BANK-TXN-00004499,ACCOUNT-000430,ACCOUNT-000857,6500,2026-08-27T00:52:00Z,UPI,False,
BANK-TXN-00004500,ACCOUNT-000315,ACCOUNT-001528,9200,2026-06-06T11:00:00Z,UPI,False,
BANK-TXN-00004501,ACCOUNT-000292,ACCOUNT-001797,15200,2026-06-08T15:31:00Z,IMPS,False,
BANK-TXN-00004502,ACCOUNT-000891,ACCOUNT-001572,3900,2026-06-16T17:25:00Z,UPI,False,
BANK-TXN-00004503,ACCOUNT-000852,ACCOUNT-001453,40600,2026-07-09T16:33:00Z,UPI,False,
BANK-TXN-00004504,ACCOUNT-001144,ACCOUNT-000966,5000,2026-06-03T14:45:00Z,UPI,False,
BANK-TXN-00004505,ACCOUNT-000571,ACCOUNT-001864,27500,2026-07-27T20:59:00Z,UPI,False,
BANK-TXN-00004506,ACCOUNT-000541,ACCOUNT-001189,64700,2026-06-30T23:17:00Z,UPI,False,
BANK-TXN-00004507,ACCOUNT-001505,ACCOUNT-000679,3200,2026-06-19T22:39:00Z,UPI,False,
BANK-TXN-00004508,ACCOUNT-000293,ACCOUNT-001189,50100,2026-07-07T05:50:00Z,IMPS,False,
BANK-TXN-00004509,ACCOUNT-000606,ACCOUNT-000197,4200,2026-08-13T13:40:00Z,IMPS,False,
BANK-TXN-00004510,ACCOUNT-001651,ACCOUNT-000836,27500,2026-06-11T09:15:00Z,IMPS,False,
BANK-TXN-00004511,ACCOUNT-001583,ACCOUNT-000400,19500,2026-08-13T14:50:00Z,UPI,False,
BANK-TXN-00004512,ACCOUNT-000501,ACCOUNT-001427,97800,2026-08-08T17:10:00Z,UPI,False,
BANK-TXN-00004513,ACCOUNT-001031,ACCOUNT-001716,41200,2026-06-19T16:31:00Z,UPI,False,
BANK-TXN-00004514,ACCOUNT-000717,ACCOUNT-001887,22700,2026-07-25T06:16:00Z,RTGS,False,
BANK-TXN-00004515,ACCOUNT-000358,ACCOUNT-001922,8800,2026-07-16T06:17:00Z,UPI,False,
BANK-TXN-00004516,ACCOUNT-001581,ACCOUNT-000219,7000,2026-08-17T17:39:00Z,UPI,False,
BANK-TXN-00004517,ACCOUNT-001405,ACCOUNT-000892,78200,2026-08-05T11:15:00Z,UPI,False,
BANK-TXN-00004518,ACCOUNT-000824,ACCOUNT-000083,23600,2026-07-31T19:32:00Z,IMPS,False,
BANK-TXN-00004519,ACCOUNT-000488,ACCOUNT-000041,95600,2026-07-27T02:38:00Z,IMPS,False,
BANK-TXN-00004520,ACCOUNT-000015,ACCOUNT-001448,72100,2026-06-14T11:07:00Z,UPI,False,
BANK-TXN-00004521,ACCOUNT-001821,ACCOUNT-001740,8800,2026-07-20T05:52:00Z,RTGS,False,
BANK-TXN-00004522,ACCOUNT-000451,ACCOUNT-000754,19300,2026-05-31T14:16:00Z,IMPS,False,
BANK-TXN-00004523,ACCOUNT-000371,ACCOUNT-000093,70800,2026-07-18T06:38:00Z,UPI,False,
BANK-TXN-00004524,ACCOUNT-000912,ACCOUNT-001016,700,2026-06-13T09:06:00Z,IMPS,False,
BANK-TXN-00004525,ACCOUNT-001609,ACCOUNT-000920,4600,2026-06-14T05:46:00Z,UPI,False,
BANK-TXN-00004526,ACCOUNT-000679,ACCOUNT-000958,18300,2026-07-07T01:32:00Z,IMPS,False,
BANK-TXN-00004527,ACCOUNT-001399,ACCOUNT-000214,79100,2026-08-17T01:00:00Z,RTGS,False,
BANK-TXN-00004528,ACCOUNT-001739,ACCOUNT-000731,4900,2026-06-22T09:02:00Z,UPI,False,
BANK-TXN-00004529,ACCOUNT-000714,ACCOUNT-001351,6200,2026-08-07T16:11:00Z,UPI,False,
BANK-TXN-00004530,ACCOUNT-001069,ACCOUNT-001219,60000,2026-07-11T20:02:00Z,UPI,False,
BANK-TXN-00004531,ACCOUNT-000887,ACCOUNT-001395,95400,2026-08-19T17:28:00Z,UPI,False,
BANK-TXN-00004532,ACCOUNT-001265,ACCOUNT-001478,32100,2026-07-30T23:02:00Z,UPI,False,
BANK-TXN-00004533,ACCOUNT-000217,ACCOUNT-001517,80900,2026-08-14T06:14:00Z,IMPS,False,
BANK-TXN-00004534,ACCOUNT-000982,ACCOUNT-001183,20000,2026-06-13T17:54:00Z,NEFT,False,
BANK-TXN-00004535,ACCOUNT-001869,ACCOUNT-001604,44100,2026-07-31T16:17:00Z,UPI,False,
BANK-TXN-00004536,ACCOUNT-001064,ACCOUNT-001386,68700,2026-07-14T03:51:00Z,IMPS,False,
BANK-TXN-00004537,ACCOUNT-001933,ACCOUNT-001149,3500,2026-06-11T10:28:00Z,IMPS,False,
BANK-TXN-00004538,ACCOUNT-000529,ACCOUNT-001590,42800,2026-07-29T01:31:00Z,UPI,False,
BANK-TXN-00004539,ACCOUNT-001458,ACCOUNT-001863,31000,2026-06-18T00:00:00Z,UPI,False,
BANK-TXN-00004540,ACCOUNT-000583,ACCOUNT-001261,17000,2026-06-15T01:06:00Z,UPI,False,
BANK-TXN-00004541,ACCOUNT-001401,ACCOUNT-001845,17000,2026-06-07T08:05:00Z,UPI,False,
BANK-TXN-00004542,ACCOUNT-000089,ACCOUNT-000926,9700,2026-07-08T09:07:00Z,UPI,False,
BANK-TXN-00004543,ACCOUNT-000790,ACCOUNT-001312,21500,2026-07-16T14:46:00Z,NEFT,False,
BANK-TXN-00004544,ACCOUNT-001164,ACCOUNT-000224,16300,2026-06-01T13:01:00Z,UPI,False,
BANK-TXN-00004545,ACCOUNT-001336,ACCOUNT-001884,66800,2026-06-24T16:21:00Z,RTGS,False,
BANK-TXN-00004546,ACCOUNT-001305,ACCOUNT-001456,86000,2026-06-17T06:31:00Z,IMPS,False,
BANK-TXN-00004547,ACCOUNT-000879,ACCOUNT-000746,88700,2026-06-25T04:32:00Z,UPI,False,
BANK-TXN-00004548,ACCOUNT-001377,ACCOUNT-001018,53600,2026-07-17T12:09:00Z,UPI,False,
BANK-TXN-00004549,ACCOUNT-001078,ACCOUNT-000634,3200,2026-08-01T00:17:00Z,NEFT,False,
BANK-TXN-00004550,ACCOUNT-001421,ACCOUNT-000432,4400,2026-08-21T00:19:00Z,NEFT,False,
BANK-TXN-00004551,ACCOUNT-000954,ACCOUNT-000795,7000,2026-08-16T03:17:00Z,IMPS,False,
BANK-TXN-00004552,ACCOUNT-001315,ACCOUNT-001283,7400,2026-08-28T11:26:00Z,IMPS,False,
BANK-TXN-00004553,ACCOUNT-000305,ACCOUNT-000391,17200,2026-08-03T07:28:00Z,UPI,False,
BANK-TXN-00004554,ACCOUNT-001852,ACCOUNT-000388,13300,2026-07-07T09:22:00Z,RTGS,False,
BANK-TXN-00004555,ACCOUNT-000683,ACCOUNT-001397,4900,2026-08-23T07:46:00Z,RTGS,False,
BANK-TXN-00004556,ACCOUNT-000284,ACCOUNT-001905,6000,2026-06-02T05:40:00Z,UPI,False,
BANK-TXN-00004557,ACCOUNT-000643,ACCOUNT-001423,1900,2026-06-04T07:09:00Z,IMPS,False,
BANK-TXN-00004558,ACCOUNT-000320,ACCOUNT-000538,5800,2026-06-13T07:48:00Z,UPI,False,
BANK-TXN-00004559,ACCOUNT-000988,ACCOUNT-000998,66800,2026-08-19T14:10:00Z,NEFT,False,
BANK-TXN-00004560,ACCOUNT-001199,ACCOUNT-000498,26000,2026-07-14T14:38:00Z,NEFT,False,
BANK-TXN-00004561,ACCOUNT-000305,ACCOUNT-000076,11800,2026-08-23T12:30:00Z,UPI,False,
BANK-TXN-00004562,ACCOUNT-000634,ACCOUNT-000544,45400,2026-07-13T10:09:00Z,UPI,False,
BANK-TXN-00004563,ACCOUNT-001569,ACCOUNT-000328,54700,2026-08-15T10:45:00Z,RTGS,False,
BANK-TXN-00004564,ACCOUNT-000303,ACCOUNT-000979,2700,2026-06-03T07:10:00Z,UPI,False,
BANK-TXN-00004565,ACCOUNT-000897,ACCOUNT-001506,5900,2026-07-08T18:51:00Z,NEFT,False,
BANK-TXN-00004566,ACCOUNT-001109,ACCOUNT-001330,2400,2026-07-29T08:20:00Z,UPI,False,
BANK-TXN-00004567,ACCOUNT-000581,ACCOUNT-000859,1700,2026-06-18T07:45:00Z,UPI,False,
BANK-TXN-00004568,ACCOUNT-000664,ACCOUNT-001662,7600,2026-07-16T09:57:00Z,UPI,False,
BANK-TXN-00004569,ACCOUNT-000682,ACCOUNT-000878,81000,2026-08-28T11:29:00Z,NEFT,False,
BANK-TXN-00004570,ACCOUNT-000639,ACCOUNT-001891,35400,2026-08-01T15:52:00Z,NEFT,False,
BANK-TXN-00004571,ACCOUNT-000393,ACCOUNT-001181,25900,2026-06-13T20:17:00Z,UPI,False,
BANK-TXN-00004572,ACCOUNT-000365,ACCOUNT-001422,7700,2026-07-28T12:36:00Z,NEFT,False,
BANK-TXN-00004573,ACCOUNT-001153,ACCOUNT-000036,5300,2026-08-05T01:49:00Z,IMPS,False,
BANK-TXN-00004574,ACCOUNT-000768,ACCOUNT-001944,3000,2026-07-16T08:35:00Z,IMPS,False,
BANK-TXN-00004575,ACCOUNT-000077,ACCOUNT-000885,4700,2026-06-07T02:31:00Z,UPI,False,
BANK-TXN-00004576,ACCOUNT-000698,ACCOUNT-001389,8700,2026-08-15T16:57:00Z,NEFT,False,
BANK-TXN-00004577,ACCOUNT-000518,ACCOUNT-000634,74300,2026-06-11T22:33:00Z,NEFT,False,
BANK-TXN-00004578,ACCOUNT-001869,ACCOUNT-000235,83200,2026-07-11T16:56:00Z,UPI,False,
BANK-TXN-00004579,ACCOUNT-000487,ACCOUNT-001547,4800,2026-06-02T05:23:00Z,IMPS,False,
BANK-TXN-00004580,ACCOUNT-001184,ACCOUNT-001884,5700,2026-07-11T06:21:00Z,UPI,False,
BANK-TXN-00004581,ACCOUNT-000691,ACCOUNT-000460,7600,2026-08-25T11:50:00Z,UPI,False,
BANK-TXN-00004582,ACCOUNT-000114,ACCOUNT-001839,61900,2026-06-18T17:51:00Z,IMPS,False,
BANK-TXN-00004583,ACCOUNT-000911,ACCOUNT-001534,2100,2026-07-24T16:11:00Z,UPI,False,
BANK-TXN-00004584,ACCOUNT-001147,ACCOUNT-000664,45200,2026-06-27T07:26:00Z,UPI,False,
BANK-TXN-00004585,ACCOUNT-001122,ACCOUNT-001912,6000,2026-08-10T20:48:00Z,IMPS,False,
BANK-TXN-00004586,ACCOUNT-001062,ACCOUNT-001702,1100,2026-06-01T06:59:00Z,UPI,False,
BANK-TXN-00004587,ACCOUNT-001182,ACCOUNT-001134,43000,2026-08-22T03:44:00Z,UPI,False,
BANK-TXN-00004588,ACCOUNT-001031,ACCOUNT-001188,22500,2026-07-18T17:04:00Z,UPI,False,
BANK-TXN-00004589,ACCOUNT-001730,ACCOUNT-001163,4200,2026-07-06T05:08:00Z,UPI,False,
BANK-TXN-00004590,ACCOUNT-001701,ACCOUNT-001948,18700,2026-07-26T12:16:00Z,UPI,False,
BANK-TXN-00004591,ACCOUNT-000945,ACCOUNT-000446,22000,2026-07-02T10:16:00Z,UPI,False,
BANK-TXN-00004592,ACCOUNT-001856,ACCOUNT-001099,63900,2026-07-27T00:00:00Z,UPI,False,
BANK-TXN-00004593,ACCOUNT-000981,ACCOUNT-000959,27200,2026-07-01T06:57:00Z,UPI,False,
BANK-TXN-00004594,ACCOUNT-001260,ACCOUNT-001053,8400,2026-06-25T09:02:00Z,UPI,False,
BANK-TXN-00004595,ACCOUNT-000817,ACCOUNT-001070,90700,2026-08-21T05:52:00Z,RTGS,False,
BANK-TXN-00004596,ACCOUNT-001831,ACCOUNT-000822,31500,2026-06-02T07:15:00Z,UPI,False,
BANK-TXN-00004597,ACCOUNT-000055,ACCOUNT-000003,4200,2026-07-16T16:29:00Z,UPI,False,
BANK-TXN-00004598,ACCOUNT-000869,ACCOUNT-000069,38800,2026-07-17T13:15:00Z,UPI,False,
BANK-TXN-00004599,ACCOUNT-001628,ACCOUNT-000413,34600,2026-08-19T07:19:00Z,UPI,False,
BANK-TXN-00004600,ACCOUNT-000967,ACCOUNT-001782,1000,2026-06-16T04:20:00Z,UPI,False,
BANK-TXN-00004601,ACCOUNT-001073,ACCOUNT-000391,13400,2026-08-13T03:12:00Z,IMPS,False,
BANK-TXN-00004602,ACCOUNT-000740,ACCOUNT-000488,2600,2026-07-12T08:43:00Z,IMPS,False,
BANK-TXN-00004603,ACCOUNT-000174,ACCOUNT-001182,84800,2026-06-12T19:21:00Z,UPI,False,
BANK-TXN-00004604,ACCOUNT-000041,ACCOUNT-001070,3100,2026-07-03T23:16:00Z,UPI,False,
BANK-TXN-00004605,ACCOUNT-001054,ACCOUNT-001597,2400,2026-06-02T12:05:00Z,UPI,False,
BANK-TXN-00004606,ACCOUNT-000983,ACCOUNT-000958,46100,2026-06-06T18:57:00Z,UPI,False,
BANK-TXN-00004607,ACCOUNT-000584,ACCOUNT-000464,69000,2026-07-31T12:25:00Z,IMPS,False,
BANK-TXN-00004608,ACCOUNT-001223,ACCOUNT-000777,20500,2026-07-02T07:19:00Z,UPI,False,
BANK-TXN-00004609,ACCOUNT-000110,ACCOUNT-000671,97300,2026-08-20T19:01:00Z,UPI,False,
BANK-TXN-00004610,ACCOUNT-001386,ACCOUNT-000961,87700,2026-08-22T05:29:00Z,UPI,False,
BANK-TXN-00004611,ACCOUNT-001488,ACCOUNT-000362,17300,2026-08-27T13:51:00Z,IMPS,False,
BANK-TXN-00004612,ACCOUNT-000335,ACCOUNT-001406,58900,2026-06-09T15:17:00Z,UPI,False,
BANK-TXN-00004613,ACCOUNT-000025,ACCOUNT-001382,34300,2026-08-06T09:04:00Z,NEFT,False,
BANK-TXN-00004614,ACCOUNT-001620,ACCOUNT-001236,15800,2026-06-29T15:31:00Z,NEFT,False,
BANK-TXN-00004615,ACCOUNT-000865,ACCOUNT-000659,16500,2026-06-13T04:32:00Z,NEFT,False,
BANK-TXN-00004616,ACCOUNT-000343,ACCOUNT-000710,89000,2026-08-09T13:17:00Z,IMPS,False,
BANK-TXN-00004617,ACCOUNT-001371,ACCOUNT-001329,32200,2026-08-07T21:55:00Z,UPI,False,
BANK-TXN-00004618,ACCOUNT-001595,ACCOUNT-001473,12300,2026-08-01T12:58:00Z,NEFT,False,
BANK-TXN-00004619,ACCOUNT-000385,ACCOUNT-000489,7800,2026-07-01T02:21:00Z,IMPS,False,
BANK-TXN-00004620,ACCOUNT-001631,ACCOUNT-001540,72900,2026-07-09T06:11:00Z,UPI,False,
BANK-TXN-00004621,ACCOUNT-000236,ACCOUNT-001523,3400,2026-06-03T03:11:00Z,UPI,False,
BANK-TXN-00004622,ACCOUNT-001017,ACCOUNT-001571,11100,2026-08-17T05:31:00Z,IMPS,False,
BANK-TXN-00004623,ACCOUNT-001067,ACCOUNT-000611,54000,2026-06-11T07:27:00Z,UPI,False,
BANK-TXN-00004624,ACCOUNT-001205,ACCOUNT-001254,22800,2026-08-24T10:47:00Z,UPI,False,
BANK-TXN-00004625,ACCOUNT-000581,ACCOUNT-001505,16700,2026-08-23T08:32:00Z,UPI,False,
BANK-TXN-00004626,ACCOUNT-001157,ACCOUNT-001265,6600,2026-06-16T10:47:00Z,UPI,False,
BANK-TXN-00004627,ACCOUNT-000499,ACCOUNT-000650,55500,2026-08-10T01:13:00Z,UPI,False,
BANK-TXN-00004628,ACCOUNT-000239,ACCOUNT-000186,69000,2026-06-01T01:02:00Z,NEFT,False,
BANK-TXN-00004629,ACCOUNT-001765,ACCOUNT-000146,47900,2026-06-21T15:17:00Z,UPI,False,
BANK-TXN-00004630,ACCOUNT-001135,ACCOUNT-001369,5400,2026-07-18T09:08:00Z,UPI,False,
BANK-TXN-00004631,ACCOUNT-001694,ACCOUNT-001182,5300,2026-07-07T17:18:00Z,NEFT,False,
BANK-TXN-00004632,ACCOUNT-000930,ACCOUNT-001482,50400,2026-06-01T16:43:00Z,NEFT,False,
BANK-TXN-00004633,ACCOUNT-000082,ACCOUNT-001812,31700,2026-08-09T17:06:00Z,UPI,False,
BANK-TXN-00004634,ACCOUNT-001262,ACCOUNT-001943,2200,2026-06-26T08:52:00Z,NEFT,False,
BANK-TXN-00004635,ACCOUNT-000608,ACCOUNT-001120,48500,2026-08-08T05:27:00Z,IMPS,False,
BANK-TXN-00004636,ACCOUNT-001771,ACCOUNT-000209,22000,2026-06-11T17:56:00Z,RTGS,False,
BANK-TXN-00004637,ACCOUNT-000524,ACCOUNT-001247,25100,2026-06-20T15:41:00Z,UPI,False,
BANK-TXN-00004638,ACCOUNT-001196,ACCOUNT-000508,97000,2026-07-01T01:30:00Z,UPI,False,
BANK-TXN-00004639,ACCOUNT-000972,ACCOUNT-001627,3000,2026-08-05T19:33:00Z,UPI,False,
BANK-TXN-00004640,ACCOUNT-000689,ACCOUNT-001097,8900,2026-08-22T05:38:00Z,NEFT,False,
BANK-TXN-00004641,ACCOUNT-000371,ACCOUNT-000868,40800,2026-07-02T04:07:00Z,NEFT,False,
BANK-TXN-00004642,ACCOUNT-001062,ACCOUNT-001330,73600,2026-06-10T11:26:00Z,NEFT,False,
BANK-TXN-00004643,ACCOUNT-000678,ACCOUNT-000601,44400,2026-07-24T14:44:00Z,UPI,False,
BANK-TXN-00004644,ACCOUNT-000142,ACCOUNT-000483,97400,2026-07-24T23:02:00Z,RTGS,False,
BANK-TXN-00004645,ACCOUNT-001479,ACCOUNT-001917,47700,2026-06-15T00:47:00Z,NEFT,False,
BANK-TXN-00004646,ACCOUNT-001416,ACCOUNT-000673,33500,2026-06-12T12:16:00Z,IMPS,False,
BANK-TXN-00004647,ACCOUNT-000132,ACCOUNT-001431,8300,2026-06-15T16:36:00Z,IMPS,False,
BANK-TXN-00004648,ACCOUNT-000228,ACCOUNT-000314,17500,2026-07-24T04:27:00Z,UPI,False,
BANK-TXN-00004649,ACCOUNT-000497,ACCOUNT-000865,2400,2026-06-04T13:53:00Z,UPI,False,
BANK-TXN-00004650,ACCOUNT-001646,ACCOUNT-000824,5300,2026-08-11T07:16:00Z,RTGS,False,
BANK-TXN-00004651,ACCOUNT-001662,ACCOUNT-000954,62900,2026-08-25T08:39:00Z,UPI,False,
BANK-TXN-00004652,ACCOUNT-001775,ACCOUNT-000648,9500,2026-07-30T18:58:00Z,UPI,False,
BANK-TXN-00004653,ACCOUNT-001302,ACCOUNT-001892,7800,2026-07-21T15:57:00Z,RTGS,False,
BANK-TXN-00004654,ACCOUNT-000361,ACCOUNT-001656,26700,2026-06-06T07:02:00Z,UPI,False,
BANK-TXN-00004655,ACCOUNT-001302,ACCOUNT-001329,20700,2026-08-08T14:31:00Z,UPI,False,
BANK-TXN-00004656,ACCOUNT-000129,ACCOUNT-001638,8400,2026-08-15T17:56:00Z,IMPS,False,
BANK-TXN-00004657,ACCOUNT-001007,ACCOUNT-001116,88800,2026-08-05T10:29:00Z,IMPS,False,
BANK-TXN-00004658,ACCOUNT-001856,ACCOUNT-000810,18800,2026-07-06T19:16:00Z,IMPS,False,
BANK-TXN-00004659,ACCOUNT-001046,ACCOUNT-000679,21000,2026-06-24T12:46:00Z,UPI,False,
BANK-TXN-00004660,ACCOUNT-001707,ACCOUNT-000608,9000,2026-08-18T10:59:00Z,NEFT,False,
BANK-TXN-00004661,ACCOUNT-001394,ACCOUNT-001070,9200,2026-08-06T14:56:00Z,UPI,False,
BANK-TXN-00004662,ACCOUNT-001107,ACCOUNT-000781,16900,2026-07-04T09:02:00Z,UPI,False,
BANK-TXN-00004663,ACCOUNT-001889,ACCOUNT-001464,8400,2026-06-12T10:41:00Z,UPI,False,
BANK-TXN-00004664,ACCOUNT-000321,ACCOUNT-001419,2200,2026-06-21T00:32:00Z,UPI,False,
BANK-TXN-00004665,ACCOUNT-000497,ACCOUNT-000163,8900,2026-06-04T16:17:00Z,UPI,False,
BANK-TXN-00004666,ACCOUNT-001776,ACCOUNT-001853,6300,2026-07-01T19:14:00Z,IMPS,False,
BANK-TXN-00004667,ACCOUNT-001880,ACCOUNT-000035,72300,2026-08-02T04:36:00Z,RTGS,False,
BANK-TXN-00004668,ACCOUNT-000260,ACCOUNT-001614,38900,2026-07-03T02:13:00Z,UPI,False,
BANK-TXN-00004669,ACCOUNT-000876,ACCOUNT-001935,14700,2026-06-20T07:11:00Z,UPI,False,
BANK-TXN-00004670,ACCOUNT-001084,ACCOUNT-000948,5900,2026-07-11T00:14:00Z,UPI,False,
BANK-TXN-00004671,ACCOUNT-001870,ACCOUNT-000990,21200,2026-07-02T10:07:00Z,RTGS,False,
BANK-TXN-00004672,ACCOUNT-001523,ACCOUNT-000015,6400,2026-07-07T16:26:00Z,UPI,False,
BANK-TXN-00004673,ACCOUNT-001297,ACCOUNT-000711,7100,2026-06-08T07:30:00Z,NEFT,False,
BANK-TXN-00004674,ACCOUNT-000356,ACCOUNT-000396,37700,2026-06-06T17:09:00Z,IMPS,False,
BANK-TXN-00004675,ACCOUNT-001572,ACCOUNT-000075,23500,2026-08-21T15:47:00Z,UPI,False,
BANK-TXN-00004676,ACCOUNT-001197,ACCOUNT-000963,30600,2026-08-01T20:52:00Z,IMPS,False,
BANK-TXN-00004677,ACCOUNT-001371,ACCOUNT-001690,48600,2026-08-12T16:38:00Z,NEFT,False,
BANK-TXN-00004678,ACCOUNT-000640,ACCOUNT-001453,7100,2026-08-08T06:58:00Z,UPI,False,
BANK-TXN-00004679,ACCOUNT-000595,ACCOUNT-001861,8700,2026-07-07T10:14:00Z,IMPS,False,
BANK-TXN-00004680,ACCOUNT-001828,ACCOUNT-001875,700,2026-07-01T08:42:00Z,UPI,False,
BANK-TXN-00004681,ACCOUNT-001143,ACCOUNT-001101,41300,2026-08-20T13:23:00Z,IMPS,False,
BANK-TXN-00004682,ACCOUNT-000585,ACCOUNT-000819,46500,2026-06-07T11:27:00Z,IMPS,False,
BANK-TXN-00004683,ACCOUNT-001790,ACCOUNT-000704,23100,2026-07-11T09:41:00Z,IMPS,False,
BANK-TXN-00004684,ACCOUNT-001839,ACCOUNT-000542,6300,2026-06-04T12:13:00Z,UPI,False,
BANK-TXN-00004685,ACCOUNT-000366,ACCOUNT-001278,23900,2026-08-19T01:50:00Z,IMPS,False,
BANK-TXN-00004686,ACCOUNT-000722,ACCOUNT-001095,100,2026-06-30T02:32:00Z,IMPS,False,
BANK-TXN-00004687,ACCOUNT-000867,ACCOUNT-001826,18000,2026-08-08T15:21:00Z,IMPS,False,
BANK-TXN-00004688,ACCOUNT-001215,ACCOUNT-001388,10800,2026-07-24T01:34:00Z,UPI,False,
BANK-TXN-00004689,ACCOUNT-000050,ACCOUNT-001303,600,2026-06-18T09:47:00Z,UPI,False,
BANK-TXN-00004690,ACCOUNT-001472,ACCOUNT-000097,76100,2026-07-31T04:45:00Z,UPI,False,
BANK-TXN-00004691,ACCOUNT-000241,ACCOUNT-000495,28600,2026-06-25T11:05:00Z,UPI,False,
BANK-TXN-00004692,ACCOUNT-000508,ACCOUNT-000729,24000,2026-07-05T10:57:00Z,IMPS,False,
BANK-TXN-00004693,ACCOUNT-000156,ACCOUNT-000079,15500,2026-06-20T08:53:00Z,UPI,False,
BANK-TXN-00004694,ACCOUNT-000574,ACCOUNT-001716,900,2026-08-03T14:31:00Z,IMPS,False,
BANK-TXN-00004695,ACCOUNT-000922,ACCOUNT-001006,2100,2026-08-07T10:31:00Z,NEFT,False,
BANK-TXN-00004696,ACCOUNT-000750,ACCOUNT-001246,42800,2026-07-04T08:37:00Z,NEFT,False,
BANK-TXN-00004697,ACCOUNT-001368,ACCOUNT-001840,24500,2026-07-22T13:29:00Z,UPI,False,
BANK-TXN-00004698,ACCOUNT-001168,ACCOUNT-000760,16100,2026-07-12T22:39:00Z,IMPS,False,
BANK-TXN-00004699,ACCOUNT-000793,ACCOUNT-000275,27900,2026-06-17T07:55:00Z,UPI,False,
BANK-TXN-00004700,ACCOUNT-000747,ACCOUNT-001793,8900,2026-07-23T03:25:00Z,UPI,False,
BANK-TXN-00004701,ACCOUNT-000329,ACCOUNT-001413,13600,2026-07-19T17:06:00Z,NEFT,False,
BANK-TXN-00004702,ACCOUNT-000127,ACCOUNT-001931,83000,2026-07-01T03:11:00Z,RTGS,False,
BANK-TXN-00004703,ACCOUNT-000336,ACCOUNT-001587,500,2026-08-19T13:40:00Z,IMPS,False,
BANK-TXN-00004704,ACCOUNT-001454,ACCOUNT-000379,22500,2026-08-17T14:02:00Z,UPI,False,
BANK-TXN-00004705,ACCOUNT-000606,ACCOUNT-000655,4300,2026-08-09T20:47:00Z,UPI,False,
BANK-TXN-00004706,ACCOUNT-001292,ACCOUNT-000790,5100,2026-06-10T03:31:00Z,UPI,False,
BANK-TXN-00004707,ACCOUNT-001587,ACCOUNT-001121,9600,2026-08-10T14:57:00Z,UPI,False,
BANK-TXN-00004708,ACCOUNT-001758,ACCOUNT-000496,9700,2026-08-06T07:55:00Z,RTGS,False,
BANK-TXN-00004709,ACCOUNT-001799,ACCOUNT-000586,60200,2026-08-27T06:49:00Z,RTGS,False,
BANK-TXN-00004710,ACCOUNT-000894,ACCOUNT-000479,3700,2026-07-22T08:10:00Z,UPI,False,
BANK-TXN-00004711,ACCOUNT-000361,ACCOUNT-001633,2400,2026-08-17T05:03:00Z,IMPS,False,
BANK-TXN-00004712,ACCOUNT-001352,ACCOUNT-000338,79000,2026-07-14T11:40:00Z,UPI,False,
BANK-TXN-00004713,ACCOUNT-000056,ACCOUNT-000579,900,2026-06-28T09:44:00Z,NEFT,False,
BANK-TXN-00004714,ACCOUNT-001343,ACCOUNT-000485,600,2026-08-09T14:34:00Z,IMPS,False,
BANK-TXN-00004715,ACCOUNT-001218,ACCOUNT-000179,6600,2026-08-14T16:41:00Z,NEFT,False,
BANK-TXN-00004716,ACCOUNT-001455,ACCOUNT-000752,89200,2026-06-29T20:47:00Z,IMPS,False,
BANK-TXN-00004717,ACCOUNT-000886,ACCOUNT-001418,71200,2026-08-06T03:33:00Z,UPI,False,
BANK-TXN-00004718,ACCOUNT-001011,ACCOUNT-000490,1000,2026-07-22T05:53:00Z,UPI,False,
BANK-TXN-00004719,ACCOUNT-000339,ACCOUNT-001269,8200,2026-08-17T03:15:00Z,UPI,False,
BANK-TXN-00004720,ACCOUNT-000459,ACCOUNT-000081,24300,2026-08-17T14:06:00Z,UPI,False,
BANK-TXN-00004721,ACCOUNT-001266,ACCOUNT-001077,86400,2026-06-12T21:26:00Z,UPI,False,
BANK-TXN-00004722,ACCOUNT-000778,ACCOUNT-001388,6200,2026-07-07T14:37:00Z,UPI,False,
BANK-TXN-00004723,ACCOUNT-001173,ACCOUNT-000221,3300,2026-06-03T09:23:00Z,UPI,False,
BANK-TXN-00004724,ACCOUNT-001374,ACCOUNT-000445,5600,2026-08-04T14:25:00Z,UPI,False,
BANK-TXN-00004725,ACCOUNT-000311,ACCOUNT-000479,37500,2026-07-04T03:20:00Z,UPI,False,
BANK-TXN-00004726,ACCOUNT-000616,ACCOUNT-001896,27100,2026-05-31T00:02:00Z,UPI,False,
BANK-TXN-00004727,ACCOUNT-001342,ACCOUNT-000446,4000,2026-06-01T10:24:00Z,UPI,False,
BANK-TXN-00004728,ACCOUNT-001037,ACCOUNT-001625,800,2026-06-28T14:40:00Z,UPI,False,
BANK-TXN-00004729,ACCOUNT-000422,ACCOUNT-001601,6700,2026-08-08T22:04:00Z,RTGS,False,
BANK-TXN-00004730,ACCOUNT-000540,ACCOUNT-001214,1700,2026-07-12T12:29:00Z,NEFT,False,
BANK-TXN-00004731,ACCOUNT-000973,ACCOUNT-001577,36600,2026-07-09T13:08:00Z,UPI,False,
BANK-TXN-00004732,ACCOUNT-001441,ACCOUNT-000315,28800,2026-07-14T07:19:00Z,UPI,False,
BANK-TXN-00004733,ACCOUNT-001691,ACCOUNT-000773,9200,2026-08-02T17:59:00Z,UPI,False,
BANK-TXN-00004734,ACCOUNT-001316,ACCOUNT-001032,2100,2026-08-19T19:06:00Z,IMPS,False,
BANK-TXN-00004735,ACCOUNT-001414,ACCOUNT-001547,9800,2026-07-03T01:59:00Z,NEFT,False,
BANK-TXN-00004736,ACCOUNT-001254,ACCOUNT-000777,25500,2026-08-02T20:35:00Z,UPI,False,
BANK-TXN-00004737,ACCOUNT-001217,ACCOUNT-001245,35100,2026-07-24T12:22:00Z,IMPS,False,
BANK-TXN-00004738,ACCOUNT-000503,ACCOUNT-001764,9400,2026-08-11T00:45:00Z,UPI,False,
BANK-TXN-00004739,ACCOUNT-000060,ACCOUNT-001010,91900,2026-08-15T06:40:00Z,UPI,False,
BANK-TXN-00004740,ACCOUNT-000055,ACCOUNT-001188,11200,2026-06-26T04:56:00Z,IMPS,False,
BANK-TXN-00004741,ACCOUNT-000406,ACCOUNT-000512,4900,2026-08-05T16:47:00Z,UPI,False,
BANK-TXN-00004742,ACCOUNT-001822,ACCOUNT-001095,85500,2026-06-27T14:04:00Z,UPI,False,
BANK-TXN-00004743,ACCOUNT-000395,ACCOUNT-001277,10100,2026-06-06T16:31:00Z,NEFT,False,
BANK-TXN-00004744,ACCOUNT-001010,ACCOUNT-000382,23800,2026-08-10T10:04:00Z,NEFT,False,
BANK-TXN-00004745,ACCOUNT-000290,ACCOUNT-001405,19100,2026-07-12T10:39:00Z,UPI,False,
BANK-TXN-00004746,ACCOUNT-001783,ACCOUNT-000231,98800,2026-08-01T09:53:00Z,UPI,False,
BANK-TXN-00004747,ACCOUNT-000050,ACCOUNT-000440,7700,2026-07-20T10:50:00Z,UPI,False,
BANK-TXN-00004748,ACCOUNT-001149,ACCOUNT-001862,7500,2026-08-02T10:29:00Z,NEFT,False,
BANK-TXN-00004749,ACCOUNT-001723,ACCOUNT-001301,50800,2026-08-04T17:45:00Z,UPI,False,
BANK-TXN-00004750,ACCOUNT-001424,ACCOUNT-000483,65900,2026-07-07T15:37:00Z,UPI,False,
BANK-TXN-00004751,ACCOUNT-001841,ACCOUNT-001638,49100,2026-07-24T10:13:00Z,IMPS,False,
BANK-TXN-00004752,ACCOUNT-000202,ACCOUNT-000805,5200,2026-07-30T11:55:00Z,UPI,False,
BANK-TXN-00004753,ACCOUNT-000217,ACCOUNT-000937,72600,2026-07-17T13:50:00Z,UPI,False,
BANK-TXN-00004754,ACCOUNT-000077,ACCOUNT-000250,3300,2026-07-26T13:41:00Z,UPI,False,
BANK-TXN-00004755,ACCOUNT-001535,ACCOUNT-001590,21200,2026-07-25T15:55:00Z,UPI,False,
BANK-TXN-00004756,ACCOUNT-000231,ACCOUNT-001448,47800,2026-07-20T07:16:00Z,UPI,False,
BANK-TXN-00004757,ACCOUNT-000849,ACCOUNT-001104,48400,2026-07-11T17:41:00Z,UPI,False,
BANK-TXN-00004758,ACCOUNT-000407,ACCOUNT-001798,58500,2026-07-11T19:27:00Z,UPI,False,
BANK-TXN-00004759,ACCOUNT-001533,ACCOUNT-000046,19700,2026-07-17T13:15:00Z,RTGS,False,
BANK-TXN-00004760,ACCOUNT-001864,ACCOUNT-000529,7400,2026-08-06T06:28:00Z,UPI,False,
BANK-TXN-00004761,ACCOUNT-000524,ACCOUNT-001895,10600,2026-07-30T11:55:00Z,UPI,False,
BANK-TXN-00004762,ACCOUNT-001797,ACCOUNT-001637,17100,2026-06-03T15:17:00Z,RTGS,False,
BANK-TXN-00004763,ACCOUNT-001736,ACCOUNT-001161,25700,2026-07-14T08:10:00Z,UPI,False,
BANK-TXN-00004764,ACCOUNT-000015,ACCOUNT-001744,5900,2026-08-17T19:34:00Z,UPI,False,
BANK-TXN-00004765,ACCOUNT-000307,ACCOUNT-000452,48200,2026-06-23T13:23:00Z,UPI,False,
BANK-TXN-00004766,ACCOUNT-000258,ACCOUNT-001415,44000,2026-08-16T08:14:00Z,NEFT,False,
BANK-TXN-00004767,ACCOUNT-000426,ACCOUNT-000800,3800,2026-06-22T15:37:00Z,UPI,False,
BANK-TXN-00004768,ACCOUNT-001391,ACCOUNT-001293,59900,2026-07-02T22:10:00Z,UPI,False,
BANK-TXN-00004769,ACCOUNT-001600,ACCOUNT-001467,10800,2026-06-12T09:34:00Z,UPI,False,
BANK-TXN-00004770,ACCOUNT-000143,ACCOUNT-000388,10400,2026-07-07T05:10:00Z,UPI,False,
BANK-TXN-00004771,ACCOUNT-001672,ACCOUNT-001081,9700,2026-06-09T15:43:00Z,RTGS,False,
BANK-TXN-00004772,ACCOUNT-001665,ACCOUNT-000950,8100,2026-08-24T23:34:00Z,NEFT,False,
BANK-TXN-00004773,ACCOUNT-000678,ACCOUNT-001460,2000,2026-06-05T09:04:00Z,NEFT,False,
BANK-TXN-00004774,ACCOUNT-001217,ACCOUNT-000728,35900,2026-07-27T14:13:00Z,IMPS,False,
BANK-TXN-00004775,ACCOUNT-000602,ACCOUNT-000284,46500,2026-08-18T01:12:00Z,IMPS,False,
BANK-TXN-00004776,ACCOUNT-000725,ACCOUNT-001731,8200,2026-07-04T17:39:00Z,UPI,False,
BANK-TXN-00004777,ACCOUNT-000025,ACCOUNT-000230,4200,2026-07-06T01:13:00Z,RTGS,False,
BANK-TXN-00004778,ACCOUNT-000420,ACCOUNT-000555,18100,2026-07-20T11:18:00Z,IMPS,False,
BANK-TXN-00004779,ACCOUNT-000480,ACCOUNT-000642,8500,2026-06-03T17:34:00Z,UPI,False,
BANK-TXN-00004780,ACCOUNT-000333,ACCOUNT-000866,74900,2026-07-24T02:28:00Z,IMPS,False,
BANK-TXN-00004781,ACCOUNT-001407,ACCOUNT-001400,3000,2026-08-23T21:32:00Z,IMPS,False,
BANK-TXN-00004782,ACCOUNT-001938,ACCOUNT-000212,18600,2026-08-12T07:21:00Z,UPI,False,
BANK-TXN-00004783,ACCOUNT-001950,ACCOUNT-000154,65400,2026-07-29T21:43:00Z,IMPS,False,
BANK-TXN-00004784,ACCOUNT-000185,ACCOUNT-001432,7000,2026-07-23T16:15:00Z,IMPS,False,
BANK-TXN-00004785,ACCOUNT-001585,ACCOUNT-000307,29300,2026-06-20T16:47:00Z,IMPS,False,
BANK-TXN-00004786,ACCOUNT-001659,ACCOUNT-000967,39600,2026-07-14T04:18:00Z,RTGS,False,
BANK-TXN-00004787,ACCOUNT-000256,ACCOUNT-001351,47600,2026-08-02T21:52:00Z,UPI,False,
BANK-TXN-00004788,ACCOUNT-000561,ACCOUNT-001306,600,2026-07-01T01:30:00Z,UPI,False,
BANK-TXN-00004789,ACCOUNT-001148,ACCOUNT-000267,49500,2026-08-20T04:05:00Z,UPI,False,
BANK-TXN-00004790,ACCOUNT-001823,ACCOUNT-001069,3200,2026-06-13T15:01:00Z,IMPS,False,
BANK-TXN-00004791,ACCOUNT-000248,ACCOUNT-000238,31500,2026-07-06T17:41:00Z,UPI,False,
BANK-TXN-00004792,ACCOUNT-001460,ACCOUNT-001331,62300,2026-08-18T01:23:00Z,UPI,False,
BANK-TXN-00004793,ACCOUNT-001181,ACCOUNT-000937,22500,2026-07-13T05:49:00Z,UPI,False,
BANK-TXN-00004794,ACCOUNT-001499,ACCOUNT-001666,14700,2026-06-04T10:26:00Z,UPI,False,
BANK-TXN-00004795,ACCOUNT-001478,ACCOUNT-001371,36700,2026-06-28T01:25:00Z,UPI,False,
BANK-TXN-00004796,ACCOUNT-000961,ACCOUNT-001148,7100,2026-06-18T03:20:00Z,UPI,False,
BANK-TXN-00004797,ACCOUNT-000685,ACCOUNT-001908,92400,2026-08-16T17:12:00Z,UPI,False,
BANK-TXN-00004798,ACCOUNT-000335,ACCOUNT-001547,53000,2026-08-07T12:24:00Z,IMPS,False,
BANK-TXN-00004799,ACCOUNT-001364,ACCOUNT-000832,72000,2026-07-07T07:51:00Z,UPI,False,
BANK-TXN-00004800,ACCOUNT-001473,ACCOUNT-001728,83100,2026-08-02T10:47:00Z,RTGS,False,
BANK-TXN-00004801,ACCOUNT-000941,ACCOUNT-000130,56800,2026-07-07T14:12:00Z,RTGS,False,
BANK-TXN-00004802,ACCOUNT-001574,ACCOUNT-001469,25200,2026-08-28T05:48:00Z,NEFT,False,
BANK-TXN-00004803,ACCOUNT-001535,ACCOUNT-001216,8100,2026-08-26T12:09:00Z,UPI,False,
BANK-TXN-00004804,ACCOUNT-000125,ACCOUNT-001081,48500,2026-06-09T10:14:00Z,IMPS,False,
BANK-TXN-00004805,ACCOUNT-001565,ACCOUNT-000891,45400,2026-06-15T16:58:00Z,NEFT,False,
BANK-TXN-00004806,ACCOUNT-001542,ACCOUNT-001447,62000,2026-08-24T09:04:00Z,UPI,False,
BANK-TXN-00004807,ACCOUNT-000556,ACCOUNT-001217,37500,2026-08-09T08:16:00Z,IMPS,False,
BANK-TXN-00004808,ACCOUNT-001108,ACCOUNT-000902,70900,2026-07-07T02:49:00Z,UPI,False,
BANK-TXN-00004809,ACCOUNT-001746,ACCOUNT-000973,20100,2026-07-23T08:43:00Z,UPI,False,
BANK-TXN-00004810,ACCOUNT-000273,ACCOUNT-000875,12200,2026-06-29T13:17:00Z,IMPS,False,
BANK-TXN-00004811,ACCOUNT-001045,ACCOUNT-000329,22700,2026-06-25T18:23:00Z,UPI,False,
BANK-TXN-00004812,ACCOUNT-000717,ACCOUNT-000008,9800,2026-08-23T16:39:00Z,UPI,False,
BANK-TXN-00004813,ACCOUNT-000381,ACCOUNT-000896,1400,2026-08-06T12:46:00Z,UPI,False,
BANK-TXN-00004814,ACCOUNT-001523,ACCOUNT-000797,14300,2026-06-05T01:44:00Z,RTGS,False,
BANK-TXN-00004815,ACCOUNT-000761,ACCOUNT-001951,96600,2026-07-03T17:00:00Z,IMPS,False,
BANK-TXN-00004816,ACCOUNT-000068,ACCOUNT-000946,30800,2026-07-26T06:58:00Z,UPI,False,
BANK-TXN-00004817,ACCOUNT-000887,ACCOUNT-001055,21900,2026-07-16T17:51:00Z,UPI,False,
BANK-TXN-00004818,ACCOUNT-000981,ACCOUNT-000754,60200,2026-08-13T17:15:00Z,UPI,False,
BANK-TXN-00004819,ACCOUNT-001297,ACCOUNT-001178,15300,2026-06-14T00:57:00Z,UPI,False,
BANK-TXN-00004820,ACCOUNT-001893,ACCOUNT-001571,5800,2026-07-07T09:47:00Z,UPI,False,
BANK-TXN-00004821,ACCOUNT-000473,ACCOUNT-000445,20200,2026-07-26T17:26:00Z,UPI,False,
BANK-TXN-00004822,ACCOUNT-001939,ACCOUNT-001579,8100,2026-06-23T15:52:00Z,IMPS,False,
BANK-TXN-00004823,ACCOUNT-000382,ACCOUNT-000691,6400,2026-06-15T16:58:00Z,IMPS,False,
BANK-TXN-00004824,ACCOUNT-001689,ACCOUNT-001571,3500,2026-05-31T07:57:00Z,IMPS,False,
BANK-TXN-00004825,ACCOUNT-000640,ACCOUNT-000292,1400,2026-06-06T16:01:00Z,IMPS,False,
BANK-TXN-00004826,ACCOUNT-000023,ACCOUNT-000548,9300,2026-08-03T16:04:00Z,UPI,False,
BANK-TXN-00004827,ACCOUNT-001284,ACCOUNT-001101,20200,2026-06-24T16:43:00Z,IMPS,False,
BANK-TXN-00004828,ACCOUNT-000169,ACCOUNT-000262,82000,2026-07-13T08:03:00Z,NEFT,False,
BANK-TXN-00004829,ACCOUNT-000552,ACCOUNT-000952,91000,2026-07-31T12:23:00Z,IMPS,False,
BANK-TXN-00004830,ACCOUNT-001283,ACCOUNT-000762,39600,2026-06-02T08:30:00Z,IMPS,False,
BANK-TXN-00004831,ACCOUNT-001107,ACCOUNT-000034,19100,2026-06-06T08:42:00Z,UPI,False,
BANK-TXN-00004832,ACCOUNT-001491,ACCOUNT-001704,42000,2026-06-01T17:37:00Z,IMPS,False,
BANK-TXN-00004833,ACCOUNT-001622,ACCOUNT-000456,32400,2026-06-30T09:50:00Z,UPI,False,
BANK-TXN-00004834,ACCOUNT-000423,ACCOUNT-001461,9100,2026-08-10T08:32:00Z,RTGS,False,
BANK-TXN-00004835,ACCOUNT-001234,ACCOUNT-000878,6600,2026-06-23T10:21:00Z,IMPS,False,
BANK-TXN-00004836,ACCOUNT-000272,ACCOUNT-001078,51900,2026-06-18T16:09:00Z,UPI,False,
BANK-TXN-00004837,ACCOUNT-000936,ACCOUNT-001257,94100,2026-06-12T11:02:00Z,UPI,False,
BANK-TXN-00004838,ACCOUNT-000433,ACCOUNT-000165,5600,2026-06-01T13:45:00Z,IMPS,False,
BANK-TXN-00004839,ACCOUNT-000767,ACCOUNT-001552,19200,2026-06-15T05:34:00Z,IMPS,False,
BANK-TXN-00004840,ACCOUNT-001395,ACCOUNT-001403,36100,2026-08-25T18:00:00Z,UPI,False,
BANK-TXN-00004841,ACCOUNT-001867,ACCOUNT-001509,2600,2026-06-06T10:20:00Z,IMPS,False,
BANK-TXN-00004842,ACCOUNT-000458,ACCOUNT-000610,24500,2026-06-26T12:55:00Z,IMPS,False,
BANK-TXN-00004843,ACCOUNT-001090,ACCOUNT-000878,12200,2026-07-28T17:23:00Z,NEFT,False,
BANK-TXN-00004844,ACCOUNT-000002,ACCOUNT-000474,8000,2026-06-22T14:41:00Z,UPI,False,
BANK-TXN-00004845,ACCOUNT-000313,ACCOUNT-000212,31100,2026-07-18T13:12:00Z,NEFT,False,
BANK-TXN-00004846,ACCOUNT-000905,ACCOUNT-000605,8800,2026-08-02T09:34:00Z,IMPS,False,
BANK-TXN-00004847,ACCOUNT-001260,ACCOUNT-000690,78800,2026-06-13T14:48:00Z,UPI,False,
BANK-TXN-00004848,ACCOUNT-001614,ACCOUNT-001524,15000,2026-07-23T12:33:00Z,UPI,False,
BANK-TXN-00004849,ACCOUNT-000120,ACCOUNT-001052,9700,2026-06-27T16:57:00Z,NEFT,False,
BANK-TXN-00004850,ACCOUNT-000033,ACCOUNT-001357,7400,2026-08-10T06:31:00Z,IMPS,False,
BANK-TXN-00004851,ACCOUNT-000454,ACCOUNT-001399,30200,2026-08-07T13:36:00Z,IMPS,False,
BANK-TXN-00004852,ACCOUNT-001694,ACCOUNT-000381,22900,2026-08-07T01:47:00Z,UPI,False,
BANK-TXN-00004853,ACCOUNT-001156,ACCOUNT-000438,25100,2026-06-13T01:33:00Z,IMPS,False,
BANK-TXN-00004854,ACCOUNT-001189,ACCOUNT-000254,76500,2026-08-24T09:41:00Z,UPI,False,
BANK-TXN-00004855,ACCOUNT-001475,ACCOUNT-001490,7600,2026-08-26T06:47:00Z,UPI,False,
BANK-TXN-00004856,ACCOUNT-001893,ACCOUNT-001548,82100,2026-07-02T06:25:00Z,IMPS,False,
BANK-TXN-00004857,ACCOUNT-001361,ACCOUNT-000961,12300,2026-06-24T13:37:00Z,UPI,False,
BANK-TXN-00004858,ACCOUNT-000883,ACCOUNT-001629,3900,2026-08-21T06:21:00Z,UPI,False,
BANK-TXN-00004859,ACCOUNT-000199,ACCOUNT-001882,24300,2026-07-06T14:11:00Z,UPI,False,
BANK-TXN-00004860,ACCOUNT-000585,ACCOUNT-000717,20700,2026-06-27T05:15:00Z,UPI,False,
BANK-TXN-00004861,ACCOUNT-001177,ACCOUNT-001711,9400,2026-07-21T15:29:00Z,RTGS,False,
BANK-TXN-00004862,ACCOUNT-000479,ACCOUNT-001106,4800,2026-07-03T06:04:00Z,IMPS,False,
BANK-TXN-00004863,ACCOUNT-001827,ACCOUNT-001935,4300,2026-07-18T17:24:00Z,UPI,False,
BANK-TXN-00004864,ACCOUNT-000895,ACCOUNT-000707,90900,2026-08-17T10:32:00Z,NEFT,False,
BANK-TXN-00004865,ACCOUNT-001516,ACCOUNT-000921,75700,2026-07-03T19:27:00Z,UPI,False,
BANK-TXN-00004866,ACCOUNT-000912,ACCOUNT-000561,3900,2026-07-28T05:38:00Z,NEFT,False,
BANK-TXN-00004867,ACCOUNT-001041,ACCOUNT-000654,29000,2026-06-10T16:58:00Z,IMPS,False,
BANK-TXN-00004868,ACCOUNT-000119,ACCOUNT-000307,83000,2026-07-29T21:05:00Z,IMPS,False,
BANK-TXN-00004869,ACCOUNT-001379,ACCOUNT-000799,6600,2026-07-24T13:22:00Z,NEFT,False,
BANK-TXN-00004870,ACCOUNT-000611,ACCOUNT-001587,40200,2026-07-30T13:27:00Z,UPI,False,
BANK-TXN-00004871,ACCOUNT-000230,ACCOUNT-000383,1600,2026-08-15T07:36:00Z,UPI,False,
BANK-TXN-00004872,ACCOUNT-000131,ACCOUNT-000011,17900,2026-06-23T10:47:00Z,UPI,False,
BANK-TXN-00004873,ACCOUNT-000596,ACCOUNT-000782,91000,2026-07-05T23:41:00Z,UPI,False,
BANK-TXN-00004874,ACCOUNT-000977,ACCOUNT-000825,43800,2026-07-26T12:31:00Z,NEFT,False,
BANK-TXN-00004875,ACCOUNT-000251,ACCOUNT-001346,5700,2026-08-18T12:49:00Z,NEFT,False,
BANK-TXN-00004876,ACCOUNT-000091,ACCOUNT-001546,42800,2026-07-29T07:08:00Z,UPI,False,
BANK-TXN-00004877,ACCOUNT-000720,ACCOUNT-001129,4100,2026-07-07T07:15:00Z,IMPS,False,
BANK-TXN-00004878,ACCOUNT-001309,ACCOUNT-000091,2100,2026-08-23T06:41:00Z,UPI,False,
BANK-TXN-00004879,ACCOUNT-000454,ACCOUNT-000441,71200,2026-08-01T13:06:00Z,IMPS,False,
BANK-TXN-00004880,ACCOUNT-001355,ACCOUNT-000822,66000,2026-08-28T18:46:00Z,UPI,False,
BANK-TXN-00004881,ACCOUNT-000001,ACCOUNT-001570,29900,2026-08-25T17:39:00Z,IMPS,False,
BANK-TXN-00004882,ACCOUNT-000024,ACCOUNT-000217,19000,2026-08-25T20:06:00Z,NEFT,False,
BANK-TXN-00004883,ACCOUNT-000194,ACCOUNT-001110,2500,2026-08-17T02:25:00Z,IMPS,False,
BANK-TXN-00004884,ACCOUNT-001340,ACCOUNT-001656,89400,2026-08-17T09:22:00Z,IMPS,False,
BANK-TXN-00004885,ACCOUNT-000389,ACCOUNT-001871,10900,2026-07-08T08:14:00Z,NEFT,False,
BANK-TXN-00004886,ACCOUNT-000689,ACCOUNT-000248,61300,2026-06-16T18:08:00Z,NEFT,False,
BANK-TXN-00004887,ACCOUNT-001181,ACCOUNT-000844,45300,2026-06-21T12:28:00Z,IMPS,False,
BANK-TXN-00004888,ACCOUNT-000158,ACCOUNT-000990,13700,2026-08-28T10:19:00Z,IMPS,False,
BANK-TXN-00004889,ACCOUNT-000418,ACCOUNT-001449,96400,2026-08-08T06:06:00Z,IMPS,False,
BANK-TXN-00004890,ACCOUNT-001601,ACCOUNT-001736,3900,2026-07-13T23:02:00Z,UPI,False,
BANK-TXN-00004891,ACCOUNT-000315,ACCOUNT-001211,4900,2026-07-31T16:52:00Z,UPI,False,
BANK-TXN-00004892,ACCOUNT-001181,ACCOUNT-000723,94600,2026-08-08T01:58:00Z,NEFT,False,
BANK-TXN-00004893,ACCOUNT-001581,ACCOUNT-001656,8000,2026-07-26T21:57:00Z,NEFT,False,
BANK-TXN-00004894,ACCOUNT-000150,ACCOUNT-001917,67800,2026-06-29T11:27:00Z,UPI,False,
BANK-TXN-00004895,ACCOUNT-001468,ACCOUNT-000920,27700,2026-07-27T10:36:00Z,UPI,False,
BANK-TXN-00004896,ACCOUNT-001881,ACCOUNT-001836,9600,2026-08-05T03:10:00Z,UPI,False,
BANK-TXN-00004897,ACCOUNT-000471,ACCOUNT-001878,11800,2026-08-21T00:23:00Z,UPI,False,
BANK-TXN-00004898,ACCOUNT-001005,ACCOUNT-001380,72000,2026-08-17T17:53:00Z,UPI,False,
BANK-TXN-00004899,ACCOUNT-001318,ACCOUNT-000130,9200,2026-06-20T19:53:00Z,IMPS,False,
BANK-TXN-00004900,ACCOUNT-001598,ACCOUNT-000472,6200,2026-06-03T09:22:00Z,UPI,False,
BANK-TXN-00004901,ACCOUNT-000665,ACCOUNT-000732,39800,2026-06-15T03:28:00Z,IMPS,False,
BANK-TXN-00004902,ACCOUNT-000278,ACCOUNT-000122,1900,2026-07-05T06:46:00Z,NEFT,False,
BANK-TXN-00004903,ACCOUNT-000699,ACCOUNT-001229,85800,2026-07-04T10:16:00Z,IMPS,False,
BANK-TXN-00004904,ACCOUNT-001734,ACCOUNT-001671,86000,2026-08-15T04:04:00Z,UPI,False,
BANK-TXN-00004905,ACCOUNT-000221,ACCOUNT-001169,19100,2026-07-08T04:57:00Z,UPI,False,
BANK-TXN-00004906,ACCOUNT-000335,ACCOUNT-000183,10000,2026-08-20T17:57:00Z,UPI,False,
BANK-TXN-00004907,ACCOUNT-001063,ACCOUNT-000251,4500,2026-07-08T06:11:00Z,NEFT,False,
BANK-TXN-00004908,ACCOUNT-001575,ACCOUNT-000028,46400,2026-07-27T15:10:00Z,UPI,False,
BANK-TXN-00004909,ACCOUNT-001109,ACCOUNT-001437,1700,2026-08-19T07:29:00Z,UPI,False,
BANK-TXN-00004910,ACCOUNT-001587,ACCOUNT-001131,16700,2026-07-29T15:24:00Z,UPI,False,
BANK-TXN-00004911,ACCOUNT-001793,ACCOUNT-000722,84800,2026-08-25T06:00:00Z,NEFT,False,
BANK-TXN-00004912,ACCOUNT-001516,ACCOUNT-000681,9400,2026-06-25T22:08:00Z,NEFT,False,
BANK-TXN-00004913,ACCOUNT-000538,ACCOUNT-000698,9300,2026-07-09T12:25:00Z,IMPS,False,
BANK-TXN-00004914,ACCOUNT-001119,ACCOUNT-001874,31600,2026-07-15T09:58:00Z,UPI,False,
BANK-TXN-00004915,ACCOUNT-000562,ACCOUNT-000161,1900,2026-07-20T17:21:00Z,IMPS,False,
BANK-TXN-00004916,ACCOUNT-000931,ACCOUNT-001905,7000,2026-06-06T12:33:00Z,NEFT,False,
BANK-TXN-00004917,ACCOUNT-001382,ACCOUNT-001559,44200,2026-06-09T10:31:00Z,UPI,False,
BANK-TXN-00004918,ACCOUNT-000176,ACCOUNT-001799,700,2026-06-13T05:48:00Z,UPI,False,
BANK-TXN-00004919,ACCOUNT-001755,ACCOUNT-000586,28100,2026-06-26T17:20:00Z,UPI,False,
BANK-TXN-00004920,ACCOUNT-000602,ACCOUNT-001377,96400,2026-07-11T03:40:00Z,UPI,False,
BANK-TXN-00004921,ACCOUNT-001603,ACCOUNT-001406,49500,2026-07-10T17:09:00Z,UPI,False,
BANK-TXN-00004922,ACCOUNT-000248,ACCOUNT-001554,70400,2026-07-10T13:11:00Z,UPI,False,
BANK-TXN-00004923,ACCOUNT-001573,ACCOUNT-000389,20200,2026-07-20T09:52:00Z,NEFT,False,
BANK-TXN-00004924,ACCOUNT-001218,ACCOUNT-001880,37300,2026-06-09T00:17:00Z,IMPS,False,
BANK-TXN-00004925,ACCOUNT-000256,ACCOUNT-000811,44000,2026-07-12T13:07:00Z,UPI,False,
BANK-TXN-00004926,ACCOUNT-001401,ACCOUNT-000605,22700,2026-08-23T17:03:00Z,RTGS,False,
BANK-TXN-00004927,ACCOUNT-000423,ACCOUNT-000178,6200,2026-08-10T14:43:00Z,UPI,False,
BANK-TXN-00004928,ACCOUNT-000700,ACCOUNT-001696,66400,2026-07-10T05:00:00Z,IMPS,False,
BANK-TXN-00004929,ACCOUNT-001071,ACCOUNT-001716,2900,2026-06-10T14:36:00Z,UPI,False,
BANK-TXN-00004930,ACCOUNT-000742,ACCOUNT-001740,4100,2026-08-21T14:51:00Z,UPI,False,
BANK-TXN-00004931,ACCOUNT-001500,ACCOUNT-001838,1300,2026-07-30T14:11:00Z,IMPS,False,
BANK-TXN-00004932,ACCOUNT-001055,ACCOUNT-000558,15800,2026-07-12T02:59:00Z,UPI,False,
BANK-TXN-00004933,ACCOUNT-000306,ACCOUNT-000497,100,2026-08-09T17:15:00Z,IMPS,False,
BANK-TXN-00004934,ACCOUNT-001809,ACCOUNT-000301,9600,2026-06-15T15:44:00Z,UPI,False,
BANK-TXN-00004935,ACCOUNT-001668,ACCOUNT-000568,10700,2026-05-31T08:56:00Z,NEFT,False,
BANK-TXN-00004936,ACCOUNT-001103,ACCOUNT-001897,9300,2026-06-27T10:44:00Z,NEFT,False,
BANK-TXN-00004937,ACCOUNT-000954,ACCOUNT-001794,9400,2026-06-28T09:26:00Z,NEFT,False,
BANK-TXN-00004938,ACCOUNT-000093,ACCOUNT-001549,48800,2026-08-09T18:53:00Z,UPI,False,
BANK-TXN-00004939,ACCOUNT-000468,ACCOUNT-000190,54100,2026-08-01T11:24:00Z,UPI,False,
BANK-TXN-00004940,ACCOUNT-001338,ACCOUNT-000032,28800,2026-08-23T05:24:00Z,NEFT,False,
BANK-TXN-00004941,ACCOUNT-000334,ACCOUNT-000837,88600,2026-07-15T00:27:00Z,NEFT,False,
BANK-TXN-00004942,ACCOUNT-001661,ACCOUNT-000445,36500,2026-06-03T14:28:00Z,RTGS,False,
BANK-TXN-00004943,ACCOUNT-001590,ACCOUNT-001934,9900,2026-07-15T04:34:00Z,IMPS,False,
BANK-TXN-00004944,ACCOUNT-001029,ACCOUNT-001071,46000,2026-06-21T17:13:00Z,IMPS,False,
BANK-TXN-00004945,ACCOUNT-000645,ACCOUNT-000637,15100,2026-07-22T06:52:00Z,UPI,False,
BANK-TXN-00004946,ACCOUNT-000139,ACCOUNT-001842,88700,2026-06-30T01:17:00Z,UPI,False,
BANK-TXN-00004947,ACCOUNT-000052,ACCOUNT-000679,19300,2026-08-23T00:44:00Z,UPI,False,
BANK-TXN-00004948,ACCOUNT-001508,ACCOUNT-001080,5000,2026-08-05T10:30:00Z,RTGS,False,
BANK-TXN-00004949,ACCOUNT-000904,ACCOUNT-000813,43100,2026-06-29T12:02:00Z,UPI,False,
BANK-TXN-00004950,ACCOUNT-000264,ACCOUNT-001107,22800,2026-06-20T01:41:00Z,UPI,False,
BANK-TXN-00004951,ACCOUNT-001481,ACCOUNT-001363,15300,2026-08-12T21:30:00Z,UPI,False,
BANK-TXN-00004952,ACCOUNT-001725,ACCOUNT-001683,68400,2026-08-01T07:36:00Z,IMPS,False,
BANK-TXN-00004953,ACCOUNT-000211,ACCOUNT-000761,3100,2026-08-11T13:54:00Z,NEFT,False,
BANK-TXN-00004954,ACCOUNT-001458,ACCOUNT-001841,5000,2026-08-18T15:44:00Z,IMPS,False,
BANK-TXN-00004955,ACCOUNT-000250,ACCOUNT-000032,19100,2026-07-10T19:01:00Z,UPI,False,
BANK-TXN-00004956,ACCOUNT-001615,ACCOUNT-001777,21800,2026-06-13T13:41:00Z,UPI,False,
BANK-TXN-00004957,ACCOUNT-001908,ACCOUNT-000420,93500,2026-08-01T20:10:00Z,UPI,False,
BANK-TXN-00004958,ACCOUNT-001661,ACCOUNT-000251,6500,2026-06-02T04:46:00Z,NEFT,False,
BANK-TXN-00004959,ACCOUNT-001609,ACCOUNT-001190,73900,2026-07-02T17:33:00Z,UPI,False,
BANK-TXN-00004960,ACCOUNT-000052,ACCOUNT-001537,15700,2026-08-23T06:10:00Z,UPI,False,
BANK-TXN-00004961,ACCOUNT-001229,ACCOUNT-001017,24100,2026-07-13T06:26:00Z,IMPS,False,
BANK-TXN-00004962,ACCOUNT-001284,ACCOUNT-000141,38100,2026-06-22T10:55:00Z,UPI,False,
BANK-TXN-00004963,ACCOUNT-001942,ACCOUNT-001456,57800,2026-08-12T17:24:00Z,UPI,False,
BANK-TXN-00004964,ACCOUNT-000523,ACCOUNT-000446,8200,2026-07-01T12:02:00Z,UPI,False,
BANK-TXN-00004965,ACCOUNT-001850,ACCOUNT-000591,6300,2026-06-15T04:02:00Z,UPI,False,
BANK-TXN-00004966,ACCOUNT-000343,ACCOUNT-000382,24200,2026-07-30T03:40:00Z,UPI,False,
BANK-TXN-00004967,ACCOUNT-001802,ACCOUNT-000900,2000,2026-08-27T14:47:00Z,IMPS,False,
BANK-TXN-00004968,ACCOUNT-001799,ACCOUNT-001512,73700,2026-06-22T16:35:00Z,UPI,False,
BANK-TXN-00004969,ACCOUNT-000966,ACCOUNT-001481,1500,2026-06-26T15:31:00Z,UPI,False,
BANK-TXN-00004970,ACCOUNT-000842,ACCOUNT-001761,34600,2026-07-14T13:00:00Z,RTGS,False,
BANK-TXN-00004971,ACCOUNT-000286,ACCOUNT-000332,10000,2026-06-19T04:53:00Z,IMPS,False,
BANK-TXN-00004972,ACCOUNT-001104,ACCOUNT-000261,8200,2026-08-13T09:01:00Z,UPI,False,
BANK-TXN-00004973,ACCOUNT-001101,ACCOUNT-000338,28400,2026-06-28T10:44:00Z,UPI,False,
BANK-TXN-00004974,ACCOUNT-001451,ACCOUNT-001619,2000,2026-08-01T09:48:00Z,IMPS,False,
BANK-TXN-00004975,ACCOUNT-000738,ACCOUNT-001319,58500,2026-06-14T00:33:00Z,IMPS,False,
BANK-TXN-00004976,ACCOUNT-000076,ACCOUNT-001844,1800,2026-07-08T12:35:00Z,UPI,False,
BANK-TXN-00004977,ACCOUNT-000475,ACCOUNT-000194,15200,2026-08-05T16:19:00Z,RTGS,False,
BANK-TXN-00004978,ACCOUNT-001068,ACCOUNT-001662,800,2026-07-24T09:25:00Z,RTGS,False,
BANK-TXN-00004979,ACCOUNT-001348,ACCOUNT-000634,14600,2026-07-04T13:51:00Z,UPI,False,
BANK-TXN-00004980,ACCOUNT-001788,ACCOUNT-000797,3100,2026-07-29T11:17:00Z,IMPS,False,
BANK-TXN-00004981,ACCOUNT-000039,ACCOUNT-000629,31400,2026-06-18T07:46:00Z,IMPS,False,
BANK-TXN-00004982,ACCOUNT-001084,ACCOUNT-000195,24800,2026-08-18T07:14:00Z,UPI,False,
BANK-TXN-00004983,ACCOUNT-000741,ACCOUNT-001512,24600,2026-06-19T05:15:00Z,NEFT,False,
BANK-TXN-00004984,ACCOUNT-000342,ACCOUNT-000151,5600,2026-06-10T15:24:00Z,UPI,False,
BANK-TXN-00004985,ACCOUNT-001748,ACCOUNT-000840,24700,2026-08-04T02:35:00Z,UPI,False,
BANK-TXN-00004986,ACCOUNT-001002,ACCOUNT-000819,37400,2026-06-30T12:29:00Z,UPI,False,
BANK-TXN-00004987,ACCOUNT-000430,ACCOUNT-000740,12200,2026-06-18T12:47:00Z,UPI,False,
BANK-TXN-00004988,ACCOUNT-001220,ACCOUNT-000150,51200,2026-06-15T13:11:00Z,RTGS,False,
BANK-TXN-00004989,ACCOUNT-001337,ACCOUNT-001115,46800,2026-07-21T16:10:00Z,UPI,False,
BANK-TXN-00004990,ACCOUNT-000411,ACCOUNT-001245,46700,2026-06-12T23:09:00Z,UPI,False,
BANK-TXN-00004991,ACCOUNT-000745,ACCOUNT-001774,1500,2026-08-25T22:56:00Z,IMPS,False,
BANK-TXN-00004992,ACCOUNT-000685,ACCOUNT-000631,14600,2026-06-22T01:41:00Z,IMPS,False,
BANK-TXN-00004993,ACCOUNT-000846,ACCOUNT-000515,1700,2026-06-26T09:12:00Z,RTGS,False,
BANK-TXN-00004994,ACCOUNT-001237,ACCOUNT-000027,98600,2026-08-17T23:14:00Z,UPI,False,
BANK-TXN-00004995,ACCOUNT-001639,ACCOUNT-001913,21700,2026-07-10T06:02:00Z,IMPS,False,
BANK-TXN-00004996,ACCOUNT-000038,ACCOUNT-000639,79200,2026-06-09T01:18:00Z,RTGS,False,
BANK-TXN-00004997,ACCOUNT-000702,ACCOUNT-001855,2500,2026-06-28T16:18:00Z,UPI,False,
BANK-TXN-00004998,ACCOUNT-001923,ACCOUNT-001173,36500,2026-07-11T11:46:00Z,UPI,False,
BANK-TXN-00004999,ACCOUNT-000075,ACCOUNT-001197,9800,2026-06-03T13:58:00Z,UPI,False,
BANK-TXN-00005000,ACCOUNT-000372,ACCOUNT-000886,2400,2026-07-20T16:49:00Z,UPI,False,
BANK-TXN-00005001,ACCOUNT-000793,ACCOUNT-001163,19200,2026-06-17T12:50:00Z,IMPS,False,
BANK-TXN-00005002,ACCOUNT-000961,ACCOUNT-000213,19200,2026-06-04T04:19:00Z,NEFT,False,
BANK-TXN-00005003,ACCOUNT-000910,ACCOUNT-001266,36900,2026-08-03T17:04:00Z,UPI,False,
BANK-TXN-00005004,ACCOUNT-000237,ACCOUNT-001396,3000,2026-07-17T14:21:00Z,IMPS,False,
BANK-TXN-00005005,ACCOUNT-000422,ACCOUNT-001281,25100,2026-08-05T07:06:00Z,NEFT,False,
BANK-TXN-00005006,ACCOUNT-001201,ACCOUNT-000869,85200,2026-06-24T13:28:00Z,UPI,False,
BANK-TXN-00005007,ACCOUNT-001313,ACCOUNT-001407,4900,2026-06-19T12:56:00Z,UPI,False,
BANK-TXN-00005008,ACCOUNT-001380,ACCOUNT-001239,69300,2026-06-29T16:38:00Z,RTGS,False,
BANK-TXN-00005009,ACCOUNT-000981,ACCOUNT-001766,7600,2026-06-14T14:47:00Z,UPI,False,
BANK-TXN-00005010,ACCOUNT-001810,ACCOUNT-001017,8100,2026-08-22T17:48:00Z,UPI,False,
BANK-TXN-00005011,ACCOUNT-001010,ACCOUNT-001348,20000,2026-07-05T03:12:00Z,NEFT,False,
BANK-TXN-00005012,ACCOUNT-001636,ACCOUNT-000541,34800,2026-07-17T10:19:00Z,IMPS,False,
BANK-TXN-00005013,ACCOUNT-001678,ACCOUNT-001195,2300,2026-06-08T15:32:00Z,UPI,False,
BANK-TXN-00005014,ACCOUNT-001287,ACCOUNT-001658,18100,2026-07-29T15:32:00Z,IMPS,False,
BANK-TXN-00005015,ACCOUNT-001469,ACCOUNT-001308,16100,2026-08-12T15:11:00Z,UPI,False,
BANK-TXN-00005016,ACCOUNT-000348,ACCOUNT-001230,23400,2026-06-07T23:14:00Z,IMPS,False,
BANK-TXN-00005017,ACCOUNT-000645,ACCOUNT-001800,10600,2026-07-30T08:44:00Z,UPI,False,
BANK-TXN-00005018,ACCOUNT-001649,ACCOUNT-001669,5000,2026-07-15T15:05:00Z,RTGS,False,
BANK-TXN-00005019,ACCOUNT-001076,ACCOUNT-000015,9600,2026-07-12T15:47:00Z,UPI,False,
BANK-TXN-00005020,ACCOUNT-001895,ACCOUNT-000826,56100,2026-06-15T16:14:00Z,UPI,False,
BANK-TXN-00005021,ACCOUNT-001231,ACCOUNT-000778,4500,2026-07-21T01:27:00Z,NEFT,False,
BANK-TXN-00005022,ACCOUNT-001662,ACCOUNT-001600,5300,2026-08-25T11:31:00Z,RTGS,False,
BANK-TXN-00005023,ACCOUNT-001793,ACCOUNT-000563,30500,2026-08-17T13:14:00Z,UPI,False,
BANK-TXN-00005024,ACCOUNT-001447,ACCOUNT-000528,7600,2026-08-25T14:58:00Z,UPI,False,
BANK-TXN-00005025,ACCOUNT-000472,ACCOUNT-001781,30200,2026-06-21T12:23:00Z,UPI,False,
BANK-TXN-00005026,ACCOUNT-000597,ACCOUNT-001894,31800,2026-07-09T11:19:00Z,IMPS,False,
BANK-TXN-00005027,ACCOUNT-001616,ACCOUNT-001845,1600,2026-07-09T04:13:00Z,UPI,False,
BANK-TXN-00005028,ACCOUNT-001756,ACCOUNT-001949,81700,2026-08-11T03:48:00Z,UPI,False,
BANK-TXN-00005029,ACCOUNT-000229,ACCOUNT-000688,64500,2026-06-13T17:57:00Z,NEFT,False,
BANK-TXN-00005030,ACCOUNT-000143,ACCOUNT-000110,36100,2026-08-17T22:20:00Z,UPI,False,
BANK-TXN-00005031,ACCOUNT-001647,ACCOUNT-001093,12900,2026-08-14T07:22:00Z,UPI,False,
BANK-TXN-00005032,ACCOUNT-001061,ACCOUNT-000538,82400,2026-06-14T03:30:00Z,UPI,False,
BANK-TXN-00005033,ACCOUNT-001062,ACCOUNT-000403,27200,2026-07-29T04:59:00Z,UPI,False,
BANK-TXN-00005034,ACCOUNT-000441,ACCOUNT-001822,16900,2026-07-18T12:19:00Z,IMPS,False,
BANK-TXN-00005035,ACCOUNT-000969,ACCOUNT-001082,2300,2026-06-14T16:39:00Z,IMPS,False,
BANK-TXN-00005036,ACCOUNT-001574,ACCOUNT-001314,9800,2026-06-02T16:58:00Z,UPI,False,
BANK-TXN-00005037,ACCOUNT-001488,ACCOUNT-000827,26500,2026-06-22T11:33:00Z,UPI,False,
BANK-TXN-00005038,ACCOUNT-001304,ACCOUNT-001733,8800,2026-05-31T10:53:00Z,UPI,False,
BANK-TXN-00005039,ACCOUNT-001809,ACCOUNT-001473,8600,2026-07-08T02:05:00Z,UPI,False,
BANK-TXN-00005040,ACCOUNT-000385,ACCOUNT-001008,76600,2026-06-30T15:22:00Z,RTGS,False,
BANK-TXN-00005041,ACCOUNT-001377,ACCOUNT-000210,8100,2026-05-31T06:47:00Z,UPI,False,
BANK-TXN-00005042,ACCOUNT-001026,ACCOUNT-000914,89800,2026-08-27T14:16:00Z,RTGS,False,
BANK-TXN-00005043,ACCOUNT-001003,ACCOUNT-001186,46600,2026-08-20T06:20:00Z,IMPS,False,
BANK-TXN-00005044,ACCOUNT-000244,ACCOUNT-001816,3200,2026-08-25T05:43:00Z,UPI,False,
BANK-TXN-00005045,ACCOUNT-000932,ACCOUNT-001081,21200,2026-08-02T06:17:00Z,UPI,False,
BANK-TXN-00005046,ACCOUNT-000551,ACCOUNT-001050,23200,2026-08-03T05:46:00Z,NEFT,False,
BANK-TXN-00005047,ACCOUNT-000720,ACCOUNT-000948,17200,2026-08-01T12:05:00Z,IMPS,False,
BANK-TXN-00005048,ACCOUNT-000015,ACCOUNT-001778,8000,2026-07-22T03:21:00Z,UPI,False,
BANK-TXN-00005049,ACCOUNT-000119,ACCOUNT-001259,39100,2026-08-27T16:05:00Z,NEFT,False,
BANK-TXN-00005050,ACCOUNT-001037,ACCOUNT-000502,16200,2026-06-05T06:09:00Z,IMPS,False,
BANK-TXN-00005051,ACCOUNT-000170,ACCOUNT-000877,75700,2026-06-26T06:40:00Z,NEFT,False,
BANK-TXN-00005052,ACCOUNT-001942,ACCOUNT-000535,83700,2026-07-25T03:25:00Z,IMPS,False,
BANK-TXN-00005053,ACCOUNT-000647,ACCOUNT-001521,9000,2026-06-14T16:48:00Z,UPI,False,
BANK-TXN-00005054,ACCOUNT-001283,ACCOUNT-001818,13900,2026-07-12T12:06:00Z,UPI,False,
BANK-TXN-00005055,ACCOUNT-001280,ACCOUNT-001600,6300,2026-08-22T17:37:00Z,NEFT,False,
BANK-TXN-00005056,ACCOUNT-001330,ACCOUNT-000078,70500,2026-08-12T09:22:00Z,UPI,False,
BANK-TXN-00005057,ACCOUNT-000449,ACCOUNT-000044,7200,2026-06-13T05:50:00Z,NEFT,False,
BANK-TXN-00005058,ACCOUNT-000819,ACCOUNT-000723,2900,2026-07-26T01:45:00Z,IMPS,False,
BANK-TXN-00005059,ACCOUNT-001215,ACCOUNT-000241,1200,2026-07-14T15:10:00Z,IMPS,False,
BANK-TXN-00005060,ACCOUNT-000427,ACCOUNT-001894,68200,2026-08-08T22:51:00Z,UPI,False,
BANK-TXN-00005061,ACCOUNT-001144,ACCOUNT-001887,6200,2026-07-18T23:42:00Z,UPI,False,
BANK-TXN-00005062,ACCOUNT-001941,ACCOUNT-001089,48800,2026-08-11T07:12:00Z,UPI,False,
BANK-TXN-00005063,ACCOUNT-001655,ACCOUNT-001861,4500,2026-08-21T14:05:00Z,UPI,False,
BANK-TXN-00005064,ACCOUNT-000487,ACCOUNT-001864,23500,2026-08-21T02:38:00Z,UPI,False,
BANK-TXN-00005065,ACCOUNT-000919,ACCOUNT-000446,40300,2026-06-23T13:12:00Z,UPI,False,
BANK-TXN-00005066,ACCOUNT-000419,ACCOUNT-001202,18400,2026-06-22T02:51:00Z,IMPS,False,
BANK-TXN-00005067,ACCOUNT-000671,ACCOUNT-000485,3500,2026-06-22T05:37:00Z,UPI,False,
BANK-TXN-00005068,ACCOUNT-000298,ACCOUNT-001761,7700,2026-06-03T16:28:00Z,NEFT,False,
BANK-TXN-00005069,ACCOUNT-001745,ACCOUNT-000270,67500,2026-06-14T13:54:00Z,UPI,False,
BANK-TXN-00005070,ACCOUNT-000743,ACCOUNT-000748,90100,2026-06-07T11:34:00Z,UPI,False,
BANK-TXN-00005071,ACCOUNT-001483,ACCOUNT-000163,1600,2026-07-16T03:23:00Z,UPI,False,
BANK-TXN-00005072,ACCOUNT-001052,ACCOUNT-000254,66800,2026-06-16T12:14:00Z,NEFT,False,
BANK-TXN-00005073,ACCOUNT-000537,ACCOUNT-001520,10300,2026-06-25T11:54:00Z,NEFT,False,
BANK-TXN-00005074,ACCOUNT-001561,ACCOUNT-000603,4600,2026-06-24T10:23:00Z,NEFT,False,
BANK-TXN-00005075,ACCOUNT-001510,ACCOUNT-000063,17300,2026-06-24T09:19:00Z,UPI,False,
BANK-TXN-00005076,ACCOUNT-000595,ACCOUNT-000085,48800,2026-07-29T02:59:00Z,NEFT,False,
BANK-TXN-00005077,ACCOUNT-001220,ACCOUNT-001906,85700,2026-07-13T13:38:00Z,IMPS,False,
BANK-TXN-00005078,ACCOUNT-001914,ACCOUNT-000431,53900,2026-07-12T04:28:00Z,NEFT,False,
BANK-TXN-00005079,ACCOUNT-001040,ACCOUNT-001550,44800,2026-08-11T08:32:00Z,UPI,False,
BANK-TXN-00005080,ACCOUNT-000916,ACCOUNT-001573,31900,2026-07-02T08:01:00Z,UPI,False,
BANK-TXN-00005081,ACCOUNT-001790,ACCOUNT-000369,900,2026-07-12T14:15:00Z,UPI,False,
BANK-TXN-00005082,ACCOUNT-000917,ACCOUNT-000304,8000,2026-07-23T06:09:00Z,IMPS,False,
BANK-TXN-00005083,ACCOUNT-001261,ACCOUNT-000079,18400,2026-08-26T11:15:00Z,NEFT,False,
BANK-TXN-00005084,ACCOUNT-001229,ACCOUNT-000583,36800,2026-06-19T04:24:00Z,NEFT,False,
BANK-TXN-00005085,ACCOUNT-001889,ACCOUNT-001474,9300,2026-08-15T12:52:00Z,IMPS,False,
BANK-TXN-00005086,ACCOUNT-001615,ACCOUNT-000864,7100,2026-06-05T04:53:00Z,UPI,False,
BANK-TXN-00005087,ACCOUNT-000453,ACCOUNT-000704,36000,2026-08-25T02:11:00Z,UPI,False,
BANK-TXN-00005088,ACCOUNT-001279,ACCOUNT-001504,9900,2026-08-26T13:53:00Z,RTGS,False,
BANK-TXN-00005089,ACCOUNT-001006,ACCOUNT-000303,5400,2026-06-03T11:37:00Z,NEFT,False,
BANK-TXN-00005090,ACCOUNT-001674,ACCOUNT-000754,12600,2026-08-14T07:48:00Z,UPI,False,
BANK-TXN-00005091,ACCOUNT-001903,ACCOUNT-001305,18600,2026-08-22T21:42:00Z,IMPS,False,
BANK-TXN-00005092,ACCOUNT-001619,ACCOUNT-000594,21100,2026-07-14T13:39:00Z,NEFT,False,
BANK-TXN-00005093,ACCOUNT-000252,ACCOUNT-000869,6300,2026-06-18T01:18:00Z,UPI,False,
BANK-TXN-00005094,ACCOUNT-001901,ACCOUNT-001348,35600,2026-06-28T07:05:00Z,UPI,False,
BANK-TXN-00005095,ACCOUNT-001148,ACCOUNT-001681,24800,2026-06-11T14:00:00Z,UPI,False,
BANK-TXN-00005096,ACCOUNT-001030,ACCOUNT-000855,27200,2026-08-22T14:55:00Z,UPI,False,
BANK-TXN-00005097,ACCOUNT-000676,ACCOUNT-001394,5500,2026-06-29T10:11:00Z,IMPS,False,
BANK-TXN-00005098,ACCOUNT-001186,ACCOUNT-000936,69600,2026-06-15T15:35:00Z,NEFT,False,
BANK-TXN-00005099,ACCOUNT-001595,ACCOUNT-001922,4300,2026-06-11T07:45:00Z,IMPS,False,
BANK-TXN-00005100,ACCOUNT-000074,ACCOUNT-001073,75900,2026-06-16T01:04:00Z,UPI,False,
BANK-TXN-00005101,ACCOUNT-001324,ACCOUNT-001392,19500,2026-08-25T01:58:00Z,IMPS,False,
BANK-TXN-00005102,ACCOUNT-001131,ACCOUNT-000404,15200,2026-06-13T19:54:00Z,UPI,False,
BANK-TXN-00005103,ACCOUNT-000332,ACCOUNT-000832,9300,2026-07-23T21:21:00Z,IMPS,False,
BANK-TXN-00005104,ACCOUNT-000487,ACCOUNT-001450,8100,2026-08-01T02:33:00Z,IMPS,False,
BANK-TXN-00005105,ACCOUNT-000379,ACCOUNT-001863,8400,2026-08-28T08:04:00Z,IMPS,False,
BANK-TXN-00005106,ACCOUNT-000917,ACCOUNT-001063,77200,2026-08-07T01:56:00Z,IMPS,False,
BANK-TXN-00005107,ACCOUNT-001082,ACCOUNT-000609,55000,2026-07-23T01:32:00Z,IMPS,False,
BANK-TXN-00005108,ACCOUNT-000845,ACCOUNT-001583,13400,2026-07-02T12:45:00Z,IMPS,False,
BANK-TXN-00005109,ACCOUNT-001114,ACCOUNT-000477,6800,2026-07-21T10:55:00Z,UPI,False,
BANK-TXN-00005110,ACCOUNT-001569,ACCOUNT-000829,9600,2026-07-04T14:43:00Z,NEFT,False,
BANK-TXN-00005111,ACCOUNT-000629,ACCOUNT-000563,59900,2026-08-25T15:19:00Z,IMPS,False,
BANK-TXN-00005112,ACCOUNT-001567,ACCOUNT-000341,31100,2026-06-26T09:33:00Z,UPI,False,
BANK-TXN-00005113,ACCOUNT-001608,ACCOUNT-001334,74200,2026-07-18T10:17:00Z,UPI,False,
BANK-TXN-00005114,ACCOUNT-001751,ACCOUNT-000620,19900,2026-07-25T09:50:00Z,UPI,False,
BANK-TXN-00005115,ACCOUNT-001360,ACCOUNT-000181,45800,2026-07-20T02:44:00Z,IMPS,False,
BANK-TXN-00005116,ACCOUNT-001625,ACCOUNT-001166,2100,2026-06-11T07:45:00Z,UPI,False,
BANK-TXN-00005117,ACCOUNT-000896,ACCOUNT-000827,64200,2026-07-20T08:48:00Z,UPI,False,
BANK-TXN-00005118,ACCOUNT-000313,ACCOUNT-001284,3600,2026-07-11T06:23:00Z,NEFT,False,
BANK-TXN-00005119,ACCOUNT-001650,ACCOUNT-000769,34900,2026-07-25T06:23:00Z,UPI,False,
BANK-TXN-00005120,ACCOUNT-001655,ACCOUNT-001064,59300,2026-08-20T01:53:00Z,NEFT,False,
BANK-TXN-00005121,ACCOUNT-001181,ACCOUNT-001601,6700,2026-08-10T15:11:00Z,UPI,False,
BANK-TXN-00005122,ACCOUNT-001005,ACCOUNT-000282,30300,2026-08-05T03:46:00Z,UPI,False,
BANK-TXN-00005123,ACCOUNT-001448,ACCOUNT-001143,1400,2026-07-25T21:36:00Z,UPI,False,
BANK-TXN-00005124,ACCOUNT-001008,ACCOUNT-001884,22600,2026-07-21T07:27:00Z,UPI,False,
BANK-TXN-00005125,ACCOUNT-000106,ACCOUNT-001902,69700,2026-07-26T06:40:00Z,IMPS,False,
BANK-TXN-00005126,ACCOUNT-001871,ACCOUNT-001822,41600,2026-07-18T08:32:00Z,NEFT,False,
BANK-TXN-00005127,ACCOUNT-001877,ACCOUNT-001620,69700,2026-07-12T05:31:00Z,IMPS,False,
BANK-TXN-00005128,ACCOUNT-000005,ACCOUNT-000111,7500,2026-07-14T14:06:00Z,IMPS,False,
BANK-TXN-00005129,ACCOUNT-000981,ACCOUNT-001335,63500,2026-07-05T15:44:00Z,UPI,False,
BANK-TXN-00005130,ACCOUNT-000849,ACCOUNT-001875,20500,2026-07-31T17:58:00Z,UPI,False,
BANK-TXN-00005131,ACCOUNT-000890,ACCOUNT-000728,14500,2026-08-04T03:09:00Z,UPI,False,
BANK-TXN-00005132,ACCOUNT-000598,ACCOUNT-000310,36300,2026-08-17T01:28:00Z,UPI,False,
BANK-TXN-00005133,ACCOUNT-001466,ACCOUNT-000205,12100,2026-07-12T17:45:00Z,IMPS,False,
BANK-TXN-00005134,ACCOUNT-000190,ACCOUNT-001171,2200,2026-06-22T13:18:00Z,UPI,False,
BANK-TXN-00005135,ACCOUNT-001285,ACCOUNT-000208,66300,2026-07-29T16:04:00Z,UPI,False,
BANK-TXN-00005136,ACCOUNT-000180,ACCOUNT-001282,6100,2026-07-26T00:02:00Z,IMPS,False,
BANK-TXN-00005137,ACCOUNT-001026,ACCOUNT-001778,6100,2026-06-29T03:34:00Z,NEFT,False,
BANK-TXN-00005138,ACCOUNT-001376,ACCOUNT-001211,13200,2026-06-01T07:11:00Z,UPI,False,
BANK-TXN-00005139,ACCOUNT-001123,ACCOUNT-000197,81500,2026-08-28T12:02:00Z,RTGS,False,
BANK-TXN-00005140,ACCOUNT-001509,ACCOUNT-001687,5800,2026-06-27T21:37:00Z,IMPS,False,
BANK-TXN-00005141,ACCOUNT-001083,ACCOUNT-000548,24800,2026-07-15T11:07:00Z,NEFT,False,
BANK-TXN-00005142,ACCOUNT-000833,ACCOUNT-000742,8000,2026-06-10T09:39:00Z,UPI,False,
BANK-TXN-00005143,ACCOUNT-000370,ACCOUNT-000720,1900,2026-06-11T09:54:00Z,UPI,False,
BANK-TXN-00005144,ACCOUNT-001851,ACCOUNT-001032,4100,2026-08-04T21:05:00Z,UPI,False,
BANK-TXN-00005145,ACCOUNT-001499,ACCOUNT-001837,26900,2026-07-13T17:58:00Z,UPI,False,
BANK-TXN-00005146,ACCOUNT-001539,ACCOUNT-000314,73300,2026-08-11T18:25:00Z,UPI,False,
BANK-TXN-00005147,ACCOUNT-001646,ACCOUNT-001917,21400,2026-08-03T05:53:00Z,UPI,False,
BANK-TXN-00005148,ACCOUNT-001709,ACCOUNT-000318,56400,2026-08-23T14:55:00Z,UPI,False,
BANK-TXN-00005149,ACCOUNT-000510,ACCOUNT-001639,33900,2026-08-17T16:33:00Z,UPI,False,
BANK-TXN-00005150,ACCOUNT-000089,ACCOUNT-000360,49700,2026-07-31T16:55:00Z,UPI,False,
BANK-TXN-00005151,ACCOUNT-001045,ACCOUNT-000046,33300,2026-07-06T06:44:00Z,UPI,False,
BANK-TXN-00005152,ACCOUNT-000307,ACCOUNT-000863,4400,2026-07-01T02:03:00Z,UPI,False,
BANK-TXN-00005153,ACCOUNT-001289,ACCOUNT-001827,43500,2026-06-29T06:51:00Z,UPI,False,
BANK-TXN-00005154,ACCOUNT-000016,ACCOUNT-001822,39000,2026-07-14T03:06:00Z,UPI,False,
BANK-TXN-00005155,ACCOUNT-000873,ACCOUNT-001186,1200,2026-08-28T14:56:00Z,UPI,False,
BANK-TXN-00005156,ACCOUNT-001071,ACCOUNT-000188,60300,2026-07-10T11:16:00Z,NEFT,False,
BANK-TXN-00005157,ACCOUNT-000494,ACCOUNT-000748,5100,2026-08-04T09:46:00Z,IMPS,False,
BANK-TXN-00005158,ACCOUNT-000759,ACCOUNT-000559,12000,2026-06-22T15:23:00Z,NEFT,False,
BANK-TXN-00005159,ACCOUNT-000858,ACCOUNT-000678,39800,2026-06-29T05:03:00Z,UPI,False,
BANK-TXN-00005160,ACCOUNT-000298,ACCOUNT-001763,1000,2026-08-15T07:46:00Z,UPI,False,
BANK-TXN-00005161,ACCOUNT-000811,ACCOUNT-001400,18400,2026-07-26T12:27:00Z,IMPS,False,
BANK-TXN-00005162,ACCOUNT-001175,ACCOUNT-000051,5000,2026-08-10T07:41:00Z,IMPS,False,
BANK-TXN-00005163,ACCOUNT-000133,ACCOUNT-000662,12500,2026-07-20T10:58:00Z,UPI,False,
BANK-TXN-00005164,ACCOUNT-000454,ACCOUNT-000390,6400,2026-07-23T13:37:00Z,RTGS,False,
BANK-TXN-00005165,ACCOUNT-000416,ACCOUNT-001565,17700,2026-07-29T23:30:00Z,UPI,False,
BANK-TXN-00005166,ACCOUNT-001435,ACCOUNT-001783,96000,2026-08-22T23:08:00Z,UPI,False,
BANK-TXN-00005167,ACCOUNT-000831,ACCOUNT-001580,25800,2026-07-26T15:01:00Z,IMPS,False,
BANK-TXN-00005168,ACCOUNT-000301,ACCOUNT-000197,21200,2026-06-30T23:13:00Z,UPI,False,
BANK-TXN-00005169,ACCOUNT-001678,ACCOUNT-000377,58600,2026-07-16T07:05:00Z,IMPS,False,
BANK-TXN-00005170,ACCOUNT-001393,ACCOUNT-001710,88100,2026-07-31T04:02:00Z,UPI,False,
BANK-TXN-00005171,ACCOUNT-000920,ACCOUNT-001315,3000,2026-06-20T13:27:00Z,UPI,False,
BANK-TXN-00005172,ACCOUNT-000911,ACCOUNT-000768,49300,2026-08-24T13:54:00Z,IMPS,False,
BANK-TXN-00005173,ACCOUNT-001412,ACCOUNT-001586,400,2026-06-17T15:12:00Z,IMPS,False,
BANK-TXN-00005174,ACCOUNT-001477,ACCOUNT-000744,89300,2026-06-14T19:36:00Z,UPI,False,
BANK-TXN-00005175,ACCOUNT-000507,ACCOUNT-001470,7400,2026-06-06T20:23:00Z,UPI,False,
BANK-TXN-00005176,ACCOUNT-001024,ACCOUNT-000058,17600,2026-06-23T09:08:00Z,UPI,False,
BANK-TXN-00005177,ACCOUNT-000718,ACCOUNT-001443,13800,2026-06-09T14:05:00Z,RTGS,False,
BANK-TXN-00005178,ACCOUNT-000685,ACCOUNT-001170,25500,2026-08-03T02:37:00Z,IMPS,False,
BANK-TXN-00005179,ACCOUNT-001746,ACCOUNT-001927,63300,2026-07-11T05:00:00Z,UPI,False,
BANK-TXN-00005180,ACCOUNT-001781,ACCOUNT-000026,20800,2026-06-29T10:19:00Z,UPI,False,
BANK-TXN-00005181,ACCOUNT-001929,ACCOUNT-001478,7600,2026-08-05T12:23:00Z,UPI,False,
BANK-TXN-00005182,ACCOUNT-000264,ACCOUNT-001910,800,2026-06-09T08:10:00Z,IMPS,False,
BANK-TXN-00005183,ACCOUNT-001050,ACCOUNT-001763,95300,2026-08-26T06:59:00Z,NEFT,False,
BANK-TXN-00005184,ACCOUNT-000452,ACCOUNT-000893,64200,2026-08-28T09:56:00Z,NEFT,False,
BANK-TXN-00005185,ACCOUNT-000008,ACCOUNT-001669,400,2026-06-18T20:31:00Z,NEFT,False,
BANK-TXN-00005186,ACCOUNT-000279,ACCOUNT-001024,51200,2026-06-01T12:50:00Z,UPI,False,
BANK-TXN-00005187,ACCOUNT-001729,ACCOUNT-001644,36900,2026-06-04T08:27:00Z,NEFT,False,
BANK-TXN-00005188,ACCOUNT-001744,ACCOUNT-001016,73700,2026-08-22T19:18:00Z,UPI,False,
BANK-TXN-00005189,ACCOUNT-000790,ACCOUNT-001038,3700,2026-08-12T03:54:00Z,UPI,False,
BANK-TXN-00005190,ACCOUNT-001327,ACCOUNT-001344,25700,2026-06-13T02:41:00Z,RTGS,False,
BANK-TXN-00005191,ACCOUNT-000921,ACCOUNT-000415,19900,2026-06-08T14:22:00Z,IMPS,False,
BANK-TXN-00005192,ACCOUNT-001153,ACCOUNT-001405,5900,2026-08-14T00:08:00Z,UPI,False,
BANK-TXN-00005193,ACCOUNT-001773,ACCOUNT-001672,31100,2026-08-13T01:37:00Z,NEFT,False,
BANK-TXN-00005194,ACCOUNT-001494,ACCOUNT-001708,45400,2026-06-17T02:18:00Z,UPI,False,
BANK-TXN-00005195,ACCOUNT-001087,ACCOUNT-001603,400,2026-06-04T09:38:00Z,UPI,False,
BANK-TXN-00005196,ACCOUNT-000217,ACCOUNT-000870,71300,2026-06-30T06:04:00Z,IMPS,False,
BANK-TXN-00005197,ACCOUNT-000388,ACCOUNT-000744,3200,2026-06-20T17:52:00Z,IMPS,False,
BANK-TXN-00005198,ACCOUNT-000537,ACCOUNT-001044,36500,2026-07-02T01:42:00Z,IMPS,False,
BANK-TXN-00005199,ACCOUNT-000766,ACCOUNT-001769,24000,2026-06-11T02:18:00Z,UPI,False,
BANK-TXN-00005200,ACCOUNT-001100,ACCOUNT-000482,74000,2026-07-12T13:23:00Z,IMPS,False,
BANK-TXN-00005201,ACCOUNT-000364,ACCOUNT-000719,4000,2026-08-10T06:07:00Z,UPI,False,
BANK-TXN-00005202,ACCOUNT-001428,ACCOUNT-000779,1000,2026-07-27T12:24:00Z,UPI,False,
BANK-TXN-00005203,ACCOUNT-001006,ACCOUNT-000230,79400,2026-06-16T19:34:00Z,UPI,False,
BANK-TXN-00005204,ACCOUNT-000757,ACCOUNT-000490,1600,2026-06-03T22:20:00Z,IMPS,False,
BANK-TXN-00005205,ACCOUNT-000980,ACCOUNT-001141,38500,2026-08-01T21:19:00Z,UPI,False,
BANK-TXN-00005206,ACCOUNT-001634,ACCOUNT-001512,18400,2026-06-28T13:45:00Z,UPI,False,
BANK-TXN-00005207,ACCOUNT-001413,ACCOUNT-000352,24000,2026-08-22T17:17:00Z,RTGS,False,
BANK-TXN-00005208,ACCOUNT-000520,ACCOUNT-000984,58000,2026-06-25T17:49:00Z,UPI,False,
BANK-TXN-00005209,ACCOUNT-001751,ACCOUNT-001361,13100,2026-06-14T16:13:00Z,UPI,False,
BANK-TXN-00005210,ACCOUNT-001169,ACCOUNT-000339,2900,2026-08-12T17:46:00Z,IMPS,False,
BANK-TXN-00005211,ACCOUNT-001046,ACCOUNT-000884,8600,2026-07-17T03:00:00Z,IMPS,False,
BANK-TXN-00005212,ACCOUNT-001405,ACCOUNT-001478,2100,2026-07-03T13:12:00Z,UPI,False,
BANK-TXN-00005213,ACCOUNT-000988,ACCOUNT-001419,54000,2026-06-05T11:30:00Z,UPI,False,
BANK-TXN-00005214,ACCOUNT-000418,ACCOUNT-000152,18100,2026-08-12T08:47:00Z,UPI,False,
BANK-TXN-00005215,ACCOUNT-000508,ACCOUNT-001030,22600,2026-05-31T19:16:00Z,UPI,False,
BANK-TXN-00005216,ACCOUNT-001756,ACCOUNT-001204,5300,2026-08-10T03:31:00Z,IMPS,False,
BANK-TXN-00005217,ACCOUNT-001056,ACCOUNT-000071,21500,2026-08-04T13:16:00Z,IMPS,False,
BANK-TXN-00005218,ACCOUNT-000856,ACCOUNT-000382,55100,2026-06-11T15:48:00Z,UPI,False,
BANK-TXN-00005219,ACCOUNT-000774,ACCOUNT-001823,77400,2026-07-01T01:09:00Z,UPI,False,
BANK-TXN-00005220,ACCOUNT-000034,ACCOUNT-000819,82900,2026-06-16T06:46:00Z,NEFT,False,
BANK-TXN-00005221,ACCOUNT-000545,ACCOUNT-001643,200,2026-08-15T20:15:00Z,UPI,False,
BANK-TXN-00005222,ACCOUNT-001758,ACCOUNT-000997,7200,2026-06-14T11:21:00Z,UPI,False,
BANK-TXN-00005223,ACCOUNT-001198,ACCOUNT-000308,3400,2026-08-14T03:00:00Z,IMPS,False,
BANK-TXN-00005224,ACCOUNT-001035,ACCOUNT-001118,82800,2026-06-08T09:21:00Z,UPI,False,
BANK-TXN-00005225,ACCOUNT-000319,ACCOUNT-001562,49800,2026-06-09T09:37:00Z,RTGS,False,
BANK-TXN-00005226,ACCOUNT-000431,ACCOUNT-001083,700,2026-07-20T05:04:00Z,UPI,False,
BANK-TXN-00005227,ACCOUNT-001468,ACCOUNT-001023,34400,2026-08-24T04:41:00Z,UPI,False,
BANK-TXN-00005228,ACCOUNT-001317,ACCOUNT-000190,7400,2026-07-07T14:01:00Z,UPI,False,
BANK-TXN-00005229,ACCOUNT-001705,ACCOUNT-001927,29100,2026-07-17T02:42:00Z,UPI,False,
BANK-TXN-00005230,ACCOUNT-000365,ACCOUNT-000253,40900,2026-07-30T13:44:00Z,IMPS,False,
BANK-TXN-00005231,ACCOUNT-000348,ACCOUNT-000296,3200,2026-06-05T15:42:00Z,NEFT,False,
BANK-TXN-00005232,ACCOUNT-000171,ACCOUNT-001538,6700,2026-07-03T15:42:00Z,UPI,False,
BANK-TXN-00005233,ACCOUNT-001870,ACCOUNT-000128,22000,2026-06-10T02:07:00Z,IMPS,False,
BANK-TXN-00005234,ACCOUNT-001477,ACCOUNT-001356,8600,2026-08-22T12:10:00Z,UPI,False,
BANK-TXN-00005235,ACCOUNT-000158,ACCOUNT-000106,12700,2026-07-03T09:11:00Z,UPI,False,
BANK-TXN-00005236,ACCOUNT-000691,ACCOUNT-000274,4800,2026-08-19T15:12:00Z,UPI,False,
BANK-TXN-00005237,ACCOUNT-001870,ACCOUNT-000350,33600,2026-08-07T14:54:00Z,UPI,False,
BANK-TXN-00005238,ACCOUNT-000785,ACCOUNT-001054,31400,2026-08-23T03:39:00Z,IMPS,False,
BANK-TXN-00005239,ACCOUNT-000176,ACCOUNT-001083,9300,2026-07-17T15:48:00Z,UPI,False,
BANK-TXN-00005240,ACCOUNT-000803,ACCOUNT-000737,90900,2026-08-27T17:39:00Z,NEFT,False,
BANK-TXN-00005241,ACCOUNT-000674,ACCOUNT-001854,24100,2026-07-04T07:04:00Z,UPI,False,
BANK-TXN-00005242,ACCOUNT-001325,ACCOUNT-001255,39000,2026-08-16T08:14:00Z,UPI,False,
BANK-TXN-00005243,ACCOUNT-000122,ACCOUNT-001442,14500,2026-07-17T16:09:00Z,UPI,False,
BANK-TXN-00005244,ACCOUNT-001668,ACCOUNT-001198,14000,2026-08-14T08:54:00Z,IMPS,False,
BANK-TXN-00005245,ACCOUNT-001865,ACCOUNT-001245,1900,2026-07-25T11:42:00Z,UPI,False,
BANK-TXN-00005246,ACCOUNT-000173,ACCOUNT-000444,48000,2026-06-24T01:16:00Z,IMPS,False,
BANK-TXN-00005247,ACCOUNT-000389,ACCOUNT-001189,33200,2026-08-13T14:50:00Z,UPI,False,
BANK-TXN-00005248,ACCOUNT-001856,ACCOUNT-000248,2900,2026-08-08T05:59:00Z,UPI,False,
BANK-TXN-00005249,ACCOUNT-000088,ACCOUNT-000312,17800,2026-08-22T09:28:00Z,UPI,False,
BANK-TXN-00005250,ACCOUNT-001031,ACCOUNT-001052,65200,2026-06-23T13:37:00Z,UPI,False,
BANK-TXN-00005251,ACCOUNT-001416,ACCOUNT-001111,56300,2026-08-10T11:09:00Z,UPI,False,
BANK-TXN-00005252,ACCOUNT-000790,ACCOUNT-000937,2700,2026-06-04T14:22:00Z,UPI,False,
BANK-TXN-00005253,ACCOUNT-000560,ACCOUNT-001422,14800,2026-06-08T09:02:00Z,IMPS,False,
BANK-TXN-00005254,ACCOUNT-001474,ACCOUNT-000233,700,2026-06-18T08:03:00Z,UPI,False,
BANK-TXN-00005255,ACCOUNT-001060,ACCOUNT-000645,46200,2026-08-11T16:38:00Z,NEFT,False,
BANK-TXN-00005256,ACCOUNT-001572,ACCOUNT-000350,10300,2026-07-29T14:26:00Z,IMPS,False,
BANK-TXN-00005257,ACCOUNT-000303,ACCOUNT-001806,46300,2026-07-27T13:35:00Z,UPI,False,
BANK-TXN-00005258,ACCOUNT-000498,ACCOUNT-001599,16300,2026-08-08T23:52:00Z,NEFT,False,
BANK-TXN-00005259,ACCOUNT-001552,ACCOUNT-001805,36200,2026-07-27T17:26:00Z,IMPS,False,
BANK-TXN-00005260,ACCOUNT-001667,ACCOUNT-000918,8900,2026-06-29T13:41:00Z,NEFT,False,
BANK-TXN-00005261,ACCOUNT-000406,ACCOUNT-001335,88400,2026-06-08T02:18:00Z,UPI,False,
BANK-TXN-00005262,ACCOUNT-001311,ACCOUNT-001447,32700,2026-07-05T07:02:00Z,UPI,False,
BANK-TXN-00005263,ACCOUNT-001105,ACCOUNT-001436,300,2026-06-26T11:52:00Z,UPI,False,
BANK-TXN-00005264,ACCOUNT-000693,ACCOUNT-000366,1600,2026-07-22T04:57:00Z,NEFT,False,
BANK-TXN-00005265,ACCOUNT-001432,ACCOUNT-000074,86500,2026-07-12T04:59:00Z,NEFT,False,
BANK-TXN-00005266,ACCOUNT-001879,ACCOUNT-000297,7200,2026-07-23T05:09:00Z,UPI,False,
BANK-TXN-00005267,ACCOUNT-000886,ACCOUNT-000710,80300,2026-07-22T03:33:00Z,IMPS,False,
BANK-TXN-00005268,ACCOUNT-001216,ACCOUNT-000365,8700,2026-06-27T00:33:00Z,IMPS,False,
BANK-TXN-00005269,ACCOUNT-001433,ACCOUNT-000380,58600,2026-07-31T10:54:00Z,IMPS,False,
BANK-TXN-00005270,ACCOUNT-001048,ACCOUNT-001181,9200,2026-08-04T02:19:00Z,IMPS,False,
BANK-TXN-00005271,ACCOUNT-001592,ACCOUNT-001709,51000,2026-07-01T10:33:00Z,UPI,False,
BANK-TXN-00005272,ACCOUNT-001511,ACCOUNT-001882,7200,2026-08-23T15:19:00Z,NEFT,False,
BANK-TXN-00005273,ACCOUNT-000936,ACCOUNT-001584,80800,2026-06-06T15:27:00Z,UPI,False,
BANK-TXN-00005274,ACCOUNT-000482,ACCOUNT-000145,80300,2026-08-18T07:17:00Z,UPI,False,
BANK-TXN-00005275,ACCOUNT-000166,ACCOUNT-001333,43400,2026-08-04T14:41:00Z,UPI,False,
BANK-TXN-00005276,ACCOUNT-000015,ACCOUNT-001670,3200,2026-06-29T00:19:00Z,UPI,False,
BANK-TXN-00005277,ACCOUNT-000013,ACCOUNT-001482,24400,2026-06-18T10:11:00Z,UPI,False,
BANK-TXN-00005278,ACCOUNT-001184,ACCOUNT-001249,10000,2026-06-11T06:35:00Z,UPI,False,
BANK-TXN-00005279,ACCOUNT-000774,ACCOUNT-001034,9900,2026-07-06T07:34:00Z,UPI,False,
BANK-TXN-00005280,ACCOUNT-001120,ACCOUNT-001914,68300,2026-08-27T05:02:00Z,UPI,False,
BANK-TXN-00005281,ACCOUNT-001600,ACCOUNT-001686,17100,2026-07-27T10:13:00Z,IMPS,False,
BANK-TXN-00005282,ACCOUNT-000334,ACCOUNT-001844,1300,2026-07-12T09:39:00Z,NEFT,False,
BANK-TXN-00005283,ACCOUNT-001689,ACCOUNT-000387,2300,2026-08-24T06:21:00Z,UPI,False,
BANK-TXN-00005284,ACCOUNT-001192,ACCOUNT-000847,4800,2026-08-02T08:38:00Z,IMPS,False,
BANK-TXN-00005285,ACCOUNT-001878,ACCOUNT-000204,18700,2026-08-25T09:29:00Z,UPI,False,
BANK-TXN-00005286,ACCOUNT-000472,ACCOUNT-001763,10200,2026-07-05T15:12:00Z,NEFT,False,
BANK-TXN-00005287,ACCOUNT-000687,ACCOUNT-001504,8100,2026-08-25T15:29:00Z,NEFT,False,
BANK-TXN-00005288,ACCOUNT-001855,ACCOUNT-000292,47100,2026-08-10T15:52:00Z,IMPS,False,
BANK-TXN-00005289,ACCOUNT-001728,ACCOUNT-001029,9300,2026-06-30T03:58:00Z,UPI,False,
BANK-TXN-00005290,ACCOUNT-001298,ACCOUNT-001691,2900,2026-06-20T18:27:00Z,UPI,False,
BANK-TXN-00005291,ACCOUNT-001623,ACCOUNT-001789,88400,2026-06-22T05:19:00Z,UPI,False,
BANK-TXN-00005292,ACCOUNT-001935,ACCOUNT-001763,13500,2026-07-20T08:13:00Z,RTGS,False,
BANK-TXN-00005293,ACCOUNT-000246,ACCOUNT-000145,71600,2026-08-08T12:40:00Z,UPI,False,
BANK-TXN-00005294,ACCOUNT-001755,ACCOUNT-001020,93000,2026-08-01T20:41:00Z,RTGS,False,
BANK-TXN-00005295,ACCOUNT-000489,ACCOUNT-000216,29100,2026-08-26T00:28:00Z,RTGS,False,
BANK-TXN-00005296,ACCOUNT-000111,ACCOUNT-001673,95400,2026-07-04T07:39:00Z,UPI,False,
BANK-TXN-00005297,ACCOUNT-001701,ACCOUNT-000054,54800,2026-08-25T15:01:00Z,UPI,False,
BANK-TXN-00005298,ACCOUNT-000039,ACCOUNT-000499,4400,2026-07-06T14:37:00Z,UPI,False,
BANK-TXN-00005299,ACCOUNT-000092,ACCOUNT-000265,4600,2026-08-20T11:41:00Z,UPI,False,
BANK-TXN-00005300,ACCOUNT-001115,ACCOUNT-000179,20800,2026-07-02T21:27:00Z,UPI,False,
BANK-TXN-00005301,ACCOUNT-001300,ACCOUNT-001127,6100,2026-06-29T10:19:00Z,IMPS,False,
BANK-TXN-00005302,ACCOUNT-000577,ACCOUNT-001164,1400,2026-06-12T09:05:00Z,IMPS,False,
BANK-TXN-00005303,ACCOUNT-000043,ACCOUNT-000574,31500,2026-08-04T08:18:00Z,UPI,False,
BANK-TXN-00005304,ACCOUNT-000420,ACCOUNT-000629,34200,2026-07-20T17:58:00Z,UPI,False,
BANK-TXN-00005305,ACCOUNT-000093,ACCOUNT-001649,500,2026-08-26T14:35:00Z,UPI,False,
BANK-TXN-00005306,ACCOUNT-000599,ACCOUNT-000227,18500,2026-08-03T17:39:00Z,RTGS,False,
BANK-TXN-00005307,ACCOUNT-000933,ACCOUNT-001170,44400,2026-07-21T17:14:00Z,RTGS,False,
BANK-TXN-00005308,ACCOUNT-000301,ACCOUNT-001403,99100,2026-06-02T17:46:00Z,UPI,False,
BANK-TXN-00005309,ACCOUNT-001547,ACCOUNT-001763,3200,2026-06-01T11:18:00Z,UPI,False,
BANK-TXN-00005310,ACCOUNT-001600,ACCOUNT-000158,98100,2026-06-23T05:22:00Z,IMPS,False,
BANK-TXN-00005311,ACCOUNT-001018,ACCOUNT-001465,37500,2026-06-19T02:08:00Z,UPI,False,
BANK-TXN-00005312,ACCOUNT-001507,ACCOUNT-000897,74500,2026-07-12T04:47:00Z,UPI,False,
BANK-TXN-00005313,ACCOUNT-000157,ACCOUNT-000264,99700,2026-08-01T09:55:00Z,IMPS,False,
BANK-TXN-00005314,ACCOUNT-001259,ACCOUNT-000935,1800,2026-06-07T08:50:00Z,UPI,False,
BANK-TXN-00005315,ACCOUNT-000461,ACCOUNT-000080,18100,2026-07-24T13:23:00Z,UPI,False,
BANK-TXN-00005316,ACCOUNT-001027,ACCOUNT-000840,46200,2026-06-24T05:55:00Z,IMPS,False,
BANK-TXN-00005317,ACCOUNT-000575,ACCOUNT-000233,3200,2026-06-21T10:17:00Z,RTGS,False,
BANK-TXN-00005318,ACCOUNT-001186,ACCOUNT-001347,1600,2026-07-08T06:14:00Z,IMPS,False,
BANK-TXN-00005319,ACCOUNT-001629,ACCOUNT-000220,23000,2026-07-15T03:09:00Z,UPI,False,
BANK-TXN-00005320,ACCOUNT-000395,ACCOUNT-001858,16100,2026-06-17T18:26:00Z,IMPS,False,
BANK-TXN-00005321,ACCOUNT-001476,ACCOUNT-000288,14800,2026-08-24T13:43:00Z,IMPS,False,
BANK-TXN-00005322,ACCOUNT-001196,ACCOUNT-000375,16400,2026-07-02T19:24:00Z,UPI,False,
BANK-TXN-00005323,ACCOUNT-000841,ACCOUNT-000467,25200,2026-06-23T14:34:00Z,UPI,False,
BANK-TXN-00005324,ACCOUNT-000112,ACCOUNT-001514,15000,2026-06-30T01:56:00Z,UPI,False,
BANK-TXN-00005325,ACCOUNT-001345,ACCOUNT-000572,19100,2026-08-05T21:03:00Z,IMPS,False,
BANK-TXN-00005326,ACCOUNT-000714,ACCOUNT-001473,16800,2026-07-16T06:17:00Z,UPI,False,
BANK-TXN-00005327,ACCOUNT-001556,ACCOUNT-001740,86200,2026-08-24T12:02:00Z,IMPS,False,
BANK-TXN-00005328,ACCOUNT-000847,ACCOUNT-000934,77500,2026-06-30T07:28:00Z,RTGS,False,
BANK-TXN-00005329,ACCOUNT-001204,ACCOUNT-001899,5600,2026-08-07T08:03:00Z,IMPS,False,
BANK-TXN-00005330,ACCOUNT-000065,ACCOUNT-001517,1800,2026-08-24T11:52:00Z,UPI,False,
BANK-TXN-00005331,ACCOUNT-001549,ACCOUNT-001267,1200,2026-07-20T11:56:00Z,UPI,False,
BANK-TXN-00005332,ACCOUNT-000217,ACCOUNT-001410,85400,2026-07-03T13:29:00Z,UPI,False,
BANK-TXN-00005333,ACCOUNT-001933,ACCOUNT-000573,24100,2026-08-16T02:59:00Z,UPI,False,
BANK-TXN-00005334,ACCOUNT-000991,ACCOUNT-000168,7700,2026-06-23T12:43:00Z,UPI,False,
BANK-TXN-00005335,ACCOUNT-000599,ACCOUNT-000616,78000,2026-06-26T20:44:00Z,UPI,False,
BANK-TXN-00005336,ACCOUNT-000169,ACCOUNT-000236,36900,2026-08-26T01:28:00Z,IMPS,False,
BANK-TXN-00005337,ACCOUNT-000473,ACCOUNT-000497,4500,2026-08-08T14:11:00Z,UPI,False,
BANK-TXN-00005338,ACCOUNT-000602,ACCOUNT-000460,19600,2026-08-25T11:52:00Z,IMPS,False,
BANK-TXN-00005339,ACCOUNT-001583,ACCOUNT-001086,41800,2026-06-17T00:05:00Z,NEFT,False,
BANK-TXN-00005340,ACCOUNT-001231,ACCOUNT-001662,1700,2026-06-03T20:47:00Z,IMPS,False,
BANK-TXN-00005341,ACCOUNT-000467,ACCOUNT-001052,80400,2026-08-16T05:32:00Z,NEFT,False,
BANK-TXN-00005342,ACCOUNT-001025,ACCOUNT-001912,46500,2026-06-14T09:44:00Z,IMPS,False,
BANK-TXN-00005343,ACCOUNT-000581,ACCOUNT-000957,700,2026-08-26T15:27:00Z,NEFT,False,
BANK-TXN-00005344,ACCOUNT-001393,ACCOUNT-000393,16200,2026-08-21T19:33:00Z,UPI,False,
BANK-TXN-00005345,ACCOUNT-000172,ACCOUNT-001668,45800,2026-07-26T02:16:00Z,UPI,False,
BANK-TXN-00005346,ACCOUNT-001045,ACCOUNT-001613,54100,2026-08-13T17:37:00Z,NEFT,False,
BANK-TXN-00005347,ACCOUNT-000973,ACCOUNT-000117,31900,2026-08-26T15:45:00Z,UPI,False,
BANK-TXN-00005348,ACCOUNT-001727,ACCOUNT-000317,32500,2026-07-14T03:09:00Z,UPI,False,
BANK-TXN-00005349,ACCOUNT-001665,ACCOUNT-001627,7000,2026-06-01T14:36:00Z,UPI,False,
BANK-TXN-00005350,ACCOUNT-001330,ACCOUNT-001376,16600,2026-08-09T16:56:00Z,UPI,False,
BANK-TXN-00005351,ACCOUNT-000137,ACCOUNT-000233,4100,2026-06-14T04:03:00Z,UPI,False,
BANK-TXN-00005352,ACCOUNT-000777,ACCOUNT-000024,41600,2026-06-27T18:13:00Z,IMPS,False,
BANK-TXN-00005353,ACCOUNT-000109,ACCOUNT-001606,5400,2026-08-24T13:52:00Z,RTGS,False,
BANK-TXN-00005354,ACCOUNT-000634,ACCOUNT-000543,41700,2026-08-08T08:33:00Z,RTGS,False,
BANK-TXN-00005355,ACCOUNT-000501,ACCOUNT-001533,13400,2026-07-13T05:25:00Z,UPI,False,
BANK-TXN-00005356,ACCOUNT-000870,ACCOUNT-000246,24600,2026-08-13T04:54:00Z,IMPS,False,
BANK-TXN-00005357,ACCOUNT-000638,ACCOUNT-000554,3500,2026-08-10T12:16:00Z,UPI,False,
BANK-TXN-00005358,ACCOUNT-001694,ACCOUNT-000675,23700,2026-07-19T16:12:00Z,RTGS,False,
BANK-TXN-00005359,ACCOUNT-000823,ACCOUNT-001086,11500,2026-08-12T07:21:00Z,UPI,False,
BANK-TXN-00005360,ACCOUNT-000553,ACCOUNT-001744,10800,2026-06-11T09:06:00Z,UPI,False,
BANK-TXN-00005361,ACCOUNT-000393,ACCOUNT-000274,61700,2026-08-04T13:37:00Z,NEFT,False,
BANK-TXN-00005362,ACCOUNT-001047,ACCOUNT-000115,14300,2026-06-01T16:18:00Z,UPI,False,
BANK-TXN-00005363,ACCOUNT-000062,ACCOUNT-000689,11100,2026-08-25T02:29:00Z,NEFT,False,
BANK-TXN-00005364,ACCOUNT-001467,ACCOUNT-001364,45600,2026-06-24T19:17:00Z,UPI,False,
BANK-TXN-00005365,ACCOUNT-000531,ACCOUNT-001615,6700,2026-07-22T02:38:00Z,IMPS,False,
BANK-TXN-00005366,ACCOUNT-000970,ACCOUNT-001009,24400,2026-06-27T11:42:00Z,UPI,False,
BANK-TXN-00005367,ACCOUNT-001627,ACCOUNT-001203,11300,2026-07-28T22:33:00Z,UPI,False,
BANK-TXN-00005368,ACCOUNT-000018,ACCOUNT-000792,7400,2026-06-17T10:28:00Z,UPI,False,
BANK-TXN-00005369,ACCOUNT-000890,ACCOUNT-000258,15300,2026-06-04T11:09:00Z,UPI,False,
BANK-TXN-00005370,ACCOUNT-001216,ACCOUNT-000467,19700,2026-06-18T13:19:00Z,UPI,False,
BANK-TXN-00005371,ACCOUNT-000207,ACCOUNT-000287,10600,2026-08-13T22:06:00Z,UPI,False,
BANK-TXN-00005372,ACCOUNT-001761,ACCOUNT-000739,8800,2026-07-27T05:38:00Z,UPI,False,
BANK-TXN-00005373,ACCOUNT-000190,ACCOUNT-001548,93700,2026-07-04T20:07:00Z,RTGS,False,
BANK-TXN-00005374,ACCOUNT-000456,ACCOUNT-000290,2900,2026-06-09T06:31:00Z,IMPS,False,
BANK-TXN-00005375,ACCOUNT-000814,ACCOUNT-001951,4600,2026-08-11T13:03:00Z,UPI,False,
BANK-TXN-00005376,ACCOUNT-000413,ACCOUNT-000255,5800,2026-06-02T13:57:00Z,UPI,False,
BANK-TXN-00005377,ACCOUNT-001330,ACCOUNT-001691,65200,2026-07-30T06:16:00Z,UPI,False,
BANK-TXN-00005378,ACCOUNT-001300,ACCOUNT-001224,13900,2026-06-24T02:44:00Z,UPI,False,
BANK-TXN-00005379,ACCOUNT-001174,ACCOUNT-000733,27300,2026-08-09T07:45:00Z,IMPS,False,
BANK-TXN-00005380,ACCOUNT-001023,ACCOUNT-001212,18600,2026-07-26T09:14:00Z,NEFT,False,
BANK-TXN-00005381,ACCOUNT-000628,ACCOUNT-001239,68100,2026-05-31T06:38:00Z,NEFT,False,
BANK-TXN-00005382,ACCOUNT-001502,ACCOUNT-001039,9600,2026-08-14T16:14:00Z,UPI,False,
BANK-TXN-00005383,ACCOUNT-001454,ACCOUNT-001791,7800,2026-07-23T07:05:00Z,IMPS,False,
BANK-TXN-00005384,ACCOUNT-001084,ACCOUNT-000469,10600,2026-08-12T04:01:00Z,UPI,False,
BANK-TXN-00005385,ACCOUNT-001229,ACCOUNT-000428,8000,2026-07-09T04:02:00Z,UPI,False,
BANK-TXN-00005386,ACCOUNT-000946,ACCOUNT-000837,11000,2026-07-25T07:11:00Z,UPI,False,
BANK-TXN-00005387,ACCOUNT-001891,ACCOUNT-000798,1100,2026-07-16T08:54:00Z,IMPS,False,
BANK-TXN-00005388,ACCOUNT-000474,ACCOUNT-001034,10100,2026-08-18T01:59:00Z,NEFT,False,
BANK-TXN-00005389,ACCOUNT-001449,ACCOUNT-001781,5200,2026-08-12T10:22:00Z,UPI,False,
BANK-TXN-00005390,ACCOUNT-001331,ACCOUNT-000598,14300,2026-06-03T08:23:00Z,IMPS,False,
BANK-TXN-00005391,ACCOUNT-001909,ACCOUNT-001078,37500,2026-08-11T12:01:00Z,UPI,False,
BANK-TXN-00005392,ACCOUNT-000559,ACCOUNT-000374,15500,2026-08-02T08:40:00Z,NEFT,False,
BANK-TXN-00005393,ACCOUNT-000470,ACCOUNT-001680,9600,2026-06-08T00:31:00Z,IMPS,False,
BANK-TXN-00005394,ACCOUNT-001466,ACCOUNT-000903,44700,2026-06-23T01:22:00Z,IMPS,False,
BANK-TXN-00005395,ACCOUNT-000384,ACCOUNT-000164,7400,2026-07-15T18:00:00Z,UPI,False,
BANK-TXN-00005396,ACCOUNT-000904,ACCOUNT-001550,23300,2026-08-07T20:48:00Z,UPI,False,
BANK-TXN-00005397,ACCOUNT-001797,ACCOUNT-001166,15500,2026-06-04T06:10:00Z,NEFT,False,
BANK-TXN-00005398,ACCOUNT-000140,ACCOUNT-000740,2300,2026-07-14T11:53:00Z,UPI,False,
BANK-TXN-00005399,ACCOUNT-001148,ACCOUNT-001163,30600,2026-06-18T16:25:00Z,UPI,False,
BANK-TXN-00005400,ACCOUNT-001659,ACCOUNT-001164,6400,2026-07-13T21:21:00Z,UPI,False,
BANK-TXN-00005401,ACCOUNT-001741,ACCOUNT-001700,74300,2026-07-30T18:52:00Z,RTGS,False,
BANK-TXN-00005402,ACCOUNT-001821,ACCOUNT-001939,23200,2026-07-24T02:13:00Z,UPI,False,
BANK-TXN-00005403,ACCOUNT-001831,ACCOUNT-001572,10600,2026-08-08T07:31:00Z,UPI,False,
BANK-TXN-00005404,ACCOUNT-000844,ACCOUNT-001115,28800,2026-08-26T23:57:00Z,UPI,False,
BANK-TXN-00005405,ACCOUNT-001149,ACCOUNT-001342,9800,2026-06-09T11:05:00Z,UPI,False,
BANK-TXN-00005406,ACCOUNT-001197,ACCOUNT-001732,82900,2026-07-24T13:45:00Z,IMPS,False,
BANK-TXN-00005407,ACCOUNT-001168,ACCOUNT-000847,2100,2026-08-24T17:47:00Z,NEFT,False,
BANK-TXN-00005408,ACCOUNT-001858,ACCOUNT-001597,12900,2026-06-10T10:31:00Z,UPI,False,
BANK-TXN-00005409,ACCOUNT-000913,ACCOUNT-001618,5000,2026-06-10T22:50:00Z,NEFT,False,
BANK-TXN-00005410,ACCOUNT-001129,ACCOUNT-001077,3900,2026-06-21T20:33:00Z,UPI,False,
BANK-TXN-00005411,ACCOUNT-000138,ACCOUNT-000953,13100,2026-07-16T23:10:00Z,NEFT,False,
BANK-TXN-00005412,ACCOUNT-001911,ACCOUNT-000050,71600,2026-08-22T12:20:00Z,UPI,False,
BANK-TXN-00005413,ACCOUNT-000716,ACCOUNT-001057,23800,2026-05-31T06:40:00Z,UPI,False,
BANK-TXN-00005414,ACCOUNT-000011,ACCOUNT-001204,18500,2026-07-16T09:54:00Z,UPI,False,
BANK-TXN-00005415,ACCOUNT-001267,ACCOUNT-001698,35500,2026-07-03T16:45:00Z,IMPS,False,
BANK-TXN-00005416,ACCOUNT-001387,ACCOUNT-000806,49400,2026-08-12T12:28:00Z,UPI,False,
BANK-TXN-00005417,ACCOUNT-001107,ACCOUNT-001867,5200,2026-08-13T14:16:00Z,UPI,False,
BANK-TXN-00005418,ACCOUNT-001882,ACCOUNT-000463,11100,2026-06-06T10:12:00Z,IMPS,False,
BANK-TXN-00005419,ACCOUNT-001411,ACCOUNT-000531,31600,2026-07-08T17:29:00Z,IMPS,False,
BANK-TXN-00005420,ACCOUNT-001903,ACCOUNT-000606,96200,2026-06-12T03:06:00Z,UPI,False,
BANK-TXN-00005421,ACCOUNT-000872,ACCOUNT-001606,39200,2026-07-11T12:58:00Z,NEFT,False,
BANK-TXN-00005422,ACCOUNT-001147,ACCOUNT-001377,23600,2026-06-01T12:28:00Z,UPI,False,
BANK-TXN-00005423,ACCOUNT-000555,ACCOUNT-001271,2600,2026-08-19T01:55:00Z,IMPS,False,
BANK-TXN-00005424,ACCOUNT-001920,ACCOUNT-000895,12300,2026-07-01T08:33:00Z,UPI,False,
BANK-TXN-00005425,ACCOUNT-001280,ACCOUNT-000484,95700,2026-06-06T09:26:00Z,UPI,False,
BANK-TXN-00005426,ACCOUNT-000931,ACCOUNT-000969,24700,2026-08-22T20:50:00Z,UPI,False,
BANK-TXN-00005427,ACCOUNT-001728,ACCOUNT-000225,76700,2026-07-04T06:38:00Z,RTGS,False,
BANK-TXN-00005428,ACCOUNT-001898,ACCOUNT-001831,38900,2026-07-26T00:01:00Z,UPI,False,
BANK-TXN-00005429,ACCOUNT-000902,ACCOUNT-000006,60200,2026-07-22T21:20:00Z,UPI,False,
BANK-TXN-00005430,ACCOUNT-000140,ACCOUNT-001643,45100,2026-06-24T04:37:00Z,IMPS,False,
BANK-TXN-00005431,ACCOUNT-000885,ACCOUNT-001844,5000,2026-05-31T03:52:00Z,IMPS,False,
BANK-TXN-00005432,ACCOUNT-000452,ACCOUNT-001369,22700,2026-08-08T11:47:00Z,UPI,False,
BANK-TXN-00005433,ACCOUNT-000746,ACCOUNT-000798,6500,2026-06-28T00:56:00Z,UPI,False,
BANK-TXN-00005434,ACCOUNT-001132,ACCOUNT-001599,67800,2026-07-16T11:28:00Z,IMPS,False,
BANK-TXN-00005435,ACCOUNT-000236,ACCOUNT-000753,7100,2026-07-30T17:41:00Z,IMPS,False,
BANK-TXN-00005436,ACCOUNT-000780,ACCOUNT-000041,2200,2026-08-28T09:10:00Z,NEFT,False,
BANK-TXN-00005437,ACCOUNT-001662,ACCOUNT-001102,4500,2026-08-01T12:22:00Z,RTGS,False,
BANK-TXN-00005438,ACCOUNT-000064,ACCOUNT-000415,9000,2026-07-25T20:02:00Z,UPI,False,
BANK-TXN-00005439,ACCOUNT-001340,ACCOUNT-000388,43700,2026-08-12T09:40:00Z,NEFT,False,
BANK-TXN-00005440,ACCOUNT-000547,ACCOUNT-001263,47100,2026-06-03T09:06:00Z,IMPS,False,
BANK-TXN-00005441,ACCOUNT-000904,ACCOUNT-001672,2800,2026-08-25T06:09:00Z,UPI,False,
BANK-TXN-00005442,ACCOUNT-001022,ACCOUNT-000558,6500,2026-07-11T18:43:00Z,NEFT,False,
BANK-TXN-00005443,ACCOUNT-000065,ACCOUNT-000105,32900,2026-07-24T07:55:00Z,NEFT,False,
BANK-TXN-00005444,ACCOUNT-000582,ACCOUNT-000404,31100,2026-07-10T10:55:00Z,UPI,False,
BANK-TXN-00005445,ACCOUNT-001439,ACCOUNT-000939,22200,2026-07-04T16:55:00Z,IMPS,False,
BANK-TXN-00005446,ACCOUNT-001639,ACCOUNT-000617,22800,2026-08-28T06:44:00Z,UPI,False,
BANK-TXN-00005447,ACCOUNT-000250,ACCOUNT-001073,32800,2026-08-09T14:26:00Z,UPI,False,
BANK-TXN-00005448,ACCOUNT-000349,ACCOUNT-001002,1700,2026-06-25T13:46:00Z,UPI,False,
BANK-TXN-00005449,ACCOUNT-001504,ACCOUNT-001238,30300,2026-06-25T11:49:00Z,IMPS,False,
BANK-TXN-00005450,ACCOUNT-001406,ACCOUNT-001172,6300,2026-08-06T19:50:00Z,IMPS,False,
BANK-TXN-00005451,ACCOUNT-001181,ACCOUNT-001781,5700,2026-06-15T04:27:00Z,UPI,False,
BANK-TXN-00005452,ACCOUNT-001609,ACCOUNT-000049,1400,2026-08-27T11:08:00Z,NEFT,False,
BANK-TXN-00005453,ACCOUNT-000284,ACCOUNT-001356,23000,2026-05-31T23:15:00Z,UPI,False,
BANK-TXN-00005454,ACCOUNT-001599,ACCOUNT-000720,26800,2026-07-06T11:10:00Z,UPI,False,
BANK-TXN-00005455,ACCOUNT-001695,ACCOUNT-001366,34900,2026-07-25T18:31:00Z,UPI,False,
BANK-TXN-00005456,ACCOUNT-000647,ACCOUNT-000856,54300,2026-06-19T09:46:00Z,NEFT,False,
BANK-TXN-00005457,ACCOUNT-000824,ACCOUNT-001405,37500,2026-07-20T13:19:00Z,NEFT,False,
BANK-TXN-00005458,ACCOUNT-001678,ACCOUNT-001367,22100,2026-07-02T06:35:00Z,IMPS,False,
BANK-TXN-00005459,ACCOUNT-000789,ACCOUNT-000821,3600,2026-07-27T11:35:00Z,UPI,False,
BANK-TXN-00005460,ACCOUNT-000018,ACCOUNT-001025,8700,2026-06-04T06:39:00Z,UPI,False,
BANK-TXN-00005461,ACCOUNT-000675,ACCOUNT-001804,34300,2026-07-18T02:56:00Z,UPI,False,
BANK-TXN-00005462,ACCOUNT-001174,ACCOUNT-001277,8700,2026-06-21T10:27:00Z,IMPS,False,
BANK-TXN-00005463,ACCOUNT-000999,ACCOUNT-000295,13600,2026-06-30T13:13:00Z,UPI,False,
BANK-TXN-00005464,ACCOUNT-000883,ACCOUNT-000158,2700,2026-06-02T07:37:00Z,NEFT,False,
BANK-TXN-00005465,ACCOUNT-000349,ACCOUNT-001219,9100,2026-06-21T11:17:00Z,UPI,False,
BANK-TXN-00005466,ACCOUNT-001608,ACCOUNT-001405,28500,2026-07-24T22:36:00Z,UPI,False,
BANK-TXN-00005467,ACCOUNT-001764,ACCOUNT-000885,5500,2026-08-03T09:45:00Z,UPI,False,
BANK-TXN-00005468,ACCOUNT-000114,ACCOUNT-000398,92000,2026-08-17T10:48:00Z,NEFT,False,
BANK-TXN-00005469,ACCOUNT-000496,ACCOUNT-001681,3300,2026-08-26T03:54:00Z,UPI,False,
BANK-TXN-00005470,ACCOUNT-000044,ACCOUNT-000821,18700,2026-07-14T15:26:00Z,UPI,False,
BANK-TXN-00005471,ACCOUNT-000655,ACCOUNT-000761,8600,2026-08-11T07:38:00Z,UPI,False,
BANK-TXN-00005472,ACCOUNT-000704,ACCOUNT-000154,48900,2026-07-24T16:22:00Z,UPI,False,
BANK-TXN-00005473,ACCOUNT-000932,ACCOUNT-001449,49500,2026-06-23T16:56:00Z,IMPS,False,
BANK-TXN-00005474,ACCOUNT-001119,ACCOUNT-000410,4300,2026-06-06T11:15:00Z,UPI,False,
BANK-TXN-00005475,ACCOUNT-000715,ACCOUNT-000814,9200,2026-07-05T02:33:00Z,RTGS,False,
BANK-TXN-00005476,ACCOUNT-001655,ACCOUNT-001723,23700,2026-06-20T07:24:00Z,UPI,False,
BANK-TXN-00005477,ACCOUNT-000513,ACCOUNT-000140,7000,2026-06-30T08:01:00Z,NEFT,False,
BANK-TXN-00005478,ACCOUNT-000793,ACCOUNT-001852,88300,2026-08-23T07:22:00Z,IMPS,False,
BANK-TXN-00005479,ACCOUNT-000228,ACCOUNT-001588,48900,2026-07-04T17:05:00Z,IMPS,False,
BANK-TXN-00005480,ACCOUNT-001299,ACCOUNT-000964,60000,2026-07-06T07:50:00Z,UPI,False,
BANK-TXN-00005481,ACCOUNT-001814,ACCOUNT-001401,94000,2026-06-21T14:33:00Z,UPI,False,
BANK-TXN-00005482,ACCOUNT-000240,ACCOUNT-000994,39400,2026-06-14T11:33:00Z,IMPS,False,
BANK-TXN-00005483,ACCOUNT-001242,ACCOUNT-001816,900,2026-08-22T19:04:00Z,IMPS,False,
BANK-TXN-00005484,ACCOUNT-001906,ACCOUNT-001673,4400,2026-06-26T05:22:00Z,IMPS,False,
BANK-TXN-00005485,ACCOUNT-001271,ACCOUNT-000641,1300,2026-06-03T04:07:00Z,UPI,False,
BANK-TXN-00005486,ACCOUNT-001353,ACCOUNT-000931,5000,2026-08-08T18:52:00Z,NEFT,False,
BANK-TXN-00005487,ACCOUNT-000749,ACCOUNT-001305,19000,2026-08-19T09:20:00Z,IMPS,False,
BANK-TXN-00005488,ACCOUNT-000784,ACCOUNT-000352,20600,2026-07-20T05:14:00Z,IMPS,False,
BANK-TXN-00005489,ACCOUNT-000309,ACCOUNT-000074,30500,2026-08-16T13:33:00Z,IMPS,False,
BANK-TXN-00005490,ACCOUNT-000483,ACCOUNT-001233,3400,2026-08-01T00:38:00Z,UPI,False,
BANK-TXN-00005491,ACCOUNT-000387,ACCOUNT-001499,9300,2026-08-12T13:40:00Z,UPI,False,
BANK-TXN-00005492,ACCOUNT-000567,ACCOUNT-000030,18000,2026-07-29T21:29:00Z,NEFT,False,
BANK-TXN-00005493,ACCOUNT-001220,ACCOUNT-001550,14000,2026-06-22T04:56:00Z,UPI,False,
BANK-TXN-00005494,ACCOUNT-001811,ACCOUNT-000580,11200,2026-06-22T14:12:00Z,UPI,False,
BANK-TXN-00005495,ACCOUNT-000756,ACCOUNT-000030,6100,2026-06-13T16:05:00Z,UPI,False,
BANK-TXN-00005496,ACCOUNT-001751,ACCOUNT-001197,90500,2026-06-08T02:24:00Z,UPI,False,
BANK-TXN-00005497,ACCOUNT-000287,ACCOUNT-000543,5500,2026-07-25T23:01:00Z,UPI,False,
BANK-TXN-00005498,ACCOUNT-001270,ACCOUNT-000025,58900,2026-06-30T11:18:00Z,UPI,False,
BANK-TXN-00005499,ACCOUNT-000673,ACCOUNT-001439,9800,2026-06-01T15:01:00Z,NEFT,False,
BANK-TXN-00005500,ACCOUNT-000973,ACCOUNT-001290,18700,2026-06-07T16:33:00Z,UPI,False,
BANK-TXN-00005501,ACCOUNT-000815,ACCOUNT-000133,49200,2026-07-03T17:38:00Z,UPI,False,
BANK-TXN-00005502,ACCOUNT-000657,ACCOUNT-000635,49000,2026-06-18T02:42:00Z,UPI,False,
BANK-TXN-00005503,ACCOUNT-001862,ACCOUNT-000798,8700,2026-07-07T12:39:00Z,UPI,False,
BANK-TXN-00005504,ACCOUNT-001581,ACCOUNT-001182,43100,2026-08-12T09:49:00Z,UPI,False,
BANK-TXN-00005505,ACCOUNT-000285,ACCOUNT-000142,1400,2026-07-15T20:19:00Z,NEFT,False,
BANK-TXN-00005506,ACCOUNT-001701,ACCOUNT-001750,2800,2026-07-31T08:24:00Z,UPI,False,
BANK-TXN-00005507,ACCOUNT-001268,ACCOUNT-001751,22900,2026-06-20T01:19:00Z,UPI,False,
BANK-TXN-00005508,ACCOUNT-000590,ACCOUNT-001664,53500,2026-07-02T11:47:00Z,NEFT,False,
BANK-TXN-00005509,ACCOUNT-001235,ACCOUNT-001772,48500,2026-06-12T04:46:00Z,UPI,False,
BANK-TXN-00005510,ACCOUNT-001230,ACCOUNT-000225,62400,2026-08-10T00:38:00Z,IMPS,False,
BANK-TXN-00005511,ACCOUNT-001613,ACCOUNT-000743,1900,2026-07-19T11:02:00Z,NEFT,False,
BANK-TXN-00005512,ACCOUNT-000173,ACCOUNT-001618,6100,2026-08-17T12:17:00Z,UPI,False,
BANK-TXN-00005513,ACCOUNT-001897,ACCOUNT-001447,12200,2026-07-09T04:14:00Z,UPI,False,
BANK-TXN-00005514,ACCOUNT-001469,ACCOUNT-000566,7500,2026-07-27T16:44:00Z,UPI,False,
BANK-TXN-00005515,ACCOUNT-000515,ACCOUNT-000431,40000,2026-08-08T06:24:00Z,UPI,False,
BANK-TXN-00005516,ACCOUNT-000302,ACCOUNT-000321,4100,2026-06-01T06:01:00Z,UPI,False,
BANK-TXN-00005517,ACCOUNT-001289,ACCOUNT-000308,43300,2026-08-07T02:32:00Z,UPI,False,
BANK-TXN-00005518,ACCOUNT-000654,ACCOUNT-000322,96200,2026-06-30T11:06:00Z,NEFT,False,
BANK-TXN-00005519,ACCOUNT-000914,ACCOUNT-001888,400,2026-06-20T14:30:00Z,IMPS,False,
BANK-TXN-00005520,ACCOUNT-000448,ACCOUNT-000386,100,2026-06-20T06:47:00Z,UPI,False,
BANK-TXN-00005521,ACCOUNT-000089,ACCOUNT-001843,7100,2026-08-21T08:47:00Z,UPI,False,
BANK-TXN-00005522,ACCOUNT-001763,ACCOUNT-000869,47600,2026-06-07T01:01:00Z,UPI,False,
BANK-TXN-00005523,ACCOUNT-000825,ACCOUNT-000758,8500,2026-06-19T12:30:00Z,IMPS,False,
BANK-TXN-00005524,ACCOUNT-000948,ACCOUNT-001340,41300,2026-08-25T15:43:00Z,UPI,False,
BANK-TXN-00005525,ACCOUNT-000377,ACCOUNT-001458,46900,2026-07-23T05:38:00Z,NEFT,False,
BANK-TXN-00005526,ACCOUNT-000584,ACCOUNT-001922,43800,2026-08-20T14:13:00Z,UPI,False,
BANK-TXN-00005527,ACCOUNT-000248,ACCOUNT-000954,3300,2026-07-19T11:40:00Z,UPI,False,
BANK-TXN-00005528,ACCOUNT-001614,ACCOUNT-001494,34100,2026-06-26T13:17:00Z,IMPS,False,
BANK-TXN-00005529,ACCOUNT-001160,ACCOUNT-000740,25300,2026-06-15T12:10:00Z,UPI,False,
BANK-TXN-00005530,ACCOUNT-001902,ACCOUNT-001312,13900,2026-07-30T07:32:00Z,UPI,False,
BANK-TXN-00005531,ACCOUNT-001727,ACCOUNT-000810,5500,2026-07-25T10:20:00Z,UPI,False,
BANK-TXN-00005532,ACCOUNT-000328,ACCOUNT-000377,18600,2026-08-12T14:14:00Z,UPI,False,
BANK-TXN-00005533,ACCOUNT-001880,ACCOUNT-001204,7900,2026-06-08T13:14:00Z,IMPS,False,
BANK-TXN-00005534,ACCOUNT-000471,ACCOUNT-000993,1900,2026-07-09T12:43:00Z,UPI,False,
BANK-TXN-00005535,ACCOUNT-000880,ACCOUNT-000629,26100,2026-08-01T20:21:00Z,UPI,False,
BANK-TXN-00005536,ACCOUNT-000452,ACCOUNT-001619,57300,2026-06-27T17:23:00Z,UPI,False,
BANK-TXN-00005537,ACCOUNT-001270,ACCOUNT-001596,6900,2026-08-03T13:12:00Z,NEFT,False,
BANK-TXN-00005538,ACCOUNT-001375,ACCOUNT-000390,10800,2026-06-12T17:22:00Z,UPI,False,
BANK-TXN-00005539,ACCOUNT-001380,ACCOUNT-001367,8500,2026-07-20T09:03:00Z,UPI,False,
BANK-TXN-00005540,ACCOUNT-000944,ACCOUNT-001650,91400,2026-07-04T08:18:00Z,UPI,False,
BANK-TXN-00005541,ACCOUNT-001236,ACCOUNT-000112,9200,2026-06-20T11:01:00Z,RTGS,False,
BANK-TXN-00005542,ACCOUNT-000603,ACCOUNT-001540,51200,2026-06-26T12:17:00Z,UPI,False,
BANK-TXN-00005543,ACCOUNT-000898,ACCOUNT-001036,35000,2026-08-09T14:35:00Z,UPI,False,
BANK-TXN-00005544,ACCOUNT-000633,ACCOUNT-001409,4400,2026-06-18T16:01:00Z,RTGS,False,
BANK-TXN-00005545,ACCOUNT-001298,ACCOUNT-000634,9300,2026-08-02T10:28:00Z,IMPS,False,
BANK-TXN-00005546,ACCOUNT-001855,ACCOUNT-001493,59200,2026-08-26T10:39:00Z,UPI,False,
BANK-TXN-00005547,ACCOUNT-001297,ACCOUNT-000875,7400,2026-08-07T09:10:00Z,UPI,False,
BANK-TXN-00005548,ACCOUNT-001538,ACCOUNT-001742,7000,2026-08-10T16:02:00Z,UPI,False,
BANK-TXN-00005549,ACCOUNT-001669,ACCOUNT-000326,48500,2026-06-27T15:41:00Z,UPI,False,
BANK-TXN-00005550,ACCOUNT-001470,ACCOUNT-001241,21900,2026-08-07T11:57:00Z,UPI,False,
BANK-TXN-00005551,ACCOUNT-001600,ACCOUNT-001377,21000,2026-06-02T15:20:00Z,UPI,False,
BANK-TXN-00005552,ACCOUNT-000216,ACCOUNT-000095,87300,2026-07-14T18:41:00Z,IMPS,False,
BANK-TXN-00005553,ACCOUNT-000179,ACCOUNT-001120,70200,2026-08-22T01:05:00Z,UPI,False,
BANK-TXN-00005554,ACCOUNT-001667,ACCOUNT-001125,85600,2026-07-10T06:13:00Z,UPI,False,
BANK-TXN-00005555,ACCOUNT-000965,ACCOUNT-001931,16500,2026-06-11T01:43:00Z,NEFT,False,
BANK-TXN-00005556,ACCOUNT-001545,ACCOUNT-000504,68400,2026-06-02T02:12:00Z,UPI,False,
BANK-TXN-00005557,ACCOUNT-000875,ACCOUNT-001274,9200,2026-07-18T12:55:00Z,UPI,False,
BANK-TXN-00005558,ACCOUNT-000097,ACCOUNT-001741,5600,2026-06-18T01:46:00Z,UPI,False,
BANK-TXN-00005559,ACCOUNT-001116,ACCOUNT-000057,6700,2026-08-13T13:13:00Z,UPI,False,
BANK-TXN-00005560,ACCOUNT-001200,ACCOUNT-000140,8100,2026-08-11T08:10:00Z,RTGS,False,
BANK-TXN-00005561,ACCOUNT-001234,ACCOUNT-001608,91300,2026-07-28T08:21:00Z,UPI,False,
BANK-TXN-00005562,ACCOUNT-001590,ACCOUNT-001380,500,2026-08-08T17:09:00Z,UPI,False,
BANK-TXN-00005563,ACCOUNT-000197,ACCOUNT-001027,6500,2026-07-13T17:00:00Z,IMPS,False,
BANK-TXN-00005564,ACCOUNT-000746,ACCOUNT-000312,7500,2026-08-01T20:48:00Z,IMPS,False,
BANK-TXN-00005565,ACCOUNT-001405,ACCOUNT-000445,3800,2026-06-03T20:11:00Z,IMPS,False,
BANK-TXN-00005566,ACCOUNT-000163,ACCOUNT-000344,3600,2026-06-27T21:45:00Z,IMPS,False,
BANK-TXN-00005567,ACCOUNT-000874,ACCOUNT-000992,8900,2026-08-05T22:53:00Z,UPI,False,
BANK-TXN-00005568,ACCOUNT-000038,ACCOUNT-001839,37400,2026-07-28T18:11:00Z,IMPS,False,
BANK-TXN-00005569,ACCOUNT-000817,ACCOUNT-001852,4500,2026-06-16T08:00:00Z,UPI,False,
BANK-TXN-00005570,ACCOUNT-000216,ACCOUNT-001344,3000,2026-06-15T08:12:00Z,UPI,False,
BANK-TXN-00005571,ACCOUNT-000702,ACCOUNT-001727,17900,2026-08-01T05:49:00Z,UPI,False,
BANK-TXN-00005572,ACCOUNT-000527,ACCOUNT-000448,2400,2026-06-24T02:30:00Z,NEFT,False,
BANK-TXN-00005573,ACCOUNT-000641,ACCOUNT-000584,800,2026-06-26T14:21:00Z,UPI,False,
BANK-TXN-00005574,ACCOUNT-001283,ACCOUNT-000120,8000,2026-06-01T11:00:00Z,UPI,False,
BANK-TXN-00005575,ACCOUNT-000382,ACCOUNT-001856,4000,2026-08-24T04:57:00Z,UPI,False,
BANK-TXN-00005576,ACCOUNT-001501,ACCOUNT-001473,97700,2026-06-23T23:05:00Z,IMPS,False,
BANK-TXN-00005577,ACCOUNT-000580,ACCOUNT-001285,6000,2026-06-17T08:49:00Z,UPI,False,
BANK-TXN-00005578,ACCOUNT-001365,ACCOUNT-001396,94500,2026-08-27T22:05:00Z,IMPS,False,
BANK-TXN-00005579,ACCOUNT-000365,ACCOUNT-000544,9300,2026-05-31T19:46:00Z,IMPS,False,
BANK-TXN-00005580,ACCOUNT-000718,ACCOUNT-000383,9100,2026-07-02T13:37:00Z,NEFT,False,
BANK-TXN-00005581,ACCOUNT-001811,ACCOUNT-000336,36900,2026-08-17T16:54:00Z,IMPS,False,
BANK-TXN-00005582,ACCOUNT-001486,ACCOUNT-000595,6000,2026-08-07T10:03:00Z,NEFT,False,
BANK-TXN-00005583,ACCOUNT-001012,ACCOUNT-001392,2600,2026-08-25T18:12:00Z,UPI,False,
BANK-TXN-00005584,ACCOUNT-000227,ACCOUNT-000232,71000,2026-07-04T00:31:00Z,IMPS,False,
BANK-TXN-00005585,ACCOUNT-001225,ACCOUNT-000015,8200,2026-08-06T14:39:00Z,UPI,False,
BANK-TXN-00005586,ACCOUNT-000526,ACCOUNT-001545,1100,2026-08-07T12:46:00Z,UPI,False,
BANK-TXN-00005587,ACCOUNT-001260,ACCOUNT-001175,15300,2026-07-21T19:17:00Z,IMPS,False,
BANK-TXN-00005588,ACCOUNT-000048,ACCOUNT-000580,5400,2026-06-03T23:10:00Z,IMPS,False,
BANK-TXN-00005589,ACCOUNT-000576,ACCOUNT-001597,2900,2026-08-19T20:39:00Z,UPI,False,
BANK-TXN-00005590,ACCOUNT-000655,ACCOUNT-000006,8500,2026-06-22T15:40:00Z,UPI,False,
BANK-TXN-00005591,ACCOUNT-001903,ACCOUNT-001003,37900,2026-07-02T20:10:00Z,UPI,False,
BANK-TXN-00005592,ACCOUNT-000926,ACCOUNT-001250,83500,2026-06-27T22:00:00Z,IMPS,False,
BANK-TXN-00005593,ACCOUNT-000049,ACCOUNT-001333,11000,2026-07-02T13:18:00Z,UPI,False,
BANK-TXN-00005594,ACCOUNT-001045,ACCOUNT-000476,600,2026-07-18T14:03:00Z,UPI,False,
BANK-TXN-00005595,ACCOUNT-000335,ACCOUNT-000905,31200,2026-08-07T11:22:00Z,NEFT,False,
BANK-TXN-00005596,ACCOUNT-000282,ACCOUNT-001124,96400,2026-08-05T10:53:00Z,UPI,False,
BANK-TXN-00005597,ACCOUNT-000023,ACCOUNT-000740,1300,2026-08-15T19:50:00Z,UPI,False,
BANK-TXN-00005598,ACCOUNT-000875,ACCOUNT-001834,500,2026-08-03T04:26:00Z,NEFT,False,
BANK-TXN-00005599,ACCOUNT-001222,ACCOUNT-000081,2600,2026-07-13T22:41:00Z,UPI,False,
BANK-TXN-00005600,ACCOUNT-000136,ACCOUNT-001382,22100,2026-06-29T08:07:00Z,NEFT,False,
BANK-TXN-00005601,ACCOUNT-001473,ACCOUNT-000182,23800,2026-07-01T21:35:00Z,UPI,False,
BANK-TXN-00005602,ACCOUNT-001663,ACCOUNT-001757,78400,2026-07-03T09:02:00Z,UPI,False,
BANK-TXN-00005603,ACCOUNT-000400,ACCOUNT-001292,11400,2026-06-05T19:03:00Z,UPI,False,
BANK-TXN-00005604,ACCOUNT-001353,ACCOUNT-001238,85000,2026-08-25T14:41:00Z,UPI,False,
BANK-TXN-00005605,ACCOUNT-000505,ACCOUNT-001111,800,2026-06-05T10:24:00Z,UPI,False,
BANK-TXN-00005606,ACCOUNT-001543,ACCOUNT-001944,37700,2026-07-24T05:39:00Z,IMPS,False,
BANK-TXN-00005607,ACCOUNT-000824,ACCOUNT-000952,94000,2026-07-03T12:56:00Z,UPI,False,
BANK-TXN-00005608,ACCOUNT-000549,ACCOUNT-001157,25900,2026-07-08T06:54:00Z,IMPS,False,
BANK-TXN-00005609,ACCOUNT-001619,ACCOUNT-000194,3100,2026-07-02T12:39:00Z,NEFT,False,
BANK-TXN-00005610,ACCOUNT-000956,ACCOUNT-001554,8500,2026-08-23T17:51:00Z,UPI,False,
BANK-TXN-00005611,ACCOUNT-001442,ACCOUNT-000717,7800,2026-07-30T14:28:00Z,UPI,False,
BANK-TXN-00005612,ACCOUNT-000279,ACCOUNT-000661,96900,2026-08-04T07:57:00Z,UPI,False,
BANK-TXN-00005613,ACCOUNT-001205,ACCOUNT-001320,78800,2026-06-01T16:43:00Z,IMPS,False,
BANK-TXN-00005614,ACCOUNT-001606,ACCOUNT-000483,7900,2026-07-13T07:29:00Z,RTGS,False,
BANK-TXN-00005615,ACCOUNT-001269,ACCOUNT-001245,22000,2026-08-04T16:14:00Z,NEFT,False,
BANK-TXN-00005616,ACCOUNT-001285,ACCOUNT-000033,4000,2026-08-08T07:44:00Z,UPI,False,
BANK-TXN-00005617,ACCOUNT-001031,ACCOUNT-000822,90900,2026-06-04T12:15:00Z,UPI,False,
BANK-TXN-00005618,ACCOUNT-001569,ACCOUNT-000787,9300,2026-07-23T10:43:00Z,UPI,False,
BANK-TXN-00005619,ACCOUNT-001200,ACCOUNT-001142,45300,2026-07-30T14:12:00Z,IMPS,False,
BANK-TXN-00005620,ACCOUNT-000269,ACCOUNT-001455,71300,2026-07-29T09:25:00Z,IMPS,False,
BANK-TXN-00005621,ACCOUNT-000830,ACCOUNT-000341,6500,2026-08-09T11:39:00Z,NEFT,False,
BANK-TXN-00005622,ACCOUNT-001833,ACCOUNT-000007,2700,2026-07-10T08:57:00Z,UPI,False,
BANK-TXN-00005623,ACCOUNT-000504,ACCOUNT-000554,5500,2026-08-21T17:16:00Z,UPI,False,
BANK-TXN-00005624,ACCOUNT-001413,ACCOUNT-000402,7600,2026-07-27T03:39:00Z,UPI,False,
BANK-TXN-00005625,ACCOUNT-000351,ACCOUNT-001638,6200,2026-06-22T10:49:00Z,UPI,False,
BANK-TXN-00005626,ACCOUNT-000066,ACCOUNT-000581,4800,2026-07-24T15:37:00Z,NEFT,False,
BANK-TXN-00005627,ACCOUNT-001337,ACCOUNT-001932,13700,2026-07-20T16:05:00Z,UPI,False,
BANK-TXN-00005628,ACCOUNT-000216,ACCOUNT-000957,17500,2026-07-16T15:24:00Z,RTGS,False,
BANK-TXN-00005629,ACCOUNT-000681,ACCOUNT-000980,4100,2026-06-07T14:12:00Z,IMPS,False,
BANK-TXN-00005630,ACCOUNT-001472,ACCOUNT-000613,19600,2026-08-06T04:11:00Z,UPI,False,
BANK-TXN-00005631,ACCOUNT-000225,ACCOUNT-001842,800,2026-07-13T20:21:00Z,RTGS,False,
BANK-TXN-00005632,ACCOUNT-000836,ACCOUNT-000560,19900,2026-06-27T08:49:00Z,UPI,False,
BANK-TXN-00005633,ACCOUNT-001202,ACCOUNT-001222,21200,2026-06-25T00:49:00Z,IMPS,False,
BANK-TXN-00005634,ACCOUNT-000662,ACCOUNT-000440,95100,2026-06-06T02:21:00Z,UPI,False,
BANK-TXN-00005635,ACCOUNT-001567,ACCOUNT-001322,5000,2026-06-17T05:37:00Z,UPI,False,
BANK-TXN-00005636,ACCOUNT-000648,ACCOUNT-001658,3400,2026-08-13T15:19:00Z,UPI,False,
BANK-TXN-00005637,ACCOUNT-000570,ACCOUNT-000984,5300,2026-06-17T16:17:00Z,UPI,False,
BANK-TXN-00005638,ACCOUNT-000954,ACCOUNT-001665,5400,2026-06-18T16:40:00Z,UPI,False,
BANK-TXN-00005639,ACCOUNT-001031,ACCOUNT-000188,9700,2026-08-11T15:41:00Z,UPI,False,
BANK-TXN-00005640,ACCOUNT-001311,ACCOUNT-001394,9700,2026-07-10T02:41:00Z,UPI,False,
BANK-TXN-00005641,ACCOUNT-001676,ACCOUNT-001302,25300,2026-08-19T02:20:00Z,UPI,False,
BANK-TXN-00005642,ACCOUNT-001509,ACCOUNT-001523,2500,2026-06-14T13:14:00Z,NEFT,False,
BANK-TXN-00005643,ACCOUNT-001219,ACCOUNT-001284,12600,2026-07-07T15:32:00Z,NEFT,False,
BANK-TXN-00005644,ACCOUNT-000302,ACCOUNT-001637,98900,2026-08-20T10:29:00Z,IMPS,False,
BANK-TXN-00005645,ACCOUNT-000076,ACCOUNT-000791,21200,2026-07-16T23:56:00Z,UPI,False,
BANK-TXN-00005646,ACCOUNT-001191,ACCOUNT-000019,10000,2026-08-15T18:50:00Z,UPI,False,
BANK-TXN-00005647,ACCOUNT-000392,ACCOUNT-000167,11300,2026-07-06T21:02:00Z,UPI,False,
BANK-TXN-00005648,ACCOUNT-000985,ACCOUNT-000339,71200,2026-06-18T02:21:00Z,IMPS,False,
BANK-TXN-00005649,ACCOUNT-001762,ACCOUNT-001048,5300,2026-07-30T08:53:00Z,IMPS,False,
BANK-TXN-00005650,ACCOUNT-001820,ACCOUNT-000164,65100,2026-07-26T06:21:00Z,UPI,False,
BANK-TXN-00005651,ACCOUNT-000076,ACCOUNT-001742,40800,2026-06-30T09:12:00Z,IMPS,False,
BANK-TXN-00005652,ACCOUNT-001304,ACCOUNT-001542,5200,2026-07-02T11:44:00Z,NEFT,False,
BANK-TXN-00005653,ACCOUNT-001326,ACCOUNT-000139,13400,2026-07-23T19:07:00Z,UPI,False,
BANK-TXN-00005654,ACCOUNT-000029,ACCOUNT-001315,6500,2026-06-29T16:29:00Z,IMPS,False,
BANK-TXN-00005655,ACCOUNT-001093,ACCOUNT-001879,68800,2026-07-05T20:38:00Z,UPI,False,
BANK-TXN-00005656,ACCOUNT-001444,ACCOUNT-001898,63900,2026-07-18T06:15:00Z,UPI,False,
BANK-TXN-00005657,ACCOUNT-000663,ACCOUNT-001352,42900,2026-06-29T07:47:00Z,IMPS,False,
BANK-TXN-00005658,ACCOUNT-001032,ACCOUNT-000350,22700,2026-06-14T15:39:00Z,UPI,False,
BANK-TXN-00005659,ACCOUNT-000961,ACCOUNT-001352,7400,2026-06-13T08:06:00Z,UPI,False,
BANK-TXN-00005660,ACCOUNT-000033,ACCOUNT-000961,2400,2026-07-20T07:54:00Z,IMPS,False,
BANK-TXN-00005661,ACCOUNT-001240,ACCOUNT-000559,5000,2026-06-03T10:40:00Z,UPI,False,
BANK-TXN-00005662,ACCOUNT-001735,ACCOUNT-000471,21100,2026-06-17T21:45:00Z,IMPS,False,
BANK-TXN-00005663,ACCOUNT-001792,ACCOUNT-000274,40800,2026-06-22T13:25:00Z,IMPS,False,
BANK-TXN-00005664,ACCOUNT-000785,ACCOUNT-000872,7200,2026-08-27T04:34:00Z,UPI,False,
BANK-TXN-00005665,ACCOUNT-000959,ACCOUNT-001858,12000,2026-07-09T23:29:00Z,IMPS,False,
BANK-TXN-00005666,ACCOUNT-000179,ACCOUNT-000117,29200,2026-08-17T11:52:00Z,IMPS,False,
BANK-TXN-00005667,ACCOUNT-000778,ACCOUNT-000637,51100,2026-06-06T14:54:00Z,NEFT,False,
BANK-TXN-00005668,ACCOUNT-000268,ACCOUNT-001751,3300,2026-07-24T13:42:00Z,UPI,False,
BANK-TXN-00005669,ACCOUNT-001611,ACCOUNT-001243,16100,2026-06-08T15:35:00Z,UPI,False,
BANK-TXN-00005670,ACCOUNT-001641,ACCOUNT-000567,44500,2026-06-07T15:11:00Z,IMPS,False,
BANK-TXN-00005671,ACCOUNT-001210,ACCOUNT-000678,48500,2026-08-24T05:14:00Z,IMPS,False,
BANK-TXN-00005672,ACCOUNT-000743,ACCOUNT-001585,47400,2026-07-18T11:46:00Z,NEFT,False,
BANK-TXN-00005673,ACCOUNT-001148,ACCOUNT-001664,7100,2026-07-14T07:13:00Z,UPI,False,
BANK-TXN-00005674,ACCOUNT-000350,ACCOUNT-001932,92400,2026-07-17T02:13:00Z,UPI,False,
BANK-TXN-00005675,ACCOUNT-000938,ACCOUNT-001625,4300,2026-06-14T04:57:00Z,UPI,False,
BANK-TXN-00005676,ACCOUNT-000665,ACCOUNT-001583,40000,2026-08-07T04:06:00Z,IMPS,False,
BANK-TXN-00005677,ACCOUNT-001860,ACCOUNT-000359,33300,2026-06-10T15:17:00Z,NEFT,False,
BANK-TXN-00005678,ACCOUNT-000429,ACCOUNT-001611,98600,2026-06-10T12:44:00Z,NEFT,False,
BANK-TXN-00005679,ACCOUNT-001263,ACCOUNT-000109,67300,2026-08-10T20:46:00Z,UPI,False,
BANK-TXN-00005680,ACCOUNT-000897,ACCOUNT-000002,2200,2026-08-21T10:12:00Z,IMPS,False,
BANK-TXN-00005681,ACCOUNT-000169,ACCOUNT-001928,87800,2026-08-12T15:34:00Z,UPI,False,
BANK-TXN-00005682,ACCOUNT-001821,ACCOUNT-000656,11700,2026-07-31T04:26:00Z,IMPS,False,
BANK-TXN-00005683,ACCOUNT-000414,ACCOUNT-001384,7100,2026-06-12T03:36:00Z,UPI,False,
BANK-TXN-00005684,ACCOUNT-000583,ACCOUNT-000855,44100,2026-08-19T14:14:00Z,UPI,False,
BANK-TXN-00005685,ACCOUNT-000556,ACCOUNT-000122,45200,2026-06-24T13:59:00Z,UPI,False,
BANK-TXN-00005686,ACCOUNT-000540,ACCOUNT-001813,75500,2026-07-07T19:27:00Z,UPI,False,
BANK-TXN-00005687,ACCOUNT-000387,ACCOUNT-000920,48000,2026-08-10T10:19:00Z,UPI,False,
BANK-TXN-00005688,ACCOUNT-001236,ACCOUNT-001830,52100,2026-08-04T08:16:00Z,UPI,False,
BANK-TXN-00005689,ACCOUNT-001458,ACCOUNT-001256,26200,2026-08-20T11:09:00Z,RTGS,False,
BANK-TXN-00005690,ACCOUNT-000415,ACCOUNT-001697,17400,2026-06-03T15:28:00Z,UPI,False,
BANK-TXN-00005691,ACCOUNT-001084,ACCOUNT-001332,26300,2026-07-21T15:19:00Z,IMPS,False,
BANK-TXN-00005692,ACCOUNT-001387,ACCOUNT-000033,1500,2026-06-09T09:48:00Z,UPI,False,
BANK-TXN-00005693,ACCOUNT-001134,ACCOUNT-001107,300,2026-08-22T07:17:00Z,IMPS,False,
BANK-TXN-00005694,ACCOUNT-001905,ACCOUNT-000851,37700,2026-06-27T07:14:00Z,NEFT,False,
BANK-TXN-00005695,ACCOUNT-001604,ACCOUNT-000950,21600,2026-07-01T15:34:00Z,UPI,False,
BANK-TXN-00005696,ACCOUNT-000732,ACCOUNT-000714,1400,2026-07-21T14:04:00Z,UPI,False,
BANK-TXN-00005697,ACCOUNT-001033,ACCOUNT-000227,15100,2026-06-11T14:05:00Z,UPI,False,
BANK-TXN-00005698,ACCOUNT-001514,ACCOUNT-001479,7400,2026-08-14T18:57:00Z,IMPS,False,
BANK-TXN-00005699,ACCOUNT-001176,ACCOUNT-000646,3500,2026-07-12T16:08:00Z,IMPS,False,
BANK-TXN-00005700,ACCOUNT-001539,ACCOUNT-000278,1400,2026-08-04T07:48:00Z,UPI,False,
BANK-TXN-00005701,ACCOUNT-001527,ACCOUNT-000144,18600,2026-07-20T01:27:00Z,IMPS,False,
BANK-TXN-00005702,ACCOUNT-000059,ACCOUNT-000952,2800,2026-08-26T17:44:00Z,UPI,False,
BANK-TXN-00005703,ACCOUNT-001630,ACCOUNT-000866,2100,2026-08-27T13:42:00Z,IMPS,False,
BANK-TXN-00005704,ACCOUNT-000253,ACCOUNT-001529,36100,2026-07-21T14:28:00Z,UPI,False,
BANK-TXN-00005705,ACCOUNT-001910,ACCOUNT-001918,9700,2026-07-06T01:25:00Z,RTGS,False,
BANK-TXN-00005706,ACCOUNT-001354,ACCOUNT-000279,73200,2026-07-01T07:07:00Z,UPI,False,
BANK-TXN-00005707,ACCOUNT-000357,ACCOUNT-001195,22200,2026-07-23T21:24:00Z,NEFT,False,
BANK-TXN-00005708,ACCOUNT-000707,ACCOUNT-000344,22900,2026-06-04T22:46:00Z,IMPS,False,
BANK-TXN-00005709,ACCOUNT-000930,ACCOUNT-000947,8400,2026-08-14T17:26:00Z,UPI,False,
BANK-TXN-00005710,ACCOUNT-001570,ACCOUNT-001146,98800,2026-06-12T03:23:00Z,RTGS,False,
BANK-TXN-00005711,ACCOUNT-001701,ACCOUNT-001236,24900,2026-07-14T01:36:00Z,UPI,False,
BANK-TXN-00005712,ACCOUNT-001448,ACCOUNT-001435,41800,2026-06-15T15:07:00Z,RTGS,False,
BANK-TXN-00005713,ACCOUNT-000612,ACCOUNT-000886,8700,2026-07-27T06:51:00Z,UPI,False,
BANK-TXN-00005714,ACCOUNT-000529,ACCOUNT-000149,9700,2026-07-12T16:05:00Z,UPI,False,
BANK-TXN-00005715,ACCOUNT-001015,ACCOUNT-001103,500,2026-07-13T14:29:00Z,UPI,False,
BANK-TXN-00005716,ACCOUNT-000963,ACCOUNT-001561,800,2026-06-27T09:38:00Z,NEFT,False,
BANK-TXN-00005717,ACCOUNT-000617,ACCOUNT-000770,84700,2026-07-02T02:13:00Z,IMPS,False,
BANK-TXN-00005718,ACCOUNT-000868,ACCOUNT-001004,4800,2026-08-10T06:39:00Z,UPI,False,
BANK-TXN-00005719,ACCOUNT-001032,ACCOUNT-001429,11900,2026-08-25T20:16:00Z,UPI,False,
BANK-TXN-00005720,ACCOUNT-001844,ACCOUNT-001457,6700,2026-08-24T05:29:00Z,IMPS,False,
BANK-TXN-00005721,ACCOUNT-000868,ACCOUNT-000088,1500,2026-06-03T15:34:00Z,IMPS,False,
BANK-TXN-00005722,ACCOUNT-000026,ACCOUNT-001529,2500,2026-06-27T09:52:00Z,NEFT,False,
BANK-TXN-00005723,ACCOUNT-000717,ACCOUNT-000986,17300,2026-07-18T04:29:00Z,IMPS,False,
BANK-TXN-00005724,ACCOUNT-001470,ACCOUNT-001030,9800,2026-06-04T03:05:00Z,IMPS,False,
BANK-TXN-00005725,ACCOUNT-000819,ACCOUNT-001004,2300,2026-06-02T03:39:00Z,IMPS,False,
BANK-TXN-00005726,ACCOUNT-000867,ACCOUNT-001859,2300,2026-07-09T10:28:00Z,UPI,False,
BANK-TXN-00005727,ACCOUNT-000959,ACCOUNT-000225,42300,2026-06-01T14:07:00Z,UPI,False,
BANK-TXN-00005728,ACCOUNT-001761,ACCOUNT-000863,11100,2026-07-06T10:23:00Z,IMPS,False,
BANK-TXN-00005729,ACCOUNT-000862,ACCOUNT-001914,2200,2026-07-29T13:34:00Z,IMPS,False,
BANK-TXN-00005730,ACCOUNT-000759,ACCOUNT-000643,1500,2026-08-13T07:53:00Z,UPI,False,
BANK-TXN-00005731,ACCOUNT-000685,ACCOUNT-000851,11900,2026-08-04T16:44:00Z,UPI,False,
BANK-TXN-00005732,ACCOUNT-000765,ACCOUNT-000809,5500,2026-06-12T12:23:00Z,NEFT,False,
BANK-TXN-00005733,ACCOUNT-001314,ACCOUNT-001453,24200,2026-07-05T03:32:00Z,NEFT,False,
BANK-TXN-00005734,ACCOUNT-001434,ACCOUNT-001797,23400,2026-07-10T09:25:00Z,UPI,False,
BANK-TXN-00005735,ACCOUNT-001544,ACCOUNT-001695,5500,2026-06-25T08:34:00Z,IMPS,False,
BANK-TXN-00005736,ACCOUNT-001905,ACCOUNT-000460,1700,2026-08-21T13:29:00Z,IMPS,False,
BANK-TXN-00005737,ACCOUNT-000797,ACCOUNT-001169,87400,2026-08-05T16:38:00Z,UPI,False,
BANK-TXN-00005738,ACCOUNT-000513,ACCOUNT-000273,8000,2026-07-29T23:53:00Z,UPI,False,
BANK-TXN-00005739,ACCOUNT-001201,ACCOUNT-001878,5600,2026-08-27T18:36:00Z,IMPS,False,
BANK-TXN-00005740,ACCOUNT-000186,ACCOUNT-001169,42400,2026-06-25T04:45:00Z,IMPS,False,
BANK-TXN-00005741,ACCOUNT-001714,ACCOUNT-001074,25100,2026-07-13T08:46:00Z,UPI,False,
BANK-TXN-00005742,ACCOUNT-000308,ACCOUNT-000356,20600,2026-08-04T23:48:00Z,UPI,False,
BANK-TXN-00005743,ACCOUNT-001314,ACCOUNT-001510,40800,2026-07-14T11:37:00Z,IMPS,False,
BANK-TXN-00005744,ACCOUNT-000341,ACCOUNT-001570,100,2026-06-12T10:09:00Z,IMPS,False,
BANK-TXN-00005745,ACCOUNT-001802,ACCOUNT-000018,8000,2026-08-24T16:13:00Z,UPI,False,
BANK-TXN-00005746,ACCOUNT-000447,ACCOUNT-001541,9500,2026-08-12T14:27:00Z,UPI,False,
BANK-TXN-00005747,ACCOUNT-001772,ACCOUNT-001423,13200,2026-07-11T16:10:00Z,IMPS,False,
BANK-TXN-00005748,ACCOUNT-000470,ACCOUNT-001612,3600,2026-07-16T04:55:00Z,UPI,False,
BANK-TXN-00005749,ACCOUNT-001542,ACCOUNT-000310,50100,2026-08-27T01:07:00Z,IMPS,False,
BANK-TXN-00005750,ACCOUNT-000880,ACCOUNT-001756,22900,2026-06-03T07:23:00Z,IMPS,False,
BANK-TXN-00005751,ACCOUNT-000846,ACCOUNT-000285,9100,2026-06-05T20:39:00Z,RTGS,False,
BANK-TXN-00005752,ACCOUNT-001792,ACCOUNT-000132,8200,2026-08-15T19:01:00Z,IMPS,False,
BANK-TXN-00005753,ACCOUNT-000956,ACCOUNT-000993,35800,2026-06-12T22:47:00Z,UPI,False,
BANK-TXN-00005754,ACCOUNT-000469,ACCOUNT-000804,22200,2026-06-06T07:21:00Z,UPI,False,
BANK-TXN-00005755,ACCOUNT-000151,ACCOUNT-001332,24800,2026-07-28T17:06:00Z,UPI,False,
BANK-TXN-00005756,ACCOUNT-000689,ACCOUNT-000021,40600,2026-08-04T16:17:00Z,UPI,False,
BANK-TXN-00005757,ACCOUNT-000355,ACCOUNT-001368,8100,2026-06-05T09:59:00Z,UPI,False,
BANK-TXN-00005758,ACCOUNT-000707,ACCOUNT-001297,4300,2026-06-01T16:13:00Z,UPI,False,
BANK-TXN-00005759,ACCOUNT-001456,ACCOUNT-000514,49300,2026-07-16T17:16:00Z,IMPS,False,
BANK-TXN-00005760,ACCOUNT-000850,ACCOUNT-000925,4700,2026-08-16T09:39:00Z,UPI,False,
BANK-TXN-00005761,ACCOUNT-000757,ACCOUNT-000825,45200,2026-06-25T11:57:00Z,UPI,False,
BANK-TXN-00005762,ACCOUNT-001436,ACCOUNT-001758,64900,2026-07-09T14:42:00Z,IMPS,False,
BANK-TXN-00005763,ACCOUNT-001237,ACCOUNT-000148,98900,2026-06-25T13:09:00Z,UPI,False,
BANK-TXN-00005764,ACCOUNT-001040,ACCOUNT-001030,2100,2026-08-07T02:02:00Z,UPI,False,
BANK-TXN-00005765,ACCOUNT-001203,ACCOUNT-000957,54500,2026-07-03T11:43:00Z,UPI,False,
BANK-TXN-00005766,ACCOUNT-001487,ACCOUNT-000174,46400,2026-07-07T04:32:00Z,UPI,False,
BANK-TXN-00005767,ACCOUNT-001041,ACCOUNT-001848,27700,2026-08-07T01:15:00Z,NEFT,False,
BANK-TXN-00005768,ACCOUNT-001343,ACCOUNT-000672,84100,2026-06-05T15:01:00Z,NEFT,False,
BANK-TXN-00005769,ACCOUNT-001822,ACCOUNT-001756,24800,2026-08-12T10:25:00Z,IMPS,False,
BANK-TXN-00005770,ACCOUNT-000389,ACCOUNT-001375,37200,2026-07-27T06:40:00Z,NEFT,False,
BANK-TXN-00005771,ACCOUNT-000839,ACCOUNT-001769,8400,2026-07-09T19:04:00Z,UPI,False,
BANK-TXN-00005772,ACCOUNT-000895,ACCOUNT-000703,4600,2026-06-09T13:11:00Z,NEFT,False,
BANK-TXN-00005773,ACCOUNT-001743,ACCOUNT-000186,44000,2026-05-31T13:38:00Z,UPI,False,
BANK-TXN-00005774,ACCOUNT-000385,ACCOUNT-000291,14800,2026-08-02T10:19:00Z,UPI,False,
BANK-TXN-00005775,ACCOUNT-000032,ACCOUNT-001892,1000,2026-08-14T09:42:00Z,IMPS,False,
BANK-TXN-00005776,ACCOUNT-000063,ACCOUNT-000851,15800,2026-07-10T18:11:00Z,UPI,False,
BANK-TXN-00005777,ACCOUNT-001445,ACCOUNT-001088,28400,2026-06-26T10:01:00Z,UPI,False,
BANK-TXN-00005778,ACCOUNT-000287,ACCOUNT-000060,8500,2026-07-31T02:15:00Z,NEFT,False,
BANK-TXN-00005779,ACCOUNT-000206,ACCOUNT-001933,81600,2026-08-20T17:12:00Z,UPI,False,
BANK-TXN-00005780,ACCOUNT-001746,ACCOUNT-000977,5100,2026-07-05T01:32:00Z,UPI,False,
BANK-TXN-00005781,ACCOUNT-000909,ACCOUNT-000458,7400,2026-07-22T06:28:00Z,UPI,False,
BANK-TXN-00005782,ACCOUNT-000990,ACCOUNT-000002,2300,2026-07-01T08:23:00Z,UPI,False,
BANK-TXN-00005783,ACCOUNT-001756,ACCOUNT-000668,8700,2026-06-27T05:07:00Z,UPI,False,
BANK-TXN-00005784,ACCOUNT-000980,ACCOUNT-000070,30100,2026-07-19T15:08:00Z,IMPS,False,
BANK-TXN-00005785,ACCOUNT-000156,ACCOUNT-000804,98400,2026-07-27T08:00:00Z,IMPS,False,
BANK-TXN-00005786,ACCOUNT-000700,ACCOUNT-000555,75300,2026-07-05T03:19:00Z,IMPS,False,
BANK-TXN-00005787,ACCOUNT-000494,ACCOUNT-001472,99500,2026-06-05T21:38:00Z,UPI,False,
BANK-TXN-00005788,ACCOUNT-001094,ACCOUNT-000256,5600,2026-08-21T04:39:00Z,UPI,False,
BANK-TXN-00005789,ACCOUNT-001208,ACCOUNT-001641,28200,2026-08-06T12:04:00Z,UPI,False,
BANK-TXN-00005790,ACCOUNT-001015,ACCOUNT-001593,3700,2026-06-24T03:17:00Z,UPI,False,
BANK-TXN-00005791,ACCOUNT-000106,ACCOUNT-000627,19800,2026-08-27T04:11:00Z,UPI,False,
BANK-TXN-00005792,ACCOUNT-000647,ACCOUNT-001246,200,2026-06-30T07:00:00Z,UPI,False,
BANK-TXN-00005793,ACCOUNT-001188,ACCOUNT-001376,2900,2026-08-21T01:01:00Z,UPI,False,
BANK-TXN-00005794,ACCOUNT-001038,ACCOUNT-001922,9000,2026-07-19T15:32:00Z,UPI,False,
BANK-TXN-00005795,ACCOUNT-001017,ACCOUNT-000580,61800,2026-07-28T04:12:00Z,NEFT,False,
BANK-TXN-00005796,ACCOUNT-001303,ACCOUNT-000067,5600,2026-06-19T09:54:00Z,IMPS,False,
BANK-TXN-00005797,ACCOUNT-000652,ACCOUNT-001939,61200,2026-06-16T13:56:00Z,UPI,False,
BANK-TXN-00005798,ACCOUNT-000412,ACCOUNT-000028,82600,2026-07-15T14:01:00Z,UPI,False,
BANK-TXN-00005799,ACCOUNT-001624,ACCOUNT-001454,600,2026-08-06T13:56:00Z,RTGS,False,
BANK-TXN-00005800,ACCOUNT-001194,ACCOUNT-001344,65300,2026-08-23T16:38:00Z,NEFT,False,
BANK-TXN-00005801,ACCOUNT-000030,ACCOUNT-001184,11600,2026-07-22T17:24:00Z,NEFT,False,
BANK-TXN-00005802,ACCOUNT-000643,ACCOUNT-001157,51800,2026-07-02T09:13:00Z,IMPS,False,
BANK-TXN-00005803,ACCOUNT-000468,ACCOUNT-001558,42300,2026-08-11T15:26:00Z,UPI,False,
BANK-TXN-00005804,ACCOUNT-000959,ACCOUNT-000798,46200,2026-07-04T22:20:00Z,UPI,False,
BANK-TXN-00005805,ACCOUNT-001491,ACCOUNT-001073,1300,2026-06-16T02:03:00Z,IMPS,False,
BANK-TXN-00005806,ACCOUNT-001703,ACCOUNT-000635,91800,2026-08-26T08:24:00Z,RTGS,False,
BANK-TXN-00005807,ACCOUNT-001127,ACCOUNT-000447,5100,2026-06-21T11:42:00Z,UPI,False,
BANK-TXN-00005808,ACCOUNT-001046,ACCOUNT-000403,84000,2026-07-07T15:16:00Z,UPI,False,
BANK-TXN-00005809,ACCOUNT-001277,ACCOUNT-001788,1200,2026-06-02T05:15:00Z,UPI,False,
BANK-TXN-00005810,ACCOUNT-000783,ACCOUNT-000497,28100,2026-06-24T18:00:00Z,UPI,False,
BANK-TXN-00005811,ACCOUNT-000633,ACCOUNT-001146,6400,2026-08-18T10:53:00Z,NEFT,False,
BANK-TXN-00005812,ACCOUNT-000216,ACCOUNT-000160,21200,2026-06-29T11:57:00Z,NEFT,False,
BANK-TXN-00005813,ACCOUNT-000832,ACCOUNT-001725,9500,2026-07-02T11:23:00Z,IMPS,False,
BANK-TXN-00005814,ACCOUNT-001665,ACCOUNT-001362,1500,2026-06-18T10:52:00Z,UPI,False,
BANK-TXN-00005815,ACCOUNT-000320,ACCOUNT-001087,10800,2026-07-03T14:32:00Z,UPI,False,
BANK-TXN-00005816,ACCOUNT-001279,ACCOUNT-001541,1400,2026-08-05T15:07:00Z,UPI,False,
BANK-TXN-00005817,ACCOUNT-000775,ACCOUNT-000897,94600,2026-06-27T10:53:00Z,IMPS,False,
BANK-TXN-00005818,ACCOUNT-000546,ACCOUNT-001556,7400,2026-06-13T11:01:00Z,UPI,False,
BANK-TXN-00005819,ACCOUNT-001538,ACCOUNT-001804,32200,2026-06-30T20:01:00Z,IMPS,False,
BANK-TXN-00005820,ACCOUNT-000849,ACCOUNT-000977,18000,2026-07-26T07:54:00Z,UPI,False,
BANK-TXN-00005821,ACCOUNT-000730,ACCOUNT-001568,17600,2026-08-06T13:14:00Z,IMPS,False,
BANK-TXN-00005822,ACCOUNT-001944,ACCOUNT-001687,13500,2026-06-23T10:06:00Z,IMPS,False,
BANK-TXN-00005823,ACCOUNT-001341,ACCOUNT-001728,3400,2026-06-12T09:57:00Z,UPI,False,
BANK-TXN-00005824,ACCOUNT-000214,ACCOUNT-001561,37100,2026-08-15T05:40:00Z,NEFT,False,
BANK-TXN-00005825,ACCOUNT-001613,ACCOUNT-000476,21700,2026-06-20T04:56:00Z,UPI,False,
BANK-TXN-00005826,ACCOUNT-001508,ACCOUNT-000862,11500,2026-06-26T00:19:00Z,IMPS,False,
BANK-TXN-00005827,ACCOUNT-001538,ACCOUNT-001773,60300,2026-06-21T23:22:00Z,UPI,False,
BANK-TXN-00005828,ACCOUNT-000430,ACCOUNT-000139,11500,2026-06-15T16:33:00Z,UPI,False,
BANK-TXN-00005829,ACCOUNT-000994,ACCOUNT-000656,9000,2026-06-24T01:57:00Z,UPI,False,
BANK-TXN-00005830,ACCOUNT-001527,ACCOUNT-001844,6300,2026-07-15T13:16:00Z,IMPS,False,
BANK-TXN-00005831,ACCOUNT-001184,ACCOUNT-000309,13500,2026-07-28T14:04:00Z,UPI,False,
BANK-TXN-00005832,ACCOUNT-000658,ACCOUNT-000926,22000,2026-08-22T14:40:00Z,NEFT,False,
BANK-TXN-00005833,ACCOUNT-001923,ACCOUNT-001307,50300,2026-08-11T12:26:00Z,NEFT,False,
BANK-TXN-00005834,ACCOUNT-000415,ACCOUNT-001647,7900,2026-08-07T01:17:00Z,UPI,False,
BANK-TXN-00005835,ACCOUNT-000226,ACCOUNT-001363,9500,2026-06-22T06:36:00Z,NEFT,False,
BANK-TXN-00005836,ACCOUNT-001048,ACCOUNT-001863,49500,2026-06-09T13:01:00Z,IMPS,False,
BANK-TXN-00005837,ACCOUNT-000986,ACCOUNT-000856,25600,2026-08-05T01:47:00Z,UPI,False,
BANK-TXN-00005838,ACCOUNT-001140,ACCOUNT-000706,88700,2026-06-06T00:30:00Z,UPI,False,
BANK-TXN-00005839,ACCOUNT-001783,ACCOUNT-001424,94400,2026-08-05T12:54:00Z,UPI,False,
BANK-TXN-00005840,ACCOUNT-000252,ACCOUNT-001632,98700,2026-06-11T17:14:00Z,UPI,False,
BANK-TXN-00005841,ACCOUNT-001581,ACCOUNT-001627,5800,2026-08-06T02:16:00Z,UPI,False,
BANK-TXN-00005842,ACCOUNT-001428,ACCOUNT-000002,62800,2026-07-09T16:45:00Z,NEFT,False,
BANK-TXN-00005843,ACCOUNT-000195,ACCOUNT-001867,17100,2026-06-25T13:39:00Z,UPI,False,
BANK-TXN-00005844,ACCOUNT-001105,ACCOUNT-001256,95400,2026-08-07T14:03:00Z,NEFT,False,
BANK-TXN-00005845,ACCOUNT-000490,ACCOUNT-000176,7200,2026-07-26T06:57:00Z,UPI,False,
BANK-TXN-00005846,ACCOUNT-000058,ACCOUNT-000416,29800,2026-08-08T11:33:00Z,UPI,False,
BANK-TXN-00005847,ACCOUNT-000621,ACCOUNT-001784,91600,2026-06-11T23:32:00Z,IMPS,False,
BANK-TXN-00005848,ACCOUNT-001949,ACCOUNT-000779,79900,2026-07-13T12:33:00Z,IMPS,False,
BANK-TXN-00005849,ACCOUNT-001340,ACCOUNT-000286,11500,2026-08-17T16:11:00Z,UPI,False,
BANK-TXN-00005850,ACCOUNT-000354,ACCOUNT-001742,19800,2026-06-20T12:26:00Z,UPI,False,
BANK-TXN-00005851,ACCOUNT-001281,ACCOUNT-000431,92100,2026-07-21T12:57:00Z,NEFT,False,
BANK-TXN-00005852,ACCOUNT-001103,ACCOUNT-000359,23900,2026-08-02T22:50:00Z,UPI,False,
BANK-TXN-00005853,ACCOUNT-001067,ACCOUNT-001225,48800,2026-06-06T08:35:00Z,NEFT,False,
BANK-TXN-00005854,ACCOUNT-000438,ACCOUNT-000805,5100,2026-08-02T19:48:00Z,NEFT,False,
BANK-TXN-00005855,ACCOUNT-000602,ACCOUNT-000794,49700,2026-08-23T18:50:00Z,NEFT,False,
BANK-TXN-00005856,ACCOUNT-001053,ACCOUNT-001576,32900,2026-08-27T15:47:00Z,IMPS,False,
BANK-TXN-00005857,ACCOUNT-001056,ACCOUNT-001691,32200,2026-07-23T06:18:00Z,IMPS,False,
BANK-TXN-00005858,ACCOUNT-001294,ACCOUNT-000185,15600,2026-07-04T05:45:00Z,NEFT,False,
BANK-TXN-00005859,ACCOUNT-001393,ACCOUNT-000071,2500,2026-07-30T02:57:00Z,UPI,False,
BANK-TXN-00005860,ACCOUNT-001575,ACCOUNT-000769,8300,2026-07-04T16:12:00Z,UPI,False,
BANK-TXN-00005861,ACCOUNT-001715,ACCOUNT-000652,3500,2026-07-20T20:12:00Z,IMPS,False,
BANK-TXN-00005862,ACCOUNT-000930,ACCOUNT-001261,68000,2026-07-11T17:03:00Z,UPI,False,
BANK-TXN-00005863,ACCOUNT-001716,ACCOUNT-000214,71800,2026-06-08T23:41:00Z,UPI,False,
BANK-TXN-00005864,ACCOUNT-000784,ACCOUNT-001498,1200,2026-07-06T06:13:00Z,NEFT,False,
BANK-TXN-00005865,ACCOUNT-001825,ACCOUNT-000013,2900,2026-07-22T12:59:00Z,UPI,False,
BANK-TXN-00005866,ACCOUNT-001352,ACCOUNT-000688,55400,2026-08-03T10:20:00Z,NEFT,False,
BANK-TXN-00005867,ACCOUNT-001473,ACCOUNT-000778,200,2026-08-11T03:43:00Z,UPI,False,
BANK-TXN-00005868,ACCOUNT-001284,ACCOUNT-001007,47300,2026-06-20T10:40:00Z,NEFT,False,
BANK-TXN-00005869,ACCOUNT-001738,ACCOUNT-001696,11400,2026-08-10T02:33:00Z,NEFT,False,
BANK-TXN-00005870,ACCOUNT-001867,ACCOUNT-001400,79200,2026-07-24T17:47:00Z,UPI,False,
BANK-TXN-00005871,ACCOUNT-000545,ACCOUNT-001521,26900,2026-07-27T05:00:00Z,NEFT,False,
BANK-TXN-00005872,ACCOUNT-001316,ACCOUNT-001895,8900,2026-08-27T07:12:00Z,UPI,False,
BANK-TXN-00005873,ACCOUNT-000050,ACCOUNT-000346,10700,2026-07-28T08:59:00Z,NEFT,False,
BANK-TXN-00005874,ACCOUNT-000889,ACCOUNT-000911,6400,2026-08-16T15:39:00Z,IMPS,False,
BANK-TXN-00005875,ACCOUNT-001590,ACCOUNT-000250,39700,2026-06-26T06:44:00Z,IMPS,False,
BANK-TXN-00005876,ACCOUNT-000731,ACCOUNT-000524,85500,2026-08-20T16:02:00Z,UPI,False,
BANK-TXN-00005877,ACCOUNT-001544,ACCOUNT-001554,8200,2026-06-15T17:00:00Z,RTGS,False,
BANK-TXN-00005878,ACCOUNT-001845,ACCOUNT-001125,5300,2026-08-19T13:19:00Z,UPI,False,
BANK-TXN-00005879,ACCOUNT-001761,ACCOUNT-001393,47300,2026-07-14T17:06:00Z,UPI,False,
BANK-TXN-00005880,ACCOUNT-000008,ACCOUNT-000247,7100,2026-08-08T12:33:00Z,RTGS,False,
BANK-TXN-00005881,ACCOUNT-001743,ACCOUNT-000671,6700,2026-08-21T11:46:00Z,IMPS,False,
BANK-TXN-00005882,ACCOUNT-001230,ACCOUNT-000130,5300,2026-07-30T03:42:00Z,UPI,False,
BANK-TXN-00005883,ACCOUNT-001410,ACCOUNT-001537,8100,2026-08-07T13:13:00Z,UPI,False,
BANK-TXN-00005884,ACCOUNT-000814,ACCOUNT-001668,61700,2026-08-09T06:45:00Z,UPI,False,
BANK-TXN-00005885,ACCOUNT-000577,ACCOUNT-000606,8000,2026-08-22T06:01:00Z,IMPS,False,
BANK-TXN-00005886,ACCOUNT-000727,ACCOUNT-000527,13900,2026-08-02T09:23:00Z,NEFT,False,
BANK-TXN-00005887,ACCOUNT-001152,ACCOUNT-001552,6400,2026-07-14T06:59:00Z,RTGS,False,
BANK-TXN-00005888,ACCOUNT-001071,ACCOUNT-000842,24200,2026-06-08T15:54:00Z,UPI,False,
BANK-TXN-00005889,ACCOUNT-000504,ACCOUNT-001699,66300,2026-08-12T09:58:00Z,NEFT,False,
BANK-TXN-00005890,ACCOUNT-000682,ACCOUNT-000118,41900,2026-07-25T02:28:00Z,UPI,False,
BANK-TXN-00005891,ACCOUNT-001198,ACCOUNT-000057,7900,2026-07-19T17:52:00Z,UPI,False,
BANK-TXN-00005892,ACCOUNT-000215,ACCOUNT-000122,16500,2026-06-11T21:44:00Z,UPI,False,
BANK-TXN-00005893,ACCOUNT-001415,ACCOUNT-000475,28100,2026-06-17T18:56:00Z,UPI,False,
BANK-TXN-00005894,ACCOUNT-000515,ACCOUNT-001750,19100,2026-08-27T22:15:00Z,UPI,False,
BANK-TXN-00005895,ACCOUNT-001392,ACCOUNT-001823,70200,2026-06-25T07:02:00Z,UPI,False,
BANK-TXN-00005896,ACCOUNT-001912,ACCOUNT-000997,19600,2026-08-02T11:11:00Z,UPI,False,
BANK-TXN-00005897,ACCOUNT-001937,ACCOUNT-000011,43600,2026-07-03T17:35:00Z,UPI,False,
BANK-TXN-00005898,ACCOUNT-000599,ACCOUNT-001744,3600,2026-06-29T15:51:00Z,UPI,False,
BANK-TXN-00005899,ACCOUNT-000004,ACCOUNT-000396,82700,2026-07-04T10:47:00Z,UPI,False,
BANK-TXN-00005900,ACCOUNT-001721,ACCOUNT-001757,82000,2026-08-12T06:17:00Z,UPI,False,
BANK-TXN-00005901,ACCOUNT-000627,ACCOUNT-000443,2600,2026-06-15T15:37:00Z,UPI,False,
BANK-TXN-00005902,ACCOUNT-000811,ACCOUNT-001245,13300,2026-07-17T11:32:00Z,IMPS,False,
BANK-TXN-00005903,ACCOUNT-000882,ACCOUNT-000858,1400,2026-06-18T14:25:00Z,IMPS,False,
BANK-TXN-00005904,ACCOUNT-000203,ACCOUNT-000876,3000,2026-08-03T12:27:00Z,UPI,False,
BANK-TXN-00005905,ACCOUNT-000536,ACCOUNT-001709,16200,2026-06-07T10:45:00Z,UPI,False,
BANK-TXN-00005906,ACCOUNT-001816,ACCOUNT-000549,61700,2026-08-08T09:04:00Z,IMPS,False,
BANK-TXN-00005907,ACCOUNT-000451,ACCOUNT-000024,16100,2026-08-02T01:12:00Z,IMPS,False,
BANK-TXN-00005908,ACCOUNT-000278,ACCOUNT-001517,3400,2026-05-31T03:35:00Z,IMPS,False,
BANK-TXN-00005909,ACCOUNT-000709,ACCOUNT-000386,47500,2026-08-05T09:25:00Z,UPI,False,
BANK-TXN-00005910,ACCOUNT-001444,ACCOUNT-001772,91400,2026-08-25T19:44:00Z,IMPS,False,
BANK-TXN-00005911,ACCOUNT-001712,ACCOUNT-001475,22500,2026-07-21T11:39:00Z,UPI,False,
BANK-TXN-00005912,ACCOUNT-001781,ACCOUNT-001340,25000,2026-07-02T04:58:00Z,RTGS,False,
BANK-TXN-00005913,ACCOUNT-000082,ACCOUNT-001180,65800,2026-07-06T11:56:00Z,UPI,False,
BANK-TXN-00005914,ACCOUNT-001622,ACCOUNT-000798,8900,2026-07-16T09:32:00Z,UPI,False,
BANK-TXN-00005915,ACCOUNT-001598,ACCOUNT-001904,10500,2026-08-24T08:11:00Z,UPI,False,
BANK-TXN-00005916,ACCOUNT-000422,ACCOUNT-001861,54900,2026-07-08T10:06:00Z,NEFT,False,
BANK-TXN-00005917,ACCOUNT-001063,ACCOUNT-001773,49700,2026-08-26T14:53:00Z,NEFT,False,
BANK-TXN-00005918,ACCOUNT-000880,ACCOUNT-001280,3100,2026-06-08T15:47:00Z,NEFT,False,
BANK-TXN-00005919,ACCOUNT-001868,ACCOUNT-000331,73300,2026-08-15T03:28:00Z,IMPS,False,
BANK-TXN-00005920,ACCOUNT-001643,ACCOUNT-000140,80100,2026-06-03T07:01:00Z,UPI,False,
BANK-TXN-00005921,ACCOUNT-000656,ACCOUNT-001037,6900,2026-06-30T16:34:00Z,IMPS,False,
BANK-TXN-00005922,ACCOUNT-000244,ACCOUNT-000066,39200,2026-07-26T10:39:00Z,NEFT,False,
BANK-TXN-00005923,ACCOUNT-000860,ACCOUNT-000921,22200,2026-08-14T02:36:00Z,IMPS,False,
BANK-TXN-00005924,ACCOUNT-001125,ACCOUNT-001704,93000,2026-08-20T10:51:00Z,UPI,False,
BANK-TXN-00005925,ACCOUNT-001740,ACCOUNT-001005,76000,2026-06-18T08:06:00Z,UPI,False,
BANK-TXN-00005926,ACCOUNT-001329,ACCOUNT-000338,53200,2026-07-26T09:17:00Z,IMPS,False,
BANK-TXN-00005927,ACCOUNT-000829,ACCOUNT-000053,24300,2026-06-08T10:54:00Z,IMPS,False,
BANK-TXN-00005928,ACCOUNT-001794,ACCOUNT-000754,4600,2026-08-04T11:46:00Z,IMPS,False,
BANK-TXN-00005929,ACCOUNT-000440,ACCOUNT-000934,19400,2026-07-06T16:27:00Z,IMPS,False,
BANK-TXN-00005930,ACCOUNT-001012,ACCOUNT-000045,92700,2026-06-26T05:33:00Z,UPI,False,
BANK-TXN-00005931,ACCOUNT-001122,ACCOUNT-001455,100,2026-08-16T15:41:00Z,UPI,False,
BANK-TXN-00005932,ACCOUNT-001504,ACCOUNT-000557,26100,2026-08-24T06:37:00Z,UPI,False,
BANK-TXN-00005933,ACCOUNT-001586,ACCOUNT-001765,11000,2026-08-13T21:33:00Z,UPI,False,
BANK-TXN-00005934,ACCOUNT-001244,ACCOUNT-000996,6100,2026-08-08T09:27:00Z,IMPS,False,
BANK-TXN-00005935,ACCOUNT-001031,ACCOUNT-001356,7900,2026-07-17T06:41:00Z,NEFT,False,
BANK-TXN-00005936,ACCOUNT-001521,ACCOUNT-000548,39700,2026-07-26T00:15:00Z,NEFT,False,
BANK-TXN-00005937,ACCOUNT-001228,ACCOUNT-000306,74500,2026-07-12T17:06:00Z,IMPS,False,
BANK-TXN-00005938,ACCOUNT-001664,ACCOUNT-000842,17000,2026-07-07T08:04:00Z,UPI,False,
BANK-TXN-00005939,ACCOUNT-001925,ACCOUNT-CMP-000001,85900,2026-06-24T03:31:00Z,RTGS,False,
BANK-TXN-00005940,ACCOUNT-001367,ACCOUNT-001489,400,2026-07-28T01:30:00Z,NEFT,False,
BANK-TXN-00005941,ACCOUNT-000661,ACCOUNT-000385,11400,2026-06-14T06:51:00Z,IMPS,False,
BANK-TXN-00005942,ACCOUNT-001420,ACCOUNT-001652,14900,2026-06-26T11:25:00Z,IMPS,False,
BANK-TXN-00005943,ACCOUNT-000005,ACCOUNT-001573,9400,2026-06-08T18:42:00Z,UPI,False,
BANK-TXN-00005944,ACCOUNT-000126,ACCOUNT-001894,300,2026-08-08T13:10:00Z,UPI,False,
BANK-TXN-00005945,ACCOUNT-000412,ACCOUNT-001844,36900,2026-08-16T12:35:00Z,UPI,False,
BANK-TXN-00005946,ACCOUNT-000984,ACCOUNT-001591,39700,2026-08-28T12:51:00Z,RTGS,False,
BANK-TXN-00005947,ACCOUNT-001506,ACCOUNT-001411,9700,2026-06-30T18:33:00Z,RTGS,False,
BANK-TXN-00005948,ACCOUNT-000019,ACCOUNT-000841,29000,2026-07-22T16:16:00Z,IMPS,False,
BANK-TXN-00005949,ACCOUNT-001245,ACCOUNT-001878,78000,2026-08-25T07:47:00Z,IMPS,False,
BANK-TXN-00005950,ACCOUNT-000998,ACCOUNT-001861,7800,2026-07-07T11:52:00Z,UPI,False,
BANK-TXN-00005951,ACCOUNT-001512,ACCOUNT-000713,41300,2026-07-20T15:56:00Z,RTGS,False,
BANK-TXN-00005952,ACCOUNT-000476,ACCOUNT-001177,31900,2026-08-20T14:41:00Z,NEFT,False,
BANK-TXN-00005953,ACCOUNT-000259,ACCOUNT-000688,45600,2026-07-06T21:42:00Z,UPI,False,
BANK-TXN-00005954,ACCOUNT-001826,ACCOUNT-001050,7700,2026-08-08T01:58:00Z,IMPS,False,
BANK-TXN-00005955,ACCOUNT-000801,ACCOUNT-001421,10800,2026-08-15T14:10:00Z,IMPS,False,
BANK-TXN-00005956,ACCOUNT-000379,ACCOUNT-000805,94500,2026-08-20T15:59:00Z,RTGS,False,
BANK-TXN-00005957,ACCOUNT-000464,ACCOUNT-000192,4600,2026-08-11T17:11:00Z,UPI,False,
BANK-TXN-00005958,ACCOUNT-000900,ACCOUNT-000892,2100,2026-07-08T01:42:00Z,UPI,False,
BANK-TXN-00005959,ACCOUNT-001301,ACCOUNT-000367,4500,2026-07-24T17:19:00Z,NEFT,False,
BANK-TXN-00005960,ACCOUNT-001158,ACCOUNT-000569,8200,2026-07-31T14:16:00Z,IMPS,False,
BANK-TXN-00005961,ACCOUNT-001871,ACCOUNT-000151,24100,2026-06-30T11:00:00Z,NEFT,False,
BANK-TXN-00005962,ACCOUNT-000492,ACCOUNT-001064,6100,2026-08-24T01:32:00Z,UPI,False,
BANK-TXN-00005963,ACCOUNT-000775,ACCOUNT-001589,69700,2026-07-03T04:12:00Z,UPI,False,
BANK-TXN-00005964,ACCOUNT-000681,ACCOUNT-001705,13000,2026-07-12T17:53:00Z,UPI,False,
BANK-TXN-00005965,ACCOUNT-000023,ACCOUNT-001506,2400,2026-07-15T08:29:00Z,RTGS,False,
BANK-TXN-00005966,ACCOUNT-000321,ACCOUNT-001276,75200,2026-07-12T22:35:00Z,NEFT,False,
BANK-TXN-00005967,ACCOUNT-000547,ACCOUNT-000593,25000,2026-08-17T17:48:00Z,IMPS,False,
BANK-TXN-00005968,ACCOUNT-001743,ACCOUNT-001431,7000,2026-06-20T09:19:00Z,IMPS,False,
BANK-TXN-00005969,ACCOUNT-001223,ACCOUNT-000309,300,2026-07-08T15:33:00Z,UPI,False,
BANK-TXN-00005970,ACCOUNT-000384,ACCOUNT-000686,3100,2026-06-04T13:37:00Z,NEFT,False,
BANK-TXN-00005971,ACCOUNT-001949,ACCOUNT-001203,3800,2026-07-02T07:37:00Z,UPI,False,
BANK-TXN-00005972,ACCOUNT-001798,ACCOUNT-001067,1200,2026-07-27T09:47:00Z,UPI,False,
BANK-TXN-00005973,ACCOUNT-000406,ACCOUNT-000548,83000,2026-07-27T05:39:00Z,UPI,False,
BANK-TXN-00005974,ACCOUNT-000136,ACCOUNT-001279,1300,2026-06-26T12:50:00Z,NEFT,False,
BANK-TXN-00005975,ACCOUNT-000854,ACCOUNT-001564,26900,2026-08-17T12:17:00Z,UPI,False,
BANK-TXN-00005976,ACCOUNT-001923,ACCOUNT-001434,5900,2026-07-04T06:45:00Z,UPI,False,
BANK-TXN-00005977,ACCOUNT-001383,ACCOUNT-001620,26000,2026-07-26T03:11:00Z,IMPS,False,
BANK-TXN-00005978,ACCOUNT-001045,ACCOUNT-000195,1100,2026-08-28T18:27:00Z,IMPS,False,
BANK-TXN-00005979,ACCOUNT-000907,ACCOUNT-000149,5000,2026-06-11T10:43:00Z,NEFT,False,
BANK-TXN-00005980,ACCOUNT-001232,ACCOUNT-001802,24100,2026-06-05T15:32:00Z,IMPS,False,
BANK-TXN-00005981,ACCOUNT-001879,ACCOUNT-001771,900,2026-06-07T07:14:00Z,NEFT,False,
BANK-TXN-00005982,ACCOUNT-001056,ACCOUNT-000226,5000,2026-06-27T06:22:00Z,IMPS,False,
BANK-TXN-00005983,ACCOUNT-001068,ACCOUNT-001745,81100,2026-08-26T14:26:00Z,NEFT,False,
BANK-TXN-00005984,ACCOUNT-000676,ACCOUNT-001747,3500,2026-06-06T02:28:00Z,UPI,False,
BANK-TXN-00005985,ACCOUNT-000033,ACCOUNT-000395,2200,2026-08-01T15:07:00Z,RTGS,False,
BANK-TXN-00005986,ACCOUNT-001133,ACCOUNT-001718,2200,2026-08-14T07:03:00Z,UPI,False,
BANK-TXN-00005987,ACCOUNT-001944,ACCOUNT-001455,86800,2026-07-31T13:19:00Z,NEFT,False,
BANK-TXN-00005988,ACCOUNT-000885,ACCOUNT-001660,5600,2026-06-14T09:20:00Z,IMPS,False,
BANK-TXN-00005989,ACCOUNT-000141,ACCOUNT-000200,20700,2026-07-07T07:24:00Z,UPI,False,
BANK-TXN-00005990,ACCOUNT-000281,ACCOUNT-001304,21000,2026-08-19T17:04:00Z,RTGS,False,
BANK-TXN-00005991,ACCOUNT-001699,ACCOUNT-000865,9500,2026-07-26T17:53:00Z,IMPS,False,
BANK-TXN-00005992,ACCOUNT-001490,ACCOUNT-000711,44800,2026-06-17T10:48:00Z,UPI,False,
BANK-TXN-00005993,ACCOUNT-000937,ACCOUNT-001676,90100,2026-07-25T09:08:00Z,NEFT,False,
BANK-TXN-00005994,ACCOUNT-001198,ACCOUNT-001847,1200,2026-06-01T07:22:00Z,UPI,False,
BANK-TXN-00005995,ACCOUNT-001766,ACCOUNT-001186,4700,2026-08-09T23:46:00Z,NEFT,False,
BANK-TXN-00005996,ACCOUNT-001526,ACCOUNT-000887,22600,2026-07-12T12:17:00Z,IMPS,False,
BANK-TXN-00005997,ACCOUNT-001786,ACCOUNT-000246,82300,2026-07-06T13:29:00Z,UPI,False,
BANK-TXN-00005998,ACCOUNT-000047,ACCOUNT-000585,2000,2026-06-16T08:06:00Z,UPI,False,
BANK-TXN-00005999,ACCOUNT-001027,ACCOUNT-001167,2600,2026-06-03T06:42:00Z,UPI,False,
BANK-TXN-00006000,ACCOUNT-000081,ACCOUNT-001083,94900,2026-07-10T17:14:00Z,UPI,False,
BANK-TXN-00006001,ACCOUNT-001627,ACCOUNT-001818,5100,2026-08-12T06:06:00Z,UPI,False,
BANK-TXN-00006002,ACCOUNT-000303,ACCOUNT-000556,12400,2026-06-19T02:36:00Z,NEFT,False,
BANK-TXN-00006003,ACCOUNT-000847,ACCOUNT-000203,19200,2026-08-01T08:24:00Z,UPI,False,
BANK-TXN-00006004,ACCOUNT-000657,ACCOUNT-001115,4500,2026-07-09T17:13:00Z,UPI,False,
BANK-TXN-00006005,ACCOUNT-001033,ACCOUNT-000410,3400,2026-06-16T15:04:00Z,UPI,False,
BANK-TXN-00006006,ACCOUNT-000556,ACCOUNT-001298,38100,2026-07-24T04:17:00Z,UPI,False,
BANK-TXN-00006007,ACCOUNT-001157,ACCOUNT-001118,2800,2026-06-24T17:49:00Z,IMPS,False,
BANK-TXN-00006008,ACCOUNT-000764,ACCOUNT-000781,71200,2026-06-11T16:37:00Z,NEFT,False,
BANK-TXN-00006009,ACCOUNT-001950,ACCOUNT-000939,7600,2026-07-04T07:52:00Z,UPI,False,
BANK-TXN-00006010,ACCOUNT-000170,ACCOUNT-001652,13100,2026-08-06T11:46:00Z,UPI,False,
BANK-TXN-00006011,ACCOUNT-001256,ACCOUNT-001515,22000,2026-06-12T07:38:00Z,NEFT,False,
BANK-TXN-00006012,ACCOUNT-001682,ACCOUNT-001533,8200,2026-08-24T17:10:00Z,UPI,False,
BANK-TXN-00006013,ACCOUNT-001764,ACCOUNT-000931,28300,2026-06-26T19:59:00Z,IMPS,False,
BANK-TXN-00006014,ACCOUNT-000744,ACCOUNT-001777,64600,2026-08-26T17:36:00Z,UPI,False,
BANK-TXN-00006015,ACCOUNT-000458,ACCOUNT-001592,4200,2026-07-13T08:43:00Z,UPI,False,
BANK-TXN-00006016,ACCOUNT-000506,ACCOUNT-001273,6500,2026-08-19T22:47:00Z,IMPS,False,
BANK-TXN-00006017,ACCOUNT-000254,ACCOUNT-001694,49700,2026-06-22T12:18:00Z,UPI,False,
BANK-TXN-00006018,ACCOUNT-001174,ACCOUNT-001305,49500,2026-08-22T03:33:00Z,IMPS,False,
BANK-TXN-00006019,ACCOUNT-000964,ACCOUNT-000988,4600,2026-06-07T08:12:00Z,NEFT,False,
BANK-TXN-00006020,ACCOUNT-000163,ACCOUNT-001356,8200,2026-08-21T14:25:00Z,UPI,False,
BANK-TXN-00006021,ACCOUNT-001519,ACCOUNT-000960,4200,2026-06-18T16:59:00Z,UPI,False,
BANK-TXN-00006022,ACCOUNT-000961,ACCOUNT-001458,15600,2026-06-29T06:12:00Z,UPI,False,
BANK-TXN-00006023,ACCOUNT-001912,ACCOUNT-001530,8700,2026-07-23T17:40:00Z,UPI,False,
BANK-TXN-00006024,ACCOUNT-001262,ACCOUNT-000266,37200,2026-08-11T15:37:00Z,UPI,False,
BANK-TXN-00006025,ACCOUNT-000372,ACCOUNT-000934,11200,2026-07-01T15:32:00Z,UPI,False,
BANK-TXN-00006026,ACCOUNT-000219,ACCOUNT-001349,5500,2026-06-23T10:38:00Z,UPI,False,
BANK-TXN-00006027,ACCOUNT-001896,ACCOUNT-000578,9500,2026-06-22T14:58:00Z,UPI,False,
BANK-TXN-00006028,ACCOUNT-001088,ACCOUNT-000472,75000,2026-06-15T05:15:00Z,UPI,False,
BANK-TXN-00006029,ACCOUNT-001036,ACCOUNT-001789,4900,2026-07-21T16:10:00Z,IMPS,False,
BANK-TXN-00006030,ACCOUNT-001367,ACCOUNT-000585,89500,2026-06-30T14:16:00Z,IMPS,False,
BANK-TXN-00006031,ACCOUNT-000755,ACCOUNT-001359,44200,2026-06-25T06:41:00Z,UPI,False,
BANK-TXN-00006032,ACCOUNT-001804,ACCOUNT-000786,9300,2026-06-16T07:14:00Z,IMPS,False,
BANK-TXN-00006033,ACCOUNT-001078,ACCOUNT-000698,1000,2026-07-29T17:20:00Z,RTGS,False,
BANK-TXN-00006034,ACCOUNT-001913,ACCOUNT-000650,43200,2026-07-20T12:06:00Z,IMPS,False,
BANK-TXN-00006035,ACCOUNT-001322,ACCOUNT-000972,41500,2026-06-14T01:34:00Z,UPI,False,
BANK-TXN-00006036,ACCOUNT-001361,ACCOUNT-001625,76400,2026-08-20T10:12:00Z,IMPS,False,
BANK-TXN-00006037,ACCOUNT-000441,ACCOUNT-001470,8600,2026-07-06T06:55:00Z,UPI,False,
BANK-TXN-00006038,ACCOUNT-001472,ACCOUNT-000596,56900,2026-06-08T14:10:00Z,IMPS,False,
BANK-TXN-00006039,ACCOUNT-000133,ACCOUNT-000236,6400,2026-06-18T14:32:00Z,RTGS,False,
BANK-TXN-00006040,ACCOUNT-000681,ACCOUNT-001291,30400,2026-08-22T19:43:00Z,UPI,False,
BANK-TXN-00006041,ACCOUNT-001170,ACCOUNT-000866,96800,2026-08-11T12:48:00Z,IMPS,False,
BANK-TXN-00006042,ACCOUNT-000777,ACCOUNT-001810,94900,2026-07-14T14:24:00Z,UPI,False,
BANK-TXN-00006043,ACCOUNT-000952,ACCOUNT-001168,10000,2026-08-18T07:25:00Z,UPI,False,
BANK-TXN-00006044,ACCOUNT-000091,ACCOUNT-001127,700,2026-06-07T17:10:00Z,IMPS,False,
BANK-TXN-00006045,ACCOUNT-000365,ACCOUNT-001034,2600,2026-07-07T08:22:00Z,UPI,False,
BANK-TXN-00006046,ACCOUNT-000176,ACCOUNT-000660,1700,2026-06-27T14:39:00Z,NEFT,False,
BANK-TXN-00006047,ACCOUNT-001572,ACCOUNT-001546,27500,2026-08-23T10:35:00Z,IMPS,False,
BANK-TXN-00006048,ACCOUNT-001607,ACCOUNT-001374,4600,2026-08-27T09:00:00Z,UPI,False,
BANK-TXN-00006049,ACCOUNT-001926,ACCOUNT-000724,6700,2026-06-24T07:03:00Z,UPI,False,
BANK-TXN-00006050,ACCOUNT-000358,ACCOUNT-000991,99000,2026-06-03T03:42:00Z,UPI,False,
BANK-TXN-00006051,ACCOUNT-000716,ACCOUNT-001442,60100,2026-06-05T17:41:00Z,NEFT,False,
BANK-TXN-00006052,ACCOUNT-001946,ACCOUNT-000708,28900,2026-08-14T11:23:00Z,IMPS,False,
BANK-TXN-00006053,ACCOUNT-000131,ACCOUNT-000369,15200,2026-06-06T16:02:00Z,IMPS,False,
BANK-TXN-00006054,ACCOUNT-000482,ACCOUNT-000671,21400,2026-07-30T01:31:00Z,IMPS,False,
BANK-TXN-00006055,ACCOUNT-001020,ACCOUNT-000910,7400,2026-08-01T15:14:00Z,IMPS,False,
BANK-TXN-00006056,ACCOUNT-001575,ACCOUNT-000686,1400,2026-06-21T04:40:00Z,IMPS,False,
BANK-TXN-00006057,ACCOUNT-000019,ACCOUNT-000614,1700,2026-06-07T09:22:00Z,UPI,False,
BANK-TXN-00006058,ACCOUNT-001869,ACCOUNT-000978,8200,2026-08-19T08:17:00Z,UPI,False,
BANK-TXN-00006059,ACCOUNT-001615,ACCOUNT-000846,51800,2026-08-18T02:24:00Z,UPI,False,
BANK-TXN-00006060,ACCOUNT-000542,ACCOUNT-000808,89000,2026-07-09T03:34:00Z,UPI,False,
BANK-TXN-00006061,ACCOUNT-001370,ACCOUNT-000560,3000,2026-06-29T17:06:00Z,UPI,False,
BANK-TXN-00006062,ACCOUNT-001917,ACCOUNT-000349,35800,2026-07-22T06:37:00Z,UPI,False,
BANK-TXN-00006063,ACCOUNT-001659,ACCOUNT-000502,7400,2026-08-22T16:38:00Z,NEFT,False,
BANK-TXN-00006064,ACCOUNT-001736,ACCOUNT-001879,18300,2026-06-16T13:51:00Z,UPI,False,
BANK-TXN-00006065,ACCOUNT-001491,ACCOUNT-001508,3100,2026-07-11T11:40:00Z,RTGS,False,
BANK-TXN-00006066,ACCOUNT-001555,ACCOUNT-000192,85200,2026-08-21T08:49:00Z,UPI,False,
BANK-TXN-00006067,ACCOUNT-001220,ACCOUNT-000610,44100,2026-06-30T04:43:00Z,IMPS,False,
BANK-TXN-00006068,ACCOUNT-001925,ACCOUNT-000148,15200,2026-08-05T07:55:00Z,IMPS,False,
BANK-TXN-00006069,ACCOUNT-001373,ACCOUNT-001909,29500,2026-07-29T18:24:00Z,NEFT,False,
BANK-TXN-00006070,ACCOUNT-001878,ACCOUNT-000904,15700,2026-07-17T13:41:00Z,IMPS,False,
BANK-TXN-00006071,ACCOUNT-001561,ACCOUNT-000079,92800,2026-06-15T14:20:00Z,UPI,False,
BANK-TXN-00006072,ACCOUNT-001821,ACCOUNT-000822,30100,2026-08-01T00:57:00Z,UPI,False,
BANK-TXN-00006073,ACCOUNT-001457,ACCOUNT-001896,11900,2026-08-13T05:57:00Z,UPI,False,
BANK-TXN-00006074,ACCOUNT-000116,ACCOUNT-000913,2000,2026-06-24T11:13:00Z,NEFT,False,
BANK-TXN-00006075,ACCOUNT-001027,ACCOUNT-000222,15000,2026-08-17T16:19:00Z,NEFT,False,
BANK-TXN-00006076,ACCOUNT-001409,ACCOUNT-001494,8800,2026-06-29T06:18:00Z,UPI,False,
BANK-TXN-00006077,ACCOUNT-001907,ACCOUNT-000328,9800,2026-06-28T02:04:00Z,NEFT,False,
BANK-TXN-00006078,ACCOUNT-000650,ACCOUNT-001190,42800,2026-06-20T13:31:00Z,UPI,False,
BANK-TXN-00006079,ACCOUNT-000739,ACCOUNT-000611,3100,2026-06-23T09:15:00Z,UPI,False,
BANK-TXN-00006080,ACCOUNT-000374,ACCOUNT-001421,89100,2026-06-14T02:36:00Z,IMPS,False,
BANK-TXN-00006081,ACCOUNT-000197,ACCOUNT-000667,25200,2026-07-22T07:49:00Z,UPI,False,
BANK-TXN-00006082,ACCOUNT-000261,ACCOUNT-001176,1400,2026-07-28T16:16:00Z,RTGS,False,
BANK-TXN-00006083,ACCOUNT-000801,ACCOUNT-001044,20700,2026-06-16T16:08:00Z,UPI,False,
BANK-TXN-00006084,ACCOUNT-000132,ACCOUNT-000512,64700,2026-07-04T06:06:00Z,UPI,False,
BANK-TXN-00006085,ACCOUNT-001024,ACCOUNT-000988,53400,2026-08-18T07:13:00Z,UPI,False,
BANK-TXN-00006086,ACCOUNT-000354,ACCOUNT-001435,68000,2026-06-09T08:56:00Z,IMPS,False,
BANK-TXN-00006087,ACCOUNT-001542,ACCOUNT-000175,18600,2026-06-29T12:02:00Z,IMPS,False,
BANK-TXN-00006088,ACCOUNT-000321,ACCOUNT-000318,9400,2026-07-31T07:37:00Z,UPI,False,
BANK-TXN-00006089,ACCOUNT-001140,ACCOUNT-001005,29900,2026-06-04T22:03:00Z,UPI,False,
BANK-TXN-00006090,ACCOUNT-001366,ACCOUNT-000310,8800,2026-08-10T10:05:00Z,NEFT,False,
BANK-TXN-00006091,ACCOUNT-001634,ACCOUNT-000483,38400,2026-07-14T01:26:00Z,IMPS,False,
BANK-TXN-00006092,ACCOUNT-000213,ACCOUNT-000768,83200,2026-08-04T13:03:00Z,UPI,False,
BANK-TXN-00006093,ACCOUNT-000993,ACCOUNT-001932,22700,2026-08-08T12:18:00Z,UPI,False,
BANK-TXN-00006094,ACCOUNT-000568,ACCOUNT-001385,8300,2026-07-13T14:31:00Z,UPI,False,
BANK-TXN-00006095,ACCOUNT-001553,ACCOUNT-000021,3400,2026-08-13T00:38:00Z,UPI,False,
BANK-TXN-00006096,ACCOUNT-001915,ACCOUNT-001106,18900,2026-06-28T14:13:00Z,IMPS,False,
BANK-TXN-00006097,ACCOUNT-001531,ACCOUNT-001388,2100,2026-07-16T10:19:00Z,UPI,False,
BANK-TXN-00006098,ACCOUNT-000223,ACCOUNT-000004,37400,2026-06-18T03:25:00Z,IMPS,False,
BANK-TXN-00006099,ACCOUNT-001647,ACCOUNT-000533,60800,2026-07-27T11:55:00Z,UPI,False,
BANK-TXN-00006100,ACCOUNT-001662,ACCOUNT-001581,7400,2026-06-19T01:36:00Z,IMPS,False,
BANK-TXN-00006101,ACCOUNT-000606,ACCOUNT-000796,6900,2026-07-17T15:46:00Z,NEFT,False,
BANK-TXN-00006102,ACCOUNT-000907,ACCOUNT-000567,8000,2026-06-16T12:46:00Z,IMPS,False,
BANK-TXN-00006103,ACCOUNT-001763,ACCOUNT-000303,48500,2026-08-09T05:01:00Z,NEFT,False,
BANK-TXN-00006104,ACCOUNT-001029,ACCOUNT-000235,1200,2026-06-11T02:38:00Z,UPI,False,
BANK-TXN-00006105,ACCOUNT-000595,ACCOUNT-000424,6800,2026-06-19T03:29:00Z,RTGS,False,
BANK-TXN-00006106,ACCOUNT-000103,ACCOUNT-000662,2100,2026-08-07T17:42:00Z,NEFT,False,
BANK-TXN-00006107,ACCOUNT-000008,ACCOUNT-000518,4000,2026-06-29T17:34:00Z,UPI,False,
BANK-TXN-00006108,ACCOUNT-001862,ACCOUNT-001314,1800,2026-06-17T12:22:00Z,UPI,False,
BANK-TXN-00006109,ACCOUNT-001204,ACCOUNT-000997,25400,2026-07-02T15:34:00Z,IMPS,False,
BANK-TXN-00006110,ACCOUNT-001539,ACCOUNT-001519,54700,2026-07-19T09:22:00Z,UPI,False,
BANK-TXN-00006111,ACCOUNT-000611,ACCOUNT-000993,8900,2026-07-30T13:37:00Z,UPI,False,
BANK-TXN-00006112,ACCOUNT-001083,ACCOUNT-001080,22900,2026-07-15T10:09:00Z,IMPS,False,
BANK-TXN-00006113,ACCOUNT-001399,ACCOUNT-001393,21500,2026-07-15T03:05:00Z,UPI,False,
BANK-TXN-00006114,ACCOUNT-000232,ACCOUNT-001638,16700,2026-06-09T09:44:00Z,RTGS,False,
BANK-TXN-00006115,ACCOUNT-001481,ACCOUNT-001231,8600,2026-07-10T20:33:00Z,UPI,False,
BANK-TXN-00006116,ACCOUNT-000695,ACCOUNT-000981,16000,2026-07-27T11:30:00Z,UPI,False,
BANK-TXN-00006117,ACCOUNT-000324,ACCOUNT-000163,73300,2026-08-10T16:43:00Z,UPI,False,
BANK-TXN-00006118,ACCOUNT-000786,ACCOUNT-001849,54100,2026-08-19T06:02:00Z,NEFT,False,
BANK-TXN-00006119,ACCOUNT-001549,ACCOUNT-001153,40100,2026-06-23T11:37:00Z,NEFT,False,
BANK-TXN-00006120,ACCOUNT-001102,ACCOUNT-001738,52000,2026-07-31T17:49:00Z,IMPS,False,
BANK-TXN-00006121,ACCOUNT-000059,ACCOUNT-001881,17300,2026-08-21T15:00:00Z,UPI,False,
BANK-TXN-00006122,ACCOUNT-000233,ACCOUNT-000898,17200,2026-07-30T13:25:00Z,UPI,False,
BANK-TXN-00006123,ACCOUNT-001494,ACCOUNT-001162,14700,2026-08-20T09:43:00Z,UPI,False,
BANK-TXN-00006124,ACCOUNT-000258,ACCOUNT-001761,900,2026-06-05T06:30:00Z,UPI,False,
BANK-TXN-00006125,ACCOUNT-000480,ACCOUNT-000506,33600,2026-08-21T06:12:00Z,UPI,False,
BANK-TXN-00006126,ACCOUNT-000762,ACCOUNT-001797,98300,2026-08-04T03:37:00Z,UPI,False,
BANK-TXN-00006127,ACCOUNT-001911,ACCOUNT-001858,70200,2026-06-15T08:59:00Z,RTGS,False,
BANK-TXN-00006128,ACCOUNT-000321,ACCOUNT-001032,70600,2026-08-05T07:53:00Z,NEFT,False,
BANK-TXN-00006129,ACCOUNT-001076,ACCOUNT-001004,22000,2026-06-18T11:20:00Z,UPI,False,
BANK-TXN-00006130,ACCOUNT-001761,ACCOUNT-001131,29800,2026-08-10T06:10:00Z,UPI,False,
BANK-TXN-00006131,ACCOUNT-001924,ACCOUNT-000871,36600,2026-07-28T21:01:00Z,UPI,False,
BANK-TXN-00006132,ACCOUNT-001314,ACCOUNT-001665,46600,2026-06-24T07:05:00Z,UPI,False,
BANK-TXN-00006133,ACCOUNT-000056,ACCOUNT-001166,91400,2026-06-26T08:29:00Z,UPI,False,
BANK-TXN-00006134,ACCOUNT-000687,ACCOUNT-000023,19300,2026-08-21T07:42:00Z,IMPS,False,
BANK-TXN-00006135,ACCOUNT-000909,ACCOUNT-001443,95800,2026-08-11T09:50:00Z,RTGS,False,
BANK-TXN-00006136,ACCOUNT-001584,ACCOUNT-001517,40600,2026-08-25T07:59:00Z,UPI,False,
BANK-TXN-00006137,ACCOUNT-000373,ACCOUNT-001413,38200,2026-08-10T12:51:00Z,UPI,False,
BANK-TXN-00006138,ACCOUNT-000594,ACCOUNT-000791,12000,2026-07-29T23:21:00Z,IMPS,False,
BANK-TXN-00006139,ACCOUNT-000872,ACCOUNT-001024,15200,2026-08-13T20:32:00Z,IMPS,False,
BANK-TXN-00006140,ACCOUNT-001721,ACCOUNT-001579,24100,2026-07-03T17:09:00Z,UPI,False,
BANK-TXN-00006141,ACCOUNT-001801,ACCOUNT-001209,84300,2026-06-19T11:58:00Z,UPI,False,
BANK-TXN-00006142,ACCOUNT-000015,ACCOUNT-001014,9400,2026-07-17T07:12:00Z,IMPS,False,
BANK-TXN-00006143,ACCOUNT-000005,ACCOUNT-000747,82000,2026-08-03T06:39:00Z,UPI,False,
BANK-TXN-00006144,ACCOUNT-000896,ACCOUNT-001069,5000,2026-08-01T03:37:00Z,UPI,False,
BANK-TXN-00006145,ACCOUNT-001430,ACCOUNT-000050,2700,2026-07-15T19:48:00Z,IMPS,False,
BANK-TXN-00006146,ACCOUNT-000919,ACCOUNT-000373,2100,2026-08-20T06:26:00Z,UPI,False,
BANK-TXN-00006147,ACCOUNT-000497,ACCOUNT-001133,8000,2026-07-02T06:08:00Z,NEFT,False,
BANK-TXN-00006148,ACCOUNT-001067,ACCOUNT-001919,89400,2026-07-17T16:24:00Z,UPI,False,
BANK-TXN-00006149,ACCOUNT-000592,ACCOUNT-001485,8000,2026-06-16T16:55:00Z,UPI,False,
BANK-TXN-00006150,ACCOUNT-000495,ACCOUNT-000006,3400,2026-07-05T07:24:00Z,UPI,False,
BANK-TXN-00006151,ACCOUNT-000442,ACCOUNT-000069,60400,2026-07-07T10:17:00Z,RTGS,False,
BANK-TXN-00006152,ACCOUNT-000871,ACCOUNT-001595,29100,2026-06-23T02:33:00Z,UPI,False,
BANK-TXN-00006153,ACCOUNT-000809,ACCOUNT-000872,37100,2026-07-16T08:58:00Z,UPI,False,
BANK-TXN-00006154,ACCOUNT-001913,ACCOUNT-000717,9700,2026-06-17T13:10:00Z,NEFT,False,
BANK-TXN-00006155,ACCOUNT-001620,ACCOUNT-000670,21300,2026-07-22T19:00:00Z,UPI,False,
BANK-TXN-00006156,ACCOUNT-001350,ACCOUNT-000268,1200,2026-07-14T01:42:00Z,UPI,False,
BANK-TXN-00006157,ACCOUNT-001690,ACCOUNT-001645,78000,2026-06-21T08:13:00Z,UPI,False,
BANK-TXN-00006158,ACCOUNT-001287,ACCOUNT-001108,28800,2026-07-19T05:27:00Z,UPI,False,
BANK-TXN-00006159,ACCOUNT-000993,ACCOUNT-001032,41100,2026-07-22T06:10:00Z,UPI,False,
BANK-TXN-00006160,ACCOUNT-001079,ACCOUNT-000044,1900,2026-08-09T14:53:00Z,UPI,False,
BANK-TXN-00006161,ACCOUNT-000122,ACCOUNT-001617,24800,2026-06-30T07:01:00Z,UPI,False,
BANK-TXN-00006162,ACCOUNT-000832,ACCOUNT-000777,44600,2026-08-27T10:53:00Z,IMPS,False,
BANK-TXN-00006163,ACCOUNT-000235,ACCOUNT-000177,49800,2026-07-16T08:20:00Z,UPI,False,
BANK-TXN-00006164,ACCOUNT-000474,ACCOUNT-001327,41900,2026-07-23T23:43:00Z,IMPS,False,
BANK-TXN-00006165,ACCOUNT-000093,ACCOUNT-000087,24100,2026-08-23T03:41:00Z,UPI,False,
BANK-TXN-00006166,ACCOUNT-001944,ACCOUNT-001313,25500,2026-06-19T09:52:00Z,UPI,False,
BANK-TXN-00006167,ACCOUNT-001827,ACCOUNT-001169,32900,2026-06-10T07:01:00Z,IMPS,False,
BANK-TXN-00006168,ACCOUNT-000631,ACCOUNT-001278,22900,2026-07-29T14:19:00Z,NEFT,False,
BANK-TXN-00006169,ACCOUNT-001885,ACCOUNT-001389,8500,2026-07-31T06:35:00Z,UPI,False,
BANK-TXN-00006170,ACCOUNT-000600,ACCOUNT-000998,18300,2026-08-11T03:41:00Z,IMPS,False,
BANK-TXN-00006171,ACCOUNT-001877,ACCOUNT-001524,6500,2026-08-16T11:27:00Z,UPI,False,
BANK-TXN-00006172,ACCOUNT-001603,ACCOUNT-001563,6600,2026-07-22T03:18:00Z,UPI,False,
BANK-TXN-00006173,ACCOUNT-001303,ACCOUNT-001786,35200,2026-06-11T08:15:00Z,IMPS,False,
BANK-TXN-00006174,ACCOUNT-001375,ACCOUNT-001245,1700,2026-08-24T06:14:00Z,UPI,False,
BANK-TXN-00006175,ACCOUNT-001212,ACCOUNT-001858,94400,2026-06-19T23:16:00Z,IMPS,False,
BANK-TXN-00006176,ACCOUNT-001637,ACCOUNT-001509,12600,2026-07-06T11:50:00Z,UPI,False,
BANK-TXN-00006177,ACCOUNT-001408,ACCOUNT-001179,3700,2026-07-11T18:32:00Z,IMPS,False,
BANK-TXN-00006178,ACCOUNT-001936,ACCOUNT-000918,3800,2026-08-02T20:08:00Z,UPI,False,
BANK-TXN-00006179,ACCOUNT-000237,ACCOUNT-001818,55200,2026-07-09T01:26:00Z,UPI,False,
BANK-TXN-00006180,ACCOUNT-000037,ACCOUNT-000471,55500,2026-06-09T10:36:00Z,IMPS,False,
BANK-TXN-00006181,ACCOUNT-001126,ACCOUNT-000197,18300,2026-07-13T21:36:00Z,UPI,False,
BANK-TXN-00006182,ACCOUNT-000838,ACCOUNT-000789,1000,2026-08-09T13:46:00Z,NEFT,False,
BANK-TXN-00006183,ACCOUNT-000449,ACCOUNT-000864,75600,2026-08-15T17:35:00Z,UPI,False,
BANK-TXN-00006184,ACCOUNT-000353,ACCOUNT-001578,68100,2026-08-08T06:04:00Z,NEFT,False,
BANK-TXN-00006185,ACCOUNT-001622,ACCOUNT-001528,32100,2026-06-08T09:41:00Z,UPI,False,
BANK-TXN-00006186,ACCOUNT-001138,ACCOUNT-000123,90100,2026-06-09T10:28:00Z,UPI,False,
BANK-TXN-00006187,ACCOUNT-000955,ACCOUNT-001851,22600,2026-07-30T08:55:00Z,UPI,False,
BANK-TXN-00006188,ACCOUNT-000869,ACCOUNT-000076,1700,2026-07-24T16:08:00Z,NEFT,False,
BANK-TXN-00006189,ACCOUNT-001577,ACCOUNT-000518,10900,2026-07-02T19:34:00Z,NEFT,False,
BANK-TXN-00006190,ACCOUNT-000538,ACCOUNT-001569,17200,2026-08-15T13:33:00Z,RTGS,False,
BANK-TXN-00006191,ACCOUNT-001398,ACCOUNT-001351,96200,2026-06-25T06:51:00Z,IMPS,False,
BANK-TXN-00006192,ACCOUNT-001513,ACCOUNT-001221,12200,2026-07-23T07:37:00Z,IMPS,False,
BANK-TXN-00006193,ACCOUNT-001719,ACCOUNT-001175,39200,2026-08-14T04:01:00Z,UPI,False,
BANK-TXN-00006194,ACCOUNT-001219,ACCOUNT-001037,3900,2026-06-27T05:52:00Z,UPI,False,
BANK-TXN-00006195,ACCOUNT-001122,ACCOUNT-001655,48800,2026-08-04T12:22:00Z,UPI,False,
BANK-TXN-00006196,ACCOUNT-000338,ACCOUNT-000640,25000,2026-08-06T05:18:00Z,IMPS,False,
BANK-TXN-00006197,ACCOUNT-000996,ACCOUNT-000577,31600,2026-06-05T08:41:00Z,NEFT,False,
BANK-TXN-00006198,ACCOUNT-001830,ACCOUNT-000554,1300,2026-08-28T05:33:00Z,UPI,False,
BANK-TXN-00006199,ACCOUNT-000579,ACCOUNT-000318,3600,2026-07-18T13:36:00Z,UPI,False,
BANK-TXN-00006200,ACCOUNT-001674,ACCOUNT-001935,1400,2026-07-04T07:07:00Z,UPI,False,
BANK-TXN-00006201,ACCOUNT-001923,ACCOUNT-000252,3700,2026-06-01T13:56:00Z,IMPS,False,
BANK-TXN-00006202,ACCOUNT-000560,ACCOUNT-001905,13600,2026-08-12T03:20:00Z,NEFT,False,
BANK-TXN-00006203,ACCOUNT-000695,ACCOUNT-000014,82600,2026-07-12T12:26:00Z,UPI,False,
BANK-TXN-00006204,ACCOUNT-001853,ACCOUNT-000561,9400,2026-06-07T03:01:00Z,UPI,False,
BANK-TXN-00006205,ACCOUNT-000321,ACCOUNT-000965,6900,2026-08-19T17:48:00Z,UPI,False,
BANK-TXN-00006206,ACCOUNT-001360,ACCOUNT-000378,97900,2026-06-05T09:29:00Z,UPI,False,
BANK-TXN-00006207,ACCOUNT-001604,ACCOUNT-000509,31300,2026-08-09T12:50:00Z,UPI,False,
BANK-TXN-00006208,ACCOUNT-001799,ACCOUNT-000839,36200,2026-08-12T12:02:00Z,UPI,False,
BANK-TXN-00006209,ACCOUNT-001807,ACCOUNT-001259,94000,2026-07-17T02:10:00Z,UPI,False,
BANK-TXN-00006210,ACCOUNT-001300,ACCOUNT-001730,41300,2026-07-22T06:26:00Z,IMPS,False,
BANK-TXN-00006211,ACCOUNT-001542,ACCOUNT-000603,16800,2026-06-15T07:24:00Z,IMPS,False,
BANK-TXN-00006212,ACCOUNT-000398,ACCOUNT-001613,22600,2026-08-19T16:29:00Z,UPI,False,
BANK-TXN-00006213,ACCOUNT-001775,ACCOUNT-001699,99300,2026-07-08T12:44:00Z,NEFT,False,
BANK-TXN-00006214,ACCOUNT-001864,ACCOUNT-001407,47900,2026-07-17T15:19:00Z,UPI,False,
BANK-TXN-00006215,ACCOUNT-001027,ACCOUNT-000429,28100,2026-08-05T22:56:00Z,NEFT,False,
BANK-TXN-00006216,ACCOUNT-001457,ACCOUNT-001592,40200,2026-08-02T03:30:00Z,UPI,False,
BANK-TXN-00006217,ACCOUNT-000499,ACCOUNT-000620,61300,2026-08-23T02:25:00Z,UPI,False,
BANK-TXN-00006218,ACCOUNT-000209,ACCOUNT-001340,3300,2026-07-19T05:18:00Z,UPI,False,
BANK-TXN-00006219,ACCOUNT-000816,ACCOUNT-000825,6500,2026-07-24T11:00:00Z,UPI,False,
BANK-TXN-00006220,ACCOUNT-001102,ACCOUNT-000120,77000,2026-08-13T03:46:00Z,NEFT,False,
BANK-TXN-00006221,ACCOUNT-001511,ACCOUNT-001873,5400,2026-06-11T08:37:00Z,UPI,False,
BANK-TXN-00006222,ACCOUNT-000566,ACCOUNT-001587,38900,2026-06-04T03:24:00Z,NEFT,False,
BANK-TXN-00006223,ACCOUNT-000737,ACCOUNT-000993,24800,2026-07-28T15:55:00Z,NEFT,False,
BANK-TXN-00006224,ACCOUNT-000045,ACCOUNT-001380,71500,2026-07-11T07:00:00Z,NEFT,False,
BANK-TXN-00006225,ACCOUNT-000483,ACCOUNT-001466,25900,2026-07-11T13:42:00Z,RTGS,False,
BANK-TXN-00006226,ACCOUNT-000841,ACCOUNT-001870,22600,2026-06-06T16:51:00Z,IMPS,False,
BANK-TXN-00006227,ACCOUNT-001240,ACCOUNT-000270,4100,2026-08-10T02:39:00Z,IMPS,False,
BANK-TXN-00006228,ACCOUNT-001427,ACCOUNT-000300,7100,2026-07-05T01:54:00Z,UPI,False,
BANK-TXN-00006229,ACCOUNT-000852,ACCOUNT-000257,500,2026-08-20T20:42:00Z,UPI,False,
BANK-TXN-00006230,ACCOUNT-000984,ACCOUNT-001730,2600,2026-06-11T03:29:00Z,UPI,False,
BANK-TXN-00006231,ACCOUNT-001260,ACCOUNT-001811,74400,2026-06-22T20:24:00Z,IMPS,False,
BANK-TXN-00006232,ACCOUNT-000377,ACCOUNT-001777,11200,2026-07-05T10:34:00Z,RTGS,False,
BANK-TXN-00006233,ACCOUNT-000440,ACCOUNT-000858,97600,2026-06-19T19:35:00Z,NEFT,False,
BANK-TXN-00006234,ACCOUNT-001911,ACCOUNT-000336,8000,2026-08-14T14:32:00Z,RTGS,False,
BANK-TXN-00006235,ACCOUNT-000111,ACCOUNT-001077,15000,2026-06-02T01:55:00Z,IMPS,False,
BANK-TXN-00006236,ACCOUNT-000400,ACCOUNT-001268,400,2026-08-27T09:51:00Z,UPI,False,
BANK-TXN-00006237,ACCOUNT-001619,ACCOUNT-001514,3100,2026-06-04T13:35:00Z,UPI,False,
BANK-TXN-00006238,ACCOUNT-000364,ACCOUNT-001336,21400,2026-07-23T11:28:00Z,IMPS,False,
BANK-TXN-00006239,ACCOUNT-001467,ACCOUNT-001095,6000,2026-06-22T09:56:00Z,UPI,False,
BANK-TXN-00006240,ACCOUNT-001092,ACCOUNT-000241,90100,2026-07-17T02:51:00Z,NEFT,False,
BANK-TXN-00006241,ACCOUNT-000355,ACCOUNT-000277,9900,2026-06-16T11:17:00Z,UPI,False,
BANK-TXN-00006242,ACCOUNT-000077,ACCOUNT-000230,8500,2026-07-22T09:06:00Z,IMPS,False,
BANK-TXN-00006243,ACCOUNT-001733,ACCOUNT-001829,17400,2026-07-22T11:04:00Z,UPI,False,
BANK-TXN-00006244,ACCOUNT-000175,ACCOUNT-001037,16800,2026-06-21T12:41:00Z,UPI,False,
BANK-TXN-00006245,ACCOUNT-000107,ACCOUNT-000118,58800,2026-06-29T05:07:00Z,IMPS,False,
BANK-TXN-00006246,ACCOUNT-000553,ACCOUNT-001544,92700,2026-07-05T16:34:00Z,UPI,False,
BANK-TXN-00006247,ACCOUNT-000980,ACCOUNT-001725,10400,2026-07-15T13:20:00Z,UPI,False,
BANK-TXN-00006248,ACCOUNT-001881,ACCOUNT-000689,10900,2026-06-20T15:29:00Z,UPI,False,
BANK-TXN-00006249,ACCOUNT-001519,ACCOUNT-001024,52700,2026-06-30T01:21:00Z,IMPS,False,
BANK-TXN-00006250,ACCOUNT-000237,ACCOUNT-000909,1500,2026-08-10T18:04:00Z,IMPS,False,
BANK-TXN-00006251,ACCOUNT-001204,ACCOUNT-001448,6500,2026-06-25T23:48:00Z,UPI,False,
BANK-TXN-00006252,ACCOUNT-001552,ACCOUNT-000768,10400,2026-06-03T12:34:00Z,UPI,False,
BANK-TXN-00006253,ACCOUNT-000171,ACCOUNT-000640,84600,2026-07-08T22:04:00Z,UPI,False,
BANK-TXN-00006254,ACCOUNT-001887,ACCOUNT-001882,29200,2026-08-02T15:00:00Z,RTGS,False,
BANK-TXN-00006255,ACCOUNT-001658,ACCOUNT-000785,2500,2026-08-22T07:47:00Z,IMPS,False,
BANK-TXN-00006256,ACCOUNT-000268,ACCOUNT-001558,6400,2026-07-10T12:01:00Z,UPI,False,
BANK-TXN-00006257,ACCOUNT-000194,ACCOUNT-000600,5600,2026-08-22T03:51:00Z,UPI,False,
BANK-TXN-00006258,ACCOUNT-000974,ACCOUNT-000176,65100,2026-06-01T12:22:00Z,UPI,False,
BANK-TXN-00006259,ACCOUNT-001887,ACCOUNT-001513,3900,2026-07-27T21:12:00Z,IMPS,False,
BANK-TXN-00006260,ACCOUNT-001173,ACCOUNT-000742,100,2026-08-25T10:22:00Z,NEFT,False,
BANK-TXN-00006261,ACCOUNT-001551,ACCOUNT-001667,9000,2026-07-17T12:32:00Z,UPI,False,
BANK-TXN-00006262,ACCOUNT-001644,ACCOUNT-000855,3100,2026-07-31T13:37:00Z,IMPS,False,
BANK-TXN-00006263,ACCOUNT-000489,ACCOUNT-000741,1000,2026-08-05T15:45:00Z,IMPS,False,
BANK-TXN-00006264,ACCOUNT-001652,ACCOUNT-001902,27500,2026-06-22T06:36:00Z,UPI,False,
BANK-TXN-00006265,ACCOUNT-000849,ACCOUNT-000669,58500,2026-07-05T22:42:00Z,RTGS,False,
BANK-TXN-00006266,ACCOUNT-CMP-000001,ACCOUNT-001810,4300,2026-07-02T12:42:00Z,UPI,False,
BANK-TXN-00006267,ACCOUNT-000090,ACCOUNT-000753,5900,2026-06-29T19:39:00Z,UPI,False,
BANK-TXN-00006268,ACCOUNT-001016,ACCOUNT-001769,42700,2026-06-02T08:21:00Z,IMPS,False,
BANK-TXN-00006269,ACCOUNT-001574,ACCOUNT-000713,23400,2026-08-08T13:53:00Z,UPI,False,
BANK-TXN-00006270,ACCOUNT-001870,ACCOUNT-001071,80400,2026-06-10T07:06:00Z,NEFT,False,
BANK-TXN-00006271,ACCOUNT-000237,ACCOUNT-000822,49800,2026-06-19T04:54:00Z,UPI,False,
BANK-TXN-00006272,ACCOUNT-001774,ACCOUNT-000233,12900,2026-08-17T20:50:00Z,UPI,False,
BANK-TXN-00006273,ACCOUNT-001438,ACCOUNT-001651,20600,2026-06-25T14:37:00Z,UPI,False,
BANK-TXN-00006274,ACCOUNT-000153,ACCOUNT-001875,4800,2026-06-03T02:32:00Z,UPI,False,
BANK-TXN-00006275,ACCOUNT-001724,ACCOUNT-001813,4400,2026-07-26T19:03:00Z,UPI,False,
BANK-TXN-00006276,ACCOUNT-001223,ACCOUNT-000658,3500,2026-07-20T03:40:00Z,UPI,False,
BANK-TXN-00006277,ACCOUNT-001517,ACCOUNT-001668,4200,2026-08-28T17:00:00Z,RTGS,False,
BANK-TXN-00006278,ACCOUNT-000186,ACCOUNT-001912,3000,2026-06-26T12:02:00Z,UPI,False,
BANK-TXN-00006279,ACCOUNT-000214,ACCOUNT-000423,4400,2026-06-06T03:53:00Z,UPI,False,
BANK-TXN-00006280,ACCOUNT-000437,ACCOUNT-001091,82300,2026-07-31T04:18:00Z,NEFT,False,
BANK-TXN-00006281,ACCOUNT-000180,ACCOUNT-000932,22000,2026-08-08T22:45:00Z,IMPS,False,
BANK-TXN-00006282,ACCOUNT-000733,ACCOUNT-001718,3700,2026-07-05T15:59:00Z,UPI,False,
BANK-TXN-00006283,ACCOUNT-001587,ACCOUNT-001746,17400,2026-06-06T02:02:00Z,NEFT,False,
BANK-TXN-00006284,ACCOUNT-001600,ACCOUNT-000817,39100,2026-08-21T07:05:00Z,NEFT,False,
BANK-TXN-00006285,ACCOUNT-000305,ACCOUNT-001745,15200,2026-07-22T20:34:00Z,UPI,False,
BANK-TXN-00006286,ACCOUNT-001411,ACCOUNT-000354,800,2026-07-21T01:15:00Z,UPI,False,
BANK-TXN-00006287,ACCOUNT-000969,ACCOUNT-000650,6700,2026-07-22T08:33:00Z,NEFT,False,
BANK-TXN-00006288,ACCOUNT-001082,ACCOUNT-000299,4200,2026-08-12T15:07:00Z,UPI,False,
BANK-TXN-00006289,ACCOUNT-001807,ACCOUNT-000602,2800,2026-08-12T06:10:00Z,NEFT,False,
BANK-TXN-00006290,ACCOUNT-000536,ACCOUNT-000820,91400,2026-08-21T16:09:00Z,UPI,False,
BANK-TXN-00006291,ACCOUNT-001286,ACCOUNT-001438,20800,2026-07-16T09:45:00Z,UPI,False,
BANK-TXN-00006292,ACCOUNT-000301,ACCOUNT-000133,14800,2026-06-26T14:44:00Z,IMPS,False,
BANK-TXN-00006293,ACCOUNT-000479,ACCOUNT-000202,90500,2026-07-04T06:43:00Z,UPI,False,
BANK-TXN-00006294,ACCOUNT-000881,ACCOUNT-000070,700,2026-07-18T08:42:00Z,IMPS,False,
BANK-TXN-00006295,ACCOUNT-000437,ACCOUNT-000975,20800,2026-06-06T18:46:00Z,IMPS,False,
BANK-TXN-00006296,ACCOUNT-001618,ACCOUNT-000496,3200,2026-06-09T18:17:00Z,UPI,False,
BANK-TXN-00006297,ACCOUNT-001737,ACCOUNT-001401,39700,2026-08-23T08:26:00Z,NEFT,False,
BANK-TXN-00006298,ACCOUNT-001535,ACCOUNT-000658,3600,2026-07-02T06:57:00Z,NEFT,False,
BANK-TXN-00006299,ACCOUNT-001080,ACCOUNT-000466,17100,2026-08-27T15:16:00Z,IMPS,False,
BANK-TXN-00006300,ACCOUNT-001001,ACCOUNT-000628,7300,2026-06-26T15:43:00Z,RTGS,False,
BANK-TXN-00006301,ACCOUNT-001700,ACCOUNT-001338,74400,2026-06-12T11:33:00Z,UPI,False,
BANK-TXN-00006302,ACCOUNT-001362,ACCOUNT-000874,16100,2026-06-25T06:51:00Z,UPI,False,
BANK-TXN-00006303,ACCOUNT-001657,ACCOUNT-001724,11200,2026-05-31T11:05:00Z,UPI,False,
BANK-TXN-00006304,ACCOUNT-000009,ACCOUNT-001629,4800,2026-06-17T16:59:00Z,UPI,False,
BANK-TXN-00006305,ACCOUNT-000671,ACCOUNT-001273,31800,2026-07-09T10:16:00Z,IMPS,False,
BANK-TXN-00006306,ACCOUNT-001511,ACCOUNT-001271,19000,2026-07-14T17:59:00Z,UPI,False,
BANK-TXN-00006307,ACCOUNT-000718,ACCOUNT-000990,63600,2026-06-16T17:56:00Z,UPI,False,
BANK-TXN-00006308,ACCOUNT-000314,ACCOUNT-000800,9700,2026-07-09T11:35:00Z,NEFT,False,
BANK-TXN-00006309,ACCOUNT-001241,ACCOUNT-001301,600,2026-08-06T14:33:00Z,IMPS,False,
BANK-TXN-00006310,ACCOUNT-001766,ACCOUNT-000552,29500,2026-08-24T05:14:00Z,IMPS,False,
BANK-TXN-00006311,ACCOUNT-001051,ACCOUNT-001324,2600,2026-06-11T22:26:00Z,UPI,False,
BANK-TXN-00006312,ACCOUNT-000413,ACCOUNT-000183,3000,2026-08-13T17:18:00Z,NEFT,False,
BANK-TXN-00006313,ACCOUNT-000681,ACCOUNT-001235,6300,2026-08-11T03:51:00Z,UPI,False,
BANK-TXN-00006314,ACCOUNT-000167,ACCOUNT-000380,7200,2026-07-17T13:29:00Z,UPI,False,
BANK-TXN-00006315,ACCOUNT-001414,ACCOUNT-001451,28100,2026-08-01T10:38:00Z,UPI,False,
BANK-TXN-00006316,ACCOUNT-001412,ACCOUNT-000944,1300,2026-05-31T17:44:00Z,UPI,False,
BANK-TXN-00006317,ACCOUNT-000358,ACCOUNT-001018,6200,2026-06-06T07:48:00Z,UPI,False,
BANK-TXN-00006318,ACCOUNT-001008,ACCOUNT-000477,10000,2026-05-31T11:44:00Z,UPI,False,
BANK-TXN-00006319,ACCOUNT-001835,ACCOUNT-000634,5200,2026-08-09T23:44:00Z,UPI,False,
BANK-TXN-00006320,ACCOUNT-000489,ACCOUNT-001836,73300,2026-06-28T15:37:00Z,UPI,False,
BANK-TXN-00006321,ACCOUNT-001452,ACCOUNT-001263,24500,2026-07-23T17:57:00Z,UPI,False,
BANK-TXN-00006322,ACCOUNT-001735,ACCOUNT-001626,5000,2026-07-17T16:05:00Z,IMPS,False,
BANK-TXN-00006323,ACCOUNT-000736,ACCOUNT-001412,90900,2026-06-02T10:29:00Z,RTGS,False,
BANK-TXN-00006324,ACCOUNT-001243,ACCOUNT-000459,8100,2026-07-09T14:10:00Z,UPI,False,
BANK-TXN-00006325,ACCOUNT-001199,ACCOUNT-000714,2800,2026-07-01T17:27:00Z,RTGS,False,
BANK-TXN-00006326,ACCOUNT-001608,ACCOUNT-001853,1600,2026-08-19T17:51:00Z,UPI,False,
BANK-TXN-00006327,ACCOUNT-000209,ACCOUNT-001352,5300,2026-06-08T20:19:00Z,UPI,False,
BANK-TXN-00006328,ACCOUNT-000974,ACCOUNT-000673,1200,2026-08-04T13:12:00Z,NEFT,False,
BANK-TXN-00006329,ACCOUNT-000830,ACCOUNT-001182,12600,2026-07-24T01:07:00Z,UPI,False,
BANK-TXN-00006330,ACCOUNT-000286,ACCOUNT-001686,5200,2026-08-12T16:06:00Z,IMPS,False,
BANK-TXN-00006331,ACCOUNT-001609,ACCOUNT-000511,26500,2026-06-22T06:04:00Z,NEFT,False,
BANK-TXN-00006332,ACCOUNT-001551,ACCOUNT-001565,1600,2026-06-16T14:23:00Z,UPI,False,
BANK-TXN-00006333,ACCOUNT-001079,ACCOUNT-000724,8000,2026-06-18T03:27:00Z,IMPS,False,
BANK-TXN-00006334,ACCOUNT-000254,ACCOUNT-000462,59500,2026-08-14T12:13:00Z,UPI,False,
BANK-TXN-00006335,ACCOUNT-001331,ACCOUNT-000111,60700,2026-06-23T23:09:00Z,UPI,False,
BANK-TXN-00006336,ACCOUNT-000763,ACCOUNT-000219,46500,2026-06-10T15:01:00Z,UPI,False,
BANK-TXN-00006337,ACCOUNT-000553,ACCOUNT-001464,8400,2026-06-13T10:10:00Z,UPI,False,
BANK-TXN-00006338,ACCOUNT-000910,ACCOUNT-001307,8400,2026-07-24T00:32:00Z,UPI,False,
BANK-TXN-00006339,ACCOUNT-000458,ACCOUNT-001625,24700,2026-08-02T12:18:00Z,UPI,False,
BANK-TXN-00006340,ACCOUNT-000347,ACCOUNT-000628,46900,2026-07-13T14:59:00Z,UPI,False,
BANK-TXN-00006341,ACCOUNT-000032,ACCOUNT-000658,76500,2026-07-30T02:40:00Z,UPI,False,
BANK-TXN-00006342,ACCOUNT-000419,ACCOUNT-001879,5000,2026-07-26T10:54:00Z,UPI,False,
BANK-TXN-00006343,ACCOUNT-001368,ACCOUNT-001138,8300,2026-08-06T10:13:00Z,RTGS,False,
BANK-TXN-00006344,ACCOUNT-000119,ACCOUNT-001651,22500,2026-08-11T07:26:00Z,UPI,False,
BANK-TXN-00006345,ACCOUNT-001134,ACCOUNT-001565,43800,2026-08-07T01:28:00Z,UPI,False,
BANK-TXN-00006346,ACCOUNT-000952,ACCOUNT-000144,2100,2026-07-12T12:42:00Z,NEFT,False,
BANK-TXN-00006347,ACCOUNT-001653,ACCOUNT-001940,44700,2026-07-29T16:58:00Z,UPI,False,
BANK-TXN-00006348,ACCOUNT-000842,ACCOUNT-000853,30400,2026-06-02T03:57:00Z,IMPS,False,
BANK-TXN-00006349,ACCOUNT-000478,ACCOUNT-000186,42800,2026-08-16T09:56:00Z,UPI,False,
BANK-TXN-00006350,ACCOUNT-000214,ACCOUNT-001209,3900,2026-07-17T14:46:00Z,UPI,False,
BANK-TXN-00006351,ACCOUNT-000421,ACCOUNT-001488,1500,2026-08-14T04:44:00Z,UPI,False,
BANK-TXN-00006352,ACCOUNT-001276,ACCOUNT-000159,39600,2026-06-30T23:47:00Z,IMPS,False,
BANK-TXN-00006353,ACCOUNT-000433,ACCOUNT-000057,57000,2026-07-06T18:26:00Z,NEFT,False,
BANK-TXN-00006354,ACCOUNT-001836,ACCOUNT-000030,56600,2026-07-23T00:37:00Z,UPI,False,
BANK-TXN-00006355,ACCOUNT-000295,ACCOUNT-001652,21400,2026-08-16T13:07:00Z,RTGS,False,
BANK-TXN-00006356,ACCOUNT-000612,ACCOUNT-000261,31200,2026-07-21T12:43:00Z,UPI,False,
BANK-TXN-00006357,ACCOUNT-001801,ACCOUNT-001617,13400,2026-07-18T20:33:00Z,IMPS,False,
BANK-TXN-00006358,ACCOUNT-001241,ACCOUNT-000050,45600,2026-07-17T07:46:00Z,NEFT,False,
BANK-TXN-00006359,ACCOUNT-000904,ACCOUNT-001279,29000,2026-06-08T17:59:00Z,NEFT,False,
BANK-TXN-00006360,ACCOUNT-001532,ACCOUNT-001492,91600,2026-08-24T09:30:00Z,IMPS,False,
BANK-TXN-00006361,ACCOUNT-001240,ACCOUNT-000047,10200,2026-07-30T14:16:00Z,NEFT,False,
BANK-TXN-00006362,ACCOUNT-001101,ACCOUNT-000203,38800,2026-06-17T09:09:00Z,NEFT,False,
BANK-TXN-00006363,ACCOUNT-001921,ACCOUNT-001914,21400,2026-07-26T15:33:00Z,RTGS,False,
BANK-TXN-00006364,ACCOUNT-001524,ACCOUNT-001428,31700,2026-06-21T06:08:00Z,UPI,False,
BANK-TXN-00006365,ACCOUNT-000380,ACCOUNT-000069,12100,2026-07-19T15:01:00Z,RTGS,False,
BANK-TXN-00006366,ACCOUNT-001887,ACCOUNT-000758,45400,2026-06-01T08:34:00Z,RTGS,False,
BANK-TXN-00006367,ACCOUNT-000020,ACCOUNT-001156,41500,2026-08-06T21:14:00Z,UPI,False,
BANK-TXN-00006368,ACCOUNT-000648,ACCOUNT-001232,500,2026-06-13T07:58:00Z,UPI,False,
BANK-TXN-00006369,ACCOUNT-000528,ACCOUNT-001770,2300,2026-06-09T19:05:00Z,IMPS,False,
BANK-TXN-00006370,ACCOUNT-001104,ACCOUNT-000107,53600,2026-07-10T08:59:00Z,NEFT,False,
BANK-TXN-00006371,ACCOUNT-001605,ACCOUNT-001609,23200,2026-07-25T01:38:00Z,UPI,False,
BANK-TXN-00006372,ACCOUNT-000101,ACCOUNT-000028,1900,2026-08-23T03:58:00Z,IMPS,False,
BANK-TXN-00006373,ACCOUNT-000522,ACCOUNT-001740,38500,2026-07-14T15:31:00Z,IMPS,False,
BANK-TXN-00006374,ACCOUNT-000606,ACCOUNT-001499,7300,2026-06-21T05:38:00Z,UPI,False,
BANK-TXN-00006375,ACCOUNT-000578,ACCOUNT-001834,20100,2026-06-19T09:51:00Z,UPI,False,
BANK-TXN-00006376,ACCOUNT-000648,ACCOUNT-000909,52000,2026-07-05T20:48:00Z,IMPS,False,
BANK-TXN-00006377,ACCOUNT-001234,ACCOUNT-000679,1100,2026-08-18T19:28:00Z,IMPS,False,
BANK-TXN-00006378,ACCOUNT-000219,ACCOUNT-001624,11500,2026-07-10T13:17:00Z,IMPS,False,
BANK-TXN-00006379,ACCOUNT-000241,ACCOUNT-000754,16100,2026-06-17T14:59:00Z,UPI,False,
BANK-TXN-00006380,ACCOUNT-001926,ACCOUNT-000045,5000,2026-07-03T03:01:00Z,UPI,False,
BANK-TXN-00006381,ACCOUNT-000146,ACCOUNT-001295,46900,2026-07-04T07:30:00Z,IMPS,False,
BANK-TXN-00006382,ACCOUNT-001479,ACCOUNT-001355,4100,2026-07-10T03:08:00Z,UPI,False,
BANK-TXN-00006383,ACCOUNT-001829,ACCOUNT-000469,73400,2026-08-08T07:53:00Z,UPI,False,
BANK-TXN-00006384,ACCOUNT-000119,ACCOUNT-000333,2700,2026-07-13T14:36:00Z,UPI,False,
BANK-TXN-00006385,ACCOUNT-001886,ACCOUNT-000600,19300,2026-07-24T13:34:00Z,IMPS,False,
BANK-TXN-00006386,ACCOUNT-001319,ACCOUNT-001035,17800,2026-06-12T03:49:00Z,UPI,False,
BANK-TXN-00006387,ACCOUNT-001361,ACCOUNT-001111,600,2026-07-30T16:03:00Z,NEFT,False,
BANK-TXN-00006388,ACCOUNT-001629,ACCOUNT-000496,22600,2026-07-03T08:43:00Z,NEFT,False,
BANK-TXN-00006389,ACCOUNT-001220,ACCOUNT-001674,24700,2026-08-08T06:31:00Z,UPI,False,
BANK-TXN-00006390,ACCOUNT-001760,ACCOUNT-000546,65600,2026-07-21T01:02:00Z,UPI,False,
BANK-TXN-00006391,ACCOUNT-000011,ACCOUNT-001177,63000,2026-06-05T14:39:00Z,NEFT,False,
BANK-TXN-00006392,ACCOUNT-000481,ACCOUNT-001807,24300,2026-06-15T17:13:00Z,IMPS,False,
BANK-TXN-00006393,ACCOUNT-001640,ACCOUNT-001031,44200,2026-06-26T10:19:00Z,UPI,False,
BANK-TXN-00006394,ACCOUNT-000814,ACCOUNT-001365,45500,2026-06-08T08:30:00Z,UPI,False,
BANK-TXN-00006395,ACCOUNT-001172,ACCOUNT-000963,16300,2026-08-02T12:58:00Z,UPI,False,
BANK-TXN-00006396,ACCOUNT-000304,ACCOUNT-000719,73200,2026-08-14T10:06:00Z,UPI,False,
BANK-TXN-00006397,ACCOUNT-000260,ACCOUNT-001735,36100,2026-06-21T09:41:00Z,NEFT,False,
BANK-TXN-00006398,ACCOUNT-000886,ACCOUNT-000871,4500,2026-06-01T01:12:00Z,IMPS,False,
BANK-TXN-00006399,ACCOUNT-001205,ACCOUNT-000247,7400,2026-06-13T16:37:00Z,NEFT,False,
BANK-TXN-00006400,ACCOUNT-000259,ACCOUNT-000702,5700,2026-06-16T08:21:00Z,UPI,False,
BANK-TXN-00006401,ACCOUNT-001771,ACCOUNT-001187,3400,2026-06-26T04:06:00Z,IMPS,False,
BANK-TXN-00006402,ACCOUNT-000862,ACCOUNT-001541,4100,2026-07-02T14:53:00Z,UPI,False,
BANK-TXN-00006403,ACCOUNT-001337,ACCOUNT-000894,83300,2026-08-01T05:14:00Z,IMPS,False,
BANK-TXN-00006404,ACCOUNT-000852,ACCOUNT-000994,21400,2026-08-23T08:06:00Z,UPI,False,
BANK-TXN-00006405,ACCOUNT-000986,ACCOUNT-001878,46600,2026-08-14T15:38:00Z,NEFT,False,
BANK-TXN-00006406,ACCOUNT-001935,ACCOUNT-001895,4500,2026-08-21T17:37:00Z,UPI,False,
BANK-TXN-00006407,ACCOUNT-000755,ACCOUNT-000578,85400,2026-07-27T09:58:00Z,IMPS,False,
BANK-TXN-00006408,ACCOUNT-001103,ACCOUNT-000657,19900,2026-07-01T05:52:00Z,RTGS,False,
BANK-TXN-00006409,ACCOUNT-000444,ACCOUNT-001005,63700,2026-07-26T01:43:00Z,UPI,False,
BANK-TXN-00006410,ACCOUNT-001501,ACCOUNT-000690,30300,2026-06-04T08:36:00Z,UPI,False,
BANK-TXN-00006411,ACCOUNT-000693,ACCOUNT-001413,10600,2026-07-25T02:00:00Z,RTGS,False,
BANK-TXN-00006412,ACCOUNT-001841,ACCOUNT-000700,29100,2026-08-01T06:17:00Z,UPI,False,
BANK-TXN-00006413,ACCOUNT-001503,ACCOUNT-000963,8000,2026-08-12T10:15:00Z,UPI,False,
BANK-TXN-00006414,ACCOUNT-000670,ACCOUNT-001377,4600,2026-06-25T03:29:00Z,IMPS,False,
BANK-TXN-00006415,ACCOUNT-000559,ACCOUNT-001724,45900,2026-08-08T07:19:00Z,UPI,False,
BANK-TXN-00006416,ACCOUNT-000481,ACCOUNT-000840,4100,2026-07-05T05:26:00Z,UPI,False,
BANK-TXN-00006417,ACCOUNT-000952,ACCOUNT-000892,58800,2026-06-02T03:44:00Z,IMPS,False,
BANK-TXN-00006418,ACCOUNT-001578,ACCOUNT-001229,400,2026-07-23T16:37:00Z,RTGS,False,
BANK-TXN-00006419,ACCOUNT-001236,ACCOUNT-001702,15700,2026-07-09T05:33:00Z,UPI,False,
BANK-TXN-00006420,ACCOUNT-001784,ACCOUNT-001600,6700,2026-06-30T07:44:00Z,UPI,False,
BANK-TXN-00006421,ACCOUNT-000861,ACCOUNT-000590,2500,2026-06-17T00:23:00Z,UPI,False,
BANK-TXN-00006422,ACCOUNT-001394,ACCOUNT-000878,45500,2026-06-15T14:06:00Z,UPI,False,
BANK-TXN-00006423,ACCOUNT-001244,ACCOUNT-000361,53700,2026-07-15T22:36:00Z,UPI,False,
BANK-TXN-00006424,ACCOUNT-001256,ACCOUNT-000976,57200,2026-06-22T20:21:00Z,UPI,False,
BANK-TXN-00006425,ACCOUNT-000980,ACCOUNT-001372,6300,2026-08-23T22:56:00Z,IMPS,False,
BANK-TXN-00006426,ACCOUNT-001536,ACCOUNT-000631,32600,2026-06-15T23:47:00Z,UPI,False,
BANK-TXN-00006427,ACCOUNT-001703,ACCOUNT-000886,17200,2026-06-16T04:49:00Z,UPI,False,
BANK-TXN-00006428,ACCOUNT-000008,ACCOUNT-000185,13000,2026-05-31T13:24:00Z,UPI,False,
BANK-TXN-00006429,ACCOUNT-001422,ACCOUNT-000358,11000,2026-06-16T04:34:00Z,UPI,False,
BANK-TXN-00006430,ACCOUNT-000220,ACCOUNT-001111,1700,2026-08-09T10:22:00Z,UPI,False,
BANK-TXN-00006431,ACCOUNT-000732,ACCOUNT-001209,5100,2026-07-15T18:55:00Z,NEFT,False,
BANK-TXN-00006432,ACCOUNT-001693,ACCOUNT-000473,2400,2026-06-17T05:13:00Z,IMPS,False,
BANK-TXN-00006433,ACCOUNT-000789,ACCOUNT-000886,13900,2026-06-02T12:23:00Z,UPI,False,
BANK-TXN-00006434,ACCOUNT-001941,ACCOUNT-001899,9600,2026-07-22T05:25:00Z,UPI,False,
BANK-TXN-00006435,ACCOUNT-001804,ACCOUNT-001765,8300,2026-06-03T06:42:00Z,UPI,False,
BANK-TXN-00006436,ACCOUNT-000789,ACCOUNT-000497,24000,2026-06-29T07:45:00Z,IMPS,False,
BANK-TXN-00006437,ACCOUNT-000665,ACCOUNT-000110,7800,2026-07-28T23:14:00Z,UPI,False,
BANK-TXN-00006438,ACCOUNT-000280,ACCOUNT-001401,5400,2026-08-18T00:24:00Z,UPI,False,
BANK-TXN-00006439,ACCOUNT-000733,ACCOUNT-000096,36300,2026-07-17T13:50:00Z,IMPS,False,
BANK-TXN-00006440,ACCOUNT-000299,ACCOUNT-000570,62500,2026-06-06T08:17:00Z,IMPS,False,
BANK-TXN-00006441,ACCOUNT-000295,ACCOUNT-000809,40000,2026-06-18T07:12:00Z,NEFT,False,
BANK-TXN-00006442,ACCOUNT-001503,ACCOUNT-001045,12000,2026-06-04T10:07:00Z,NEFT,False,
BANK-TXN-00006443,ACCOUNT-001752,ACCOUNT-001079,37200,2026-07-04T12:28:00Z,UPI,False,
BANK-TXN-00006444,ACCOUNT-001615,ACCOUNT-001103,1900,2026-07-10T02:55:00Z,UPI,False,
BANK-TXN-00006445,ACCOUNT-000778,ACCOUNT-001444,99000,2026-08-07T09:05:00Z,IMPS,False,
BANK-TXN-00006446,ACCOUNT-000643,ACCOUNT-000375,30600,2026-07-23T18:40:00Z,UPI,False,
BANK-TXN-00006447,ACCOUNT-001053,ACCOUNT-000103,11900,2026-08-10T23:59:00Z,IMPS,False,
BANK-TXN-00006448,ACCOUNT-000017,ACCOUNT-000943,89700,2026-08-15T09:52:00Z,NEFT,False,
BANK-TXN-00006449,ACCOUNT-000511,ACCOUNT-001612,7700,2026-06-01T15:57:00Z,UPI,False,
BANK-TXN-00006450,ACCOUNT-001084,ACCOUNT-001891,7200,2026-08-16T14:35:00Z,UPI,False,
BANK-TXN-00006451,ACCOUNT-000162,ACCOUNT-001193,4300,2026-08-02T13:03:00Z,UPI,False,
BANK-TXN-00006452,ACCOUNT-001807,ACCOUNT-000234,36300,2026-07-18T10:37:00Z,NEFT,False,
BANK-TXN-00006453,ACCOUNT-001793,ACCOUNT-000188,4700,2026-07-31T11:16:00Z,IMPS,False,
BANK-TXN-00006454,ACCOUNT-000135,ACCOUNT-001361,5500,2026-06-01T11:24:00Z,NEFT,False,
BANK-TXN-00006455,ACCOUNT-000924,ACCOUNT-000737,30900,2026-07-06T01:09:00Z,UPI,False,
BANK-TXN-00006456,ACCOUNT-001933,ACCOUNT-000213,30400,2026-05-31T00:06:00Z,UPI,False,
BANK-TXN-00006457,ACCOUNT-000484,ACCOUNT-001708,600,2026-06-13T11:20:00Z,NEFT,False,
BANK-TXN-00006458,ACCOUNT-001792,ACCOUNT-000012,58700,2026-08-16T08:42:00Z,UPI,False,
BANK-TXN-00006459,ACCOUNT-000158,ACCOUNT-001694,9600,2026-06-19T09:50:00Z,IMPS,False,
BANK-TXN-00006460,ACCOUNT-000535,ACCOUNT-000032,69500,2026-08-28T12:47:00Z,UPI,False,
BANK-TXN-00006461,ACCOUNT-001734,ACCOUNT-001419,1100,2026-06-14T12:35:00Z,NEFT,False,
BANK-TXN-00006462,ACCOUNT-000642,ACCOUNT-001752,7100,2026-08-18T01:43:00Z,UPI,False,
BANK-TXN-00006463,ACCOUNT-000085,ACCOUNT-001710,3600,2026-07-24T05:55:00Z,IMPS,False,
BANK-TXN-00006464,ACCOUNT-000064,ACCOUNT-001611,600,2026-08-24T01:39:00Z,NEFT,False,
BANK-TXN-00006465,ACCOUNT-001529,ACCOUNT-000497,20400,2026-08-20T07:24:00Z,UPI,False,
BANK-TXN-00006466,ACCOUNT-000310,ACCOUNT-000987,22600,2026-07-08T09:48:00Z,RTGS,False,
BANK-TXN-00006467,ACCOUNT-001244,ACCOUNT-000896,22800,2026-07-06T21:40:00Z,NEFT,False,
BANK-TXN-00006468,ACCOUNT-000681,ACCOUNT-000771,1800,2026-08-09T14:38:00Z,UPI,False,
BANK-TXN-00006469,ACCOUNT-000635,ACCOUNT-000821,94800,2026-07-26T06:36:00Z,UPI,False,
BANK-TXN-00006470,ACCOUNT-001529,ACCOUNT-001418,33600,2026-06-25T12:53:00Z,NEFT,False,
BANK-TXN-00006471,ACCOUNT-001802,ACCOUNT-000217,27700,2026-06-23T17:11:00Z,IMPS,False,
BANK-TXN-00006472,ACCOUNT-000615,ACCOUNT-001151,26400,2026-06-18T05:54:00Z,UPI,False,
BANK-TXN-00006473,ACCOUNT-001140,ACCOUNT-000044,19000,2026-08-19T09:18:00Z,NEFT,False,
BANK-TXN-00006474,ACCOUNT-000087,ACCOUNT-001141,69500,2026-08-07T12:13:00Z,NEFT,False,
BANK-TXN-00006475,ACCOUNT-000668,ACCOUNT-001818,12300,2026-08-23T15:14:00Z,NEFT,False,
BANK-TXN-00006476,ACCOUNT-001856,ACCOUNT-000572,13700,2026-08-11T08:01:00Z,IMPS,False,
BANK-TXN-00006477,ACCOUNT-001012,ACCOUNT-001620,4500,2026-06-09T23:26:00Z,UPI,False,
BANK-TXN-00006478,ACCOUNT-000090,ACCOUNT-000133,42100,2026-07-17T05:46:00Z,UPI,False,
BANK-TXN-00006479,ACCOUNT-000851,ACCOUNT-001579,98500,2026-08-06T12:44:00Z,RTGS,False,
BANK-TXN-00006480,ACCOUNT-000089,ACCOUNT-000601,84000,2026-08-10T15:34:00Z,UPI,False,
BANK-TXN-00006481,ACCOUNT-000604,ACCOUNT-000307,54000,2026-08-28T12:36:00Z,UPI,False,
BANK-TXN-00006482,ACCOUNT-000022,ACCOUNT-000091,15600,2026-07-05T10:03:00Z,UPI,False,
BANK-TXN-00006483,ACCOUNT-001182,ACCOUNT-000968,88300,2026-08-09T08:46:00Z,IMPS,False,
BANK-TXN-00006484,ACCOUNT-000958,ACCOUNT-000802,2100,2026-07-07T06:17:00Z,UPI,False,
BANK-TXN-00006485,ACCOUNT-001773,ACCOUNT-000941,36000,2026-08-18T14:59:00Z,UPI,False,
BANK-TXN-00006486,ACCOUNT-001409,ACCOUNT-001704,95000,2026-07-01T13:53:00Z,UPI,False,
BANK-TXN-00006487,ACCOUNT-001842,ACCOUNT-000920,64500,2026-06-29T10:49:00Z,RTGS,False,
BANK-TXN-00006488,ACCOUNT-000743,ACCOUNT-000936,48500,2026-07-04T18:20:00Z,UPI,False,
BANK-TXN-00006489,ACCOUNT-001637,ACCOUNT-000094,3900,2026-07-04T12:52:00Z,IMPS,False,
BANK-TXN-00006490,ACCOUNT-001636,ACCOUNT-001695,25000,2026-08-06T10:46:00Z,NEFT,False,
BANK-TXN-00006491,ACCOUNT-000531,ACCOUNT-000421,5700,2026-08-27T01:23:00Z,UPI,False,
BANK-TXN-00006492,ACCOUNT-000927,ACCOUNT-001950,38600,2026-08-06T06:21:00Z,UPI,False,
BANK-TXN-00006493,ACCOUNT-000866,ACCOUNT-001698,3400,2026-06-30T02:43:00Z,IMPS,False,
BANK-TXN-00006494,ACCOUNT-000210,ACCOUNT-000350,79900,2026-06-02T06:38:00Z,NEFT,False,
BANK-TXN-00006495,ACCOUNT-001656,ACCOUNT-000587,40100,2026-06-01T11:04:00Z,IMPS,False,
BANK-TXN-00006496,ACCOUNT-001093,ACCOUNT-001763,7100,2026-06-20T22:49:00Z,IMPS,False,
BANK-TXN-00006497,ACCOUNT-001634,ACCOUNT-000265,4800,2026-08-21T10:34:00Z,UPI,False,
BANK-TXN-00006498,ACCOUNT-001146,ACCOUNT-001106,500,2026-08-24T17:29:00Z,NEFT,False,
BANK-TXN-00006499,ACCOUNT-001792,ACCOUNT-001330,43300,2026-08-07T07:13:00Z,UPI,False,
BANK-TXN-00006500,ACCOUNT-000128,ACCOUNT-000464,12700,2026-07-12T02:21:00Z,UPI,False,
BANK-TXN-00006501,ACCOUNT-000802,ACCOUNT-000898,28800,2026-07-11T06:33:00Z,RTGS,False,
BANK-TXN-00006502,ACCOUNT-000832,ACCOUNT-001794,7400,2026-07-15T10:35:00Z,NEFT,False,
BANK-TXN-00006503,ACCOUNT-000112,ACCOUNT-000272,38100,2026-07-13T15:05:00Z,UPI,False,
BANK-TXN-00006504,ACCOUNT-001897,ACCOUNT-000296,17000,2026-08-21T09:49:00Z,UPI,False,
BANK-TXN-00006505,ACCOUNT-001649,ACCOUNT-001126,4000,2026-08-26T13:43:00Z,UPI,False,
BANK-TXN-00006506,ACCOUNT-001640,ACCOUNT-001908,75400,2026-06-30T05:08:00Z,NEFT,False,
BANK-TXN-00006507,ACCOUNT-001674,ACCOUNT-001721,13000,2026-06-21T02:20:00Z,IMPS,False,
BANK-TXN-00006508,ACCOUNT-000105,ACCOUNT-001311,64900,2026-08-28T12:40:00Z,UPI,False,
BANK-TXN-00006509,ACCOUNT-000494,ACCOUNT-001745,1800,2026-06-17T15:59:00Z,UPI,False,
BANK-TXN-00006510,ACCOUNT-000462,ACCOUNT-001437,25000,2026-07-19T04:15:00Z,IMPS,False,
BANK-TXN-00006511,ACCOUNT-001248,ACCOUNT-001427,32000,2026-06-09T11:58:00Z,IMPS,False,
BANK-TXN-00006512,ACCOUNT-001739,ACCOUNT-001400,1900,2026-07-28T11:21:00Z,UPI,False,
BANK-TXN-00006513,ACCOUNT-001810,ACCOUNT-001251,92000,2026-08-22T08:40:00Z,UPI,False,
BANK-TXN-00006514,ACCOUNT-000539,ACCOUNT-000963,79500,2026-08-27T17:19:00Z,UPI,False,
BANK-TXN-00006515,ACCOUNT-001739,ACCOUNT-000933,5000,2026-07-05T15:53:00Z,IMPS,False,
BANK-TXN-00006516,ACCOUNT-001573,ACCOUNT-000098,800,2026-07-18T02:10:00Z,NEFT,False,
BANK-TXN-00006517,ACCOUNT-001118,ACCOUNT-001900,22300,2026-07-18T02:39:00Z,UPI,False,
BANK-TXN-00006518,ACCOUNT-001111,ACCOUNT-001041,32800,2026-08-28T10:49:00Z,UPI,False,
BANK-TXN-00006519,ACCOUNT-000328,ACCOUNT-001046,2900,2026-08-07T11:10:00Z,UPI,False,
BANK-TXN-00006520,ACCOUNT-000645,ACCOUNT-000459,8400,2026-08-05T23:16:00Z,UPI,False,
BANK-TXN-00006521,ACCOUNT-000655,ACCOUNT-001725,7100,2026-07-12T03:53:00Z,UPI,False,
BANK-TXN-00006522,ACCOUNT-000959,ACCOUNT-000166,74200,2026-08-17T05:25:00Z,IMPS,False,
BANK-TXN-00006523,ACCOUNT-001587,ACCOUNT-000708,8900,2026-08-27T07:53:00Z,IMPS,False,
BANK-TXN-00006524,ACCOUNT-000247,ACCOUNT-001797,51200,2026-06-22T08:55:00Z,UPI,False,
BANK-TXN-00006525,ACCOUNT-000190,ACCOUNT-001683,3200,2026-07-22T18:59:00Z,UPI,False,
BANK-TXN-00006526,ACCOUNT-001895,ACCOUNT-000086,2200,2026-07-24T07:37:00Z,UPI,False,
BANK-TXN-00006527,ACCOUNT-001237,ACCOUNT-001873,8000,2026-08-01T16:11:00Z,UPI,False,
BANK-TXN-00006528,ACCOUNT-001280,ACCOUNT-000298,63500,2026-07-11T10:03:00Z,UPI,False,
BANK-TXN-00006529,ACCOUNT-001047,ACCOUNT-000954,9300,2026-06-11T16:24:00Z,UPI,False,
BANK-TXN-00006530,ACCOUNT-001743,ACCOUNT-000418,20500,2026-06-12T21:57:00Z,UPI,False,
BANK-TXN-00006531,ACCOUNT-001662,ACCOUNT-000093,1400,2026-07-03T19:41:00Z,UPI,False,
BANK-TXN-00006532,ACCOUNT-001249,ACCOUNT-001732,23700,2026-07-21T09:52:00Z,RTGS,False,
BANK-TXN-00006533,ACCOUNT-000143,ACCOUNT-001163,64700,2026-07-31T03:36:00Z,NEFT,False,
BANK-TXN-00006534,ACCOUNT-000883,ACCOUNT-000610,5500,2026-08-02T01:38:00Z,IMPS,False,
BANK-TXN-00006535,ACCOUNT-001846,ACCOUNT-001514,19500,2026-07-19T07:22:00Z,RTGS,False,
BANK-TXN-00006536,ACCOUNT-001131,ACCOUNT-001558,79800,2026-08-13T13:12:00Z,UPI,False,
BANK-TXN-00006537,ACCOUNT-000223,ACCOUNT-001877,3500,2026-07-22T13:46:00Z,UPI,False,
BANK-TXN-00006538,ACCOUNT-001128,ACCOUNT-001186,6500,2026-06-28T03:11:00Z,RTGS,False,
BANK-TXN-00006539,ACCOUNT-001556,ACCOUNT-000095,6300,2026-08-12T16:43:00Z,UPI,False,
BANK-TXN-00006540,ACCOUNT-000455,ACCOUNT-001417,5600,2026-06-23T10:12:00Z,IMPS,False,
BANK-TXN-00006541,ACCOUNT-000792,ACCOUNT-000009,8100,2026-08-10T14:21:00Z,UPI,False,
BANK-TXN-00006542,ACCOUNT-000012,ACCOUNT-000050,96900,2026-07-20T15:07:00Z,UPI,False,
BANK-TXN-00006543,ACCOUNT-000778,ACCOUNT-000879,41600,2026-06-24T14:58:00Z,UPI,False,
BANK-TXN-00006544,ACCOUNT-000088,ACCOUNT-001512,81000,2026-08-08T11:30:00Z,UPI,False,
BANK-TXN-00006545,ACCOUNT-000874,ACCOUNT-000415,8100,2026-07-07T11:38:00Z,UPI,False,
BANK-TXN-00006546,ACCOUNT-000119,ACCOUNT-001727,6200,2026-06-18T06:51:00Z,NEFT,False,
BANK-TXN-00006547,ACCOUNT-000089,ACCOUNT-001156,77700,2026-07-01T22:22:00Z,UPI,False,
BANK-TXN-00006548,ACCOUNT-000951,ACCOUNT-001024,12500,2026-08-22T08:31:00Z,UPI,False,
BANK-TXN-00006549,ACCOUNT-001889,ACCOUNT-000812,83800,2026-08-11T18:24:00Z,IMPS,False,
BANK-TXN-00006550,ACCOUNT-001631,ACCOUNT-001344,38500,2026-07-07T04:35:00Z,NEFT,False,
BANK-TXN-00006551,ACCOUNT-001405,ACCOUNT-000357,38900,2026-06-25T08:56:00Z,NEFT,False,
BANK-TXN-00006552,ACCOUNT-000794,ACCOUNT-000024,46800,2026-08-27T13:04:00Z,IMPS,False,
BANK-TXN-00006553,ACCOUNT-001395,ACCOUNT-001860,8100,2026-06-22T20:02:00Z,IMPS,False,
BANK-TXN-00006554,ACCOUNT-000639,ACCOUNT-001489,19600,2026-08-08T13:26:00Z,UPI,False,
BANK-TXN-00006555,ACCOUNT-001903,ACCOUNT-000048,40200,2026-07-05T10:56:00Z,UPI,False,
BANK-TXN-00006556,ACCOUNT-001293,ACCOUNT-000585,40400,2026-08-16T08:21:00Z,UPI,False,
BANK-TXN-00006557,ACCOUNT-000445,ACCOUNT-000253,6600,2026-08-23T10:27:00Z,IMPS,False,
BANK-TXN-00006558,ACCOUNT-000009,ACCOUNT-001266,16500,2026-06-20T02:38:00Z,NEFT,False,
BANK-TXN-00006559,ACCOUNT-000934,ACCOUNT-001129,23600,2026-06-16T21:08:00Z,UPI,False,
BANK-TXN-00006560,ACCOUNT-000523,ACCOUNT-000853,48400,2026-07-19T10:02:00Z,IMPS,False,
BANK-TXN-00006561,ACCOUNT-000278,ACCOUNT-000793,4300,2026-08-21T16:47:00Z,RTGS,False,
BANK-TXN-00006562,ACCOUNT-001409,ACCOUNT-000061,32600,2026-07-05T07:13:00Z,UPI,False,
BANK-TXN-00006563,ACCOUNT-001889,ACCOUNT-001311,15600,2026-06-12T03:30:00Z,IMPS,False,
BANK-TXN-00006564,ACCOUNT-001088,ACCOUNT-001022,7800,2026-06-18T23:16:00Z,UPI,False,
BANK-TXN-00006565,ACCOUNT-001889,ACCOUNT-001316,7800,2026-07-17T07:07:00Z,UPI,False,
BANK-TXN-00006566,ACCOUNT-000857,ACCOUNT-001506,12000,2026-06-22T10:59:00Z,UPI,False,
BANK-TXN-00006567,ACCOUNT-000656,ACCOUNT-000997,9000,2026-06-20T01:54:00Z,IMPS,False,
BANK-TXN-00006568,ACCOUNT-000411,ACCOUNT-001464,3100,2026-08-19T14:50:00Z,IMPS,False,
BANK-TXN-00006569,ACCOUNT-000795,ACCOUNT-000282,16400,2026-07-25T11:22:00Z,UPI,False,
BANK-TXN-00006570,ACCOUNT-001711,ACCOUNT-000228,30700,2026-06-26T01:50:00Z,IMPS,False,
BANK-TXN-00006571,ACCOUNT-000080,ACCOUNT-000721,36100,2026-06-06T04:30:00Z,UPI,False,
BANK-TXN-00006572,ACCOUNT-001082,ACCOUNT-000633,64000,2026-08-27T02:32:00Z,IMPS,False,
BANK-TXN-00006573,ACCOUNT-000822,ACCOUNT-000519,36400,2026-08-27T06:39:00Z,UPI,False,
BANK-TXN-00006574,ACCOUNT-000791,ACCOUNT-000285,38000,2026-08-14T09:16:00Z,IMPS,False,
BANK-TXN-00006575,ACCOUNT-001726,ACCOUNT-000876,17600,2026-07-16T08:40:00Z,UPI,False,
BANK-TXN-00006576,ACCOUNT-000685,ACCOUNT-001152,59100,2026-07-05T12:49:00Z,IMPS,False,
BANK-TXN-00006577,ACCOUNT-000113,ACCOUNT-000949,37000,2026-08-08T17:15:00Z,IMPS,False,
BANK-TXN-00006578,ACCOUNT-000090,ACCOUNT-000888,12600,2026-06-04T22:40:00Z,UPI,False,
BANK-TXN-00006579,ACCOUNT-000336,ACCOUNT-000898,76900,2026-07-30T10:18:00Z,UPI,False,
BANK-TXN-00006580,ACCOUNT-000485,ACCOUNT-001262,84100,2026-08-11T05:07:00Z,IMPS,False,
BANK-TXN-00006581,ACCOUNT-001075,ACCOUNT-000800,20800,2026-08-11T17:19:00Z,IMPS,False,
BANK-TXN-00006582,ACCOUNT-001515,ACCOUNT-000863,27200,2026-08-05T10:03:00Z,UPI,False,
BANK-TXN-00006583,ACCOUNT-000739,ACCOUNT-000823,52600,2026-07-12T11:19:00Z,IMPS,False,
BANK-TXN-00006584,ACCOUNT-000640,ACCOUNT-000412,24800,2026-06-27T08:55:00Z,UPI,False,
BANK-TXN-00006585,ACCOUNT-000299,ACCOUNT-000986,25800,2026-07-30T09:00:00Z,UPI,False,
BANK-TXN-00006586,ACCOUNT-000159,ACCOUNT-000305,41200,2026-07-05T12:42:00Z,NEFT,False,
BANK-TXN-00006587,ACCOUNT-001200,ACCOUNT-001638,3700,2026-07-04T20:22:00Z,NEFT,False,
BANK-TXN-00006588,ACCOUNT-000172,ACCOUNT-000014,34100,2026-08-22T09:33:00Z,NEFT,False,
BANK-TXN-00006589,ACCOUNT-001215,ACCOUNT-001788,5200,2026-07-18T14:41:00Z,UPI,False,
BANK-TXN-00006590,ACCOUNT-000972,ACCOUNT-001813,28300,2026-06-23T03:06:00Z,IMPS,False,
BANK-TXN-00006591,ACCOUNT-001781,ACCOUNT-001006,5000,2026-07-21T04:19:00Z,NEFT,False,
BANK-TXN-00006592,ACCOUNT-000645,ACCOUNT-000371,79200,2026-08-12T13:17:00Z,UPI,False,
BANK-TXN-00006593,ACCOUNT-001829,ACCOUNT-000938,3200,2026-06-02T02:48:00Z,IMPS,False,
BANK-TXN-00006594,ACCOUNT-000407,ACCOUNT-000324,20200,2026-08-15T12:35:00Z,IMPS,False,
BANK-TXN-00006595,ACCOUNT-000218,ACCOUNT-000094,44200,2026-07-02T20:26:00Z,NEFT,False,
BANK-TXN-00006596,ACCOUNT-001771,ACCOUNT-000242,10000,2026-06-26T19:18:00Z,IMPS,False,
BANK-TXN-00006597,ACCOUNT-000733,ACCOUNT-000069,7900,2026-08-26T12:49:00Z,RTGS,False,
BANK-TXN-00006598,ACCOUNT-001860,ACCOUNT-001616,83000,2026-07-27T15:07:00Z,UPI,False,
BANK-TXN-00006599,ACCOUNT-001376,ACCOUNT-000848,11500,2026-07-16T17:33:00Z,NEFT,False,
BANK-TXN-00006600,ACCOUNT-000395,ACCOUNT-000583,12000,2026-06-26T03:17:00Z,UPI,False,
BANK-TXN-00006601,ACCOUNT-000843,ACCOUNT-000031,94900,2026-08-08T11:16:00Z,UPI,False,
BANK-TXN-00006602,ACCOUNT-001469,ACCOUNT-001718,19100,2026-06-19T10:29:00Z,IMPS,False,
BANK-TXN-00006603,ACCOUNT-001844,ACCOUNT-001149,5300,2026-06-26T02:24:00Z,UPI,False,
BANK-TXN-00006604,ACCOUNT-000143,ACCOUNT-001379,87700,2026-07-15T03:50:00Z,IMPS,False,
BANK-TXN-00006605,ACCOUNT-001878,ACCOUNT-000338,2600,2026-07-30T21:05:00Z,NEFT,False,
BANK-TXN-00006606,ACCOUNT-000561,ACCOUNT-001493,9000,2026-07-30T22:18:00Z,RTGS,False,
BANK-TXN-00006607,ACCOUNT-000275,ACCOUNT-001236,17300,2026-06-26T11:43:00Z,UPI,False,
BANK-TXN-00006608,ACCOUNT-001589,ACCOUNT-001470,21600,2026-08-10T09:41:00Z,UPI,False,
BANK-TXN-00006609,ACCOUNT-001943,ACCOUNT-001882,11300,2026-06-26T07:14:00Z,UPI,False,
BANK-TXN-00006610,ACCOUNT-001755,ACCOUNT-001840,20000,2026-06-29T02:52:00Z,IMPS,False,
BANK-TXN-00006611,ACCOUNT-001871,ACCOUNT-001271,60800,2026-06-28T17:05:00Z,IMPS,False,
BANK-TXN-00006612,ACCOUNT-000606,ACCOUNT-000211,41000,2026-06-17T05:34:00Z,NEFT,False,
BANK-TXN-00006613,ACCOUNT-001350,ACCOUNT-001783,72600,2026-08-19T22:22:00Z,IMPS,False,
BANK-TXN-00006614,ACCOUNT-000598,ACCOUNT-000356,62600,2026-06-11T11:23:00Z,UPI,False,
BANK-TXN-00006615,ACCOUNT-001303,ACCOUNT-000532,7700,2026-08-12T17:28:00Z,UPI,False,
BANK-TXN-00006616,ACCOUNT-000715,ACCOUNT-001238,6800,2026-06-29T01:57:00Z,UPI,False,
BANK-TXN-00006617,ACCOUNT-000147,ACCOUNT-000004,79300,2026-07-16T08:30:00Z,IMPS,False,
BANK-TXN-00006618,ACCOUNT-000741,ACCOUNT-001571,18900,2026-06-22T06:46:00Z,NEFT,False,
BANK-TXN-00006619,ACCOUNT-000718,ACCOUNT-000240,6800,2026-06-06T17:11:00Z,UPI,False,
BANK-TXN-00006620,ACCOUNT-000544,ACCOUNT-000564,3300,2026-08-21T07:31:00Z,IMPS,False,
BANK-TXN-00006621,ACCOUNT-000849,ACCOUNT-001748,8700,2026-06-06T16:14:00Z,UPI,False,
BANK-TXN-00006622,ACCOUNT-001329,ACCOUNT-000599,88300,2026-07-29T14:32:00Z,IMPS,False,
BANK-TXN-00006623,ACCOUNT-001877,ACCOUNT-000552,30300,2026-07-18T09:13:00Z,RTGS,False,
BANK-TXN-00006624,ACCOUNT-001492,ACCOUNT-001706,4100,2026-08-13T17:50:00Z,UPI,False,
BANK-TXN-00006625,ACCOUNT-000147,ACCOUNT-000374,4300,2026-07-09T14:51:00Z,UPI,False,
BANK-TXN-00006626,ACCOUNT-000655,ACCOUNT-000525,79800,2026-07-26T06:25:00Z,UPI,False,
BANK-TXN-00006627,ACCOUNT-000952,ACCOUNT-001302,10700,2026-07-01T21:57:00Z,UPI,False,
BANK-TXN-00006628,ACCOUNT-001274,ACCOUNT-000760,48800,2026-06-07T07:20:00Z,UPI,False,
BANK-TXN-00006629,ACCOUNT-001370,ACCOUNT-000446,15100,2026-08-05T12:49:00Z,UPI,False,
BANK-TXN-00006630,ACCOUNT-000686,ACCOUNT-000928,40500,2026-08-09T23:11:00Z,UPI,False,
BANK-TXN-00006631,ACCOUNT-000523,ACCOUNT-001513,90500,2026-06-27T21:28:00Z,IMPS,False,
BANK-TXN-00006632,ACCOUNT-001313,ACCOUNT-000495,37600,2026-07-03T09:27:00Z,IMPS,False,
BANK-TXN-00006633,ACCOUNT-000334,ACCOUNT-001435,72200,2026-06-06T16:23:00Z,NEFT,False,
BANK-TXN-00006634,ACCOUNT-000400,ACCOUNT-000797,65300,2026-06-17T05:09:00Z,UPI,False,
BANK-TXN-00006635,ACCOUNT-000549,ACCOUNT-000221,8200,2026-06-03T05:26:00Z,NEFT,False,
BANK-TXN-00006636,ACCOUNT-000927,ACCOUNT-001471,45600,2026-06-17T17:50:00Z,UPI,False,
BANK-TXN-00006637,ACCOUNT-001239,ACCOUNT-000037,12600,2026-08-16T12:02:00Z,UPI,False,
BANK-TXN-00006638,ACCOUNT-001482,ACCOUNT-001183,21400,2026-07-19T17:01:00Z,NEFT,False,
BANK-TXN-00006639,ACCOUNT-001113,ACCOUNT-001703,15700,2026-06-26T01:37:00Z,UPI,False,
BANK-TXN-00006640,ACCOUNT-000420,ACCOUNT-000145,5400,2026-06-07T12:11:00Z,IMPS,False,
BANK-TXN-00006641,ACCOUNT-000437,ACCOUNT-001314,47500,2026-07-21T05:39:00Z,UPI,False,
BANK-TXN-00006642,ACCOUNT-001704,ACCOUNT-000867,11200,2026-08-16T04:36:00Z,UPI,False,
BANK-TXN-00006643,ACCOUNT-001644,ACCOUNT-000042,38500,2026-08-26T06:50:00Z,UPI,False,
BANK-TXN-00006644,ACCOUNT-001358,ACCOUNT-001251,84300,2026-06-17T13:08:00Z,NEFT,False,
BANK-TXN-00006645,ACCOUNT-001779,ACCOUNT-001798,13000,2026-06-30T22:00:00Z,IMPS,False,
BANK-TXN-00006646,ACCOUNT-001930,ACCOUNT-000667,4200,2026-07-30T10:19:00Z,IMPS,False,
BANK-TXN-00006647,ACCOUNT-000396,ACCOUNT-000196,8100,2026-06-11T07:39:00Z,NEFT,False,
BANK-TXN-00006648,ACCOUNT-000785,ACCOUNT-001225,41200,2026-08-02T16:25:00Z,IMPS,False,
BANK-TXN-00006649,ACCOUNT-001696,ACCOUNT-001401,32300,2026-08-07T07:01:00Z,IMPS,False,
BANK-TXN-00006650,ACCOUNT-001625,ACCOUNT-000789,84600,2026-08-05T16:02:00Z,IMPS,False,
BANK-TXN-00006651,ACCOUNT-000650,ACCOUNT-000399,14100,2026-08-17T19:04:00Z,IMPS,False,
BANK-TXN-00006652,ACCOUNT-001556,ACCOUNT-001625,2900,2026-08-02T10:52:00Z,UPI,False,
BANK-TXN-00006653,ACCOUNT-001235,ACCOUNT-000395,16400,2026-08-16T14:19:00Z,IMPS,False,
BANK-TXN-00006654,ACCOUNT-000549,ACCOUNT-001658,41800,2026-08-14T09:24:00Z,UPI,False,
BANK-TXN-00006655,ACCOUNT-001390,ACCOUNT-001177,15100,2026-06-06T13:20:00Z,IMPS,False,
BANK-TXN-00006656,ACCOUNT-000013,ACCOUNT-001177,2300,2026-08-10T06:32:00Z,UPI,False,
BANK-TXN-00006657,ACCOUNT-001892,ACCOUNT-000469,10100,2026-06-04T08:27:00Z,IMPS,False,
BANK-TXN-00006658,ACCOUNT-000121,ACCOUNT-000657,7200,2026-06-03T18:26:00Z,UPI,False,
BANK-TXN-00006659,ACCOUNT-001860,ACCOUNT-000243,72200,2026-08-25T02:55:00Z,UPI,False,
BANK-TXN-00006660,ACCOUNT-000039,ACCOUNT-000977,19500,2026-07-14T09:43:00Z,UPI,False,
BANK-TXN-00006661,ACCOUNT-001949,ACCOUNT-001868,43600,2026-08-19T09:09:00Z,UPI,False,
BANK-TXN-00006662,ACCOUNT-000771,ACCOUNT-001631,11300,2026-08-27T01:14:00Z,IMPS,False,
BANK-TXN-00006663,ACCOUNT-000481,ACCOUNT-000558,7500,2026-08-28T07:00:00Z,IMPS,False,
BANK-TXN-00006664,ACCOUNT-000701,ACCOUNT-000929,20700,2026-07-11T07:31:00Z,NEFT,False,
BANK-TXN-00006665,ACCOUNT-001733,ACCOUNT-001577,9600,2026-07-09T13:31:00Z,UPI,False,
BANK-TXN-00006666,ACCOUNT-001317,ACCOUNT-000977,2200,2026-06-28T01:55:00Z,UPI,False,
BANK-TXN-00006667,ACCOUNT-001065,ACCOUNT-000665,6500,2026-06-11T22:12:00Z,UPI,False,
BANK-TXN-00006668,ACCOUNT-001254,ACCOUNT-001605,5700,2026-07-21T03:33:00Z,UPI,False,
BANK-TXN-00006669,ACCOUNT-000994,ACCOUNT-001304,2500,2026-08-26T04:07:00Z,RTGS,False,
BANK-TXN-00006670,ACCOUNT-000685,ACCOUNT-000452,2100,2026-06-30T16:07:00Z,UPI,False,
BANK-TXN-00006671,ACCOUNT-001793,ACCOUNT-001790,3200,2026-07-22T17:22:00Z,IMPS,False,
BANK-TXN-00006672,ACCOUNT-000144,ACCOUNT-001301,3700,2026-07-06T17:48:00Z,NEFT,False,
BANK-TXN-00006673,ACCOUNT-000774,ACCOUNT-000229,400,2026-07-14T04:30:00Z,UPI,False,
BANK-TXN-00006674,ACCOUNT-000250,ACCOUNT-000814,26400,2026-06-12T21:33:00Z,UPI,False,
BANK-TXN-00006675,ACCOUNT-000121,ACCOUNT-000552,82700,2026-08-13T17:18:00Z,NEFT,False,
BANK-TXN-00006676,ACCOUNT-000962,ACCOUNT-000908,3900,2026-06-12T12:48:00Z,IMPS,False,
BANK-TXN-00006677,ACCOUNT-000584,ACCOUNT-000845,69800,2026-07-03T22:01:00Z,IMPS,False,
BANK-TXN-00006678,ACCOUNT-001126,ACCOUNT-000945,1000,2026-07-25T09:08:00Z,UPI,False,
BANK-TXN-00006679,ACCOUNT-001768,ACCOUNT-001905,38800,2026-06-24T16:28:00Z,UPI,False,
BANK-TXN-00006680,ACCOUNT-001459,ACCOUNT-000961,96400,2026-07-02T04:26:00Z,UPI,False,
BANK-TXN-00006681,ACCOUNT-000525,ACCOUNT-001593,38500,2026-08-01T11:21:00Z,IMPS,False,
BANK-TXN-00006682,ACCOUNT-001102,ACCOUNT-001407,22800,2026-07-04T00:32:00Z,UPI,False,
BANK-TXN-00006683,ACCOUNT-001426,ACCOUNT-000480,86500,2026-08-27T03:58:00Z,UPI,False,
BANK-TXN-00006684,ACCOUNT-001842,ACCOUNT-000665,68100,2026-07-27T11:39:00Z,UPI,False,
BANK-TXN-00006685,ACCOUNT-001664,ACCOUNT-000399,9600,2026-08-01T13:06:00Z,IMPS,False,
BANK-TXN-00006686,ACCOUNT-000135,ACCOUNT-001711,99500,2026-07-18T13:12:00Z,UPI,False,
BANK-TXN-00006687,ACCOUNT-000037,ACCOUNT-001098,20300,2026-08-08T02:49:00Z,UPI,False,
BANK-TXN-00006688,ACCOUNT-001248,ACCOUNT-001316,2700,2026-08-13T08:32:00Z,IMPS,False,
BANK-TXN-00006689,ACCOUNT-000115,ACCOUNT-001164,9200,2026-07-24T08:50:00Z,UPI,False,
BANK-TXN-00006690,ACCOUNT-001857,ACCOUNT-001168,54300,2026-07-07T08:30:00Z,IMPS,False,
BANK-TXN-00006691,ACCOUNT-000242,ACCOUNT-001807,12700,2026-06-06T05:56:00Z,UPI,False,
BANK-TXN-00006692,ACCOUNT-000153,ACCOUNT-001453,200,2026-07-29T13:23:00Z,UPI,False,
BANK-TXN-00006693,ACCOUNT-000902,ACCOUNT-001217,17200,2026-08-22T14:14:00Z,IMPS,False,
BANK-TXN-00006694,ACCOUNT-000123,ACCOUNT-001577,2200,2026-07-15T07:26:00Z,UPI,False,
BANK-TXN-00006695,ACCOUNT-001558,ACCOUNT-000457,39300,2026-06-11T15:51:00Z,IMPS,False,
BANK-TXN-00006696,ACCOUNT-000191,ACCOUNT-001773,7700,2026-06-09T01:21:00Z,IMPS,False,
BANK-TXN-00006697,ACCOUNT-001096,ACCOUNT-001222,49500,2026-08-22T22:28:00Z,IMPS,False,
BANK-TXN-00006698,ACCOUNT-001312,ACCOUNT-000866,17800,2026-06-23T20:07:00Z,NEFT,False,
BANK-TXN-00006699,ACCOUNT-000879,ACCOUNT-001836,27400,2026-06-08T12:14:00Z,UPI,False,
BANK-TXN-00006700,ACCOUNT-001555,ACCOUNT-000956,14100,2026-06-02T17:22:00Z,RTGS,False,
BANK-TXN-00006701,ACCOUNT-000839,ACCOUNT-001820,23200,2026-06-29T21:59:00Z,IMPS,False,
BANK-TXN-00006702,ACCOUNT-000706,ACCOUNT-001136,1700,2026-08-09T15:17:00Z,IMPS,False,
BANK-TXN-00006703,ACCOUNT-000983,ACCOUNT-000993,22300,2026-06-02T09:16:00Z,UPI,False,
BANK-TXN-00006704,ACCOUNT-000014,ACCOUNT-000069,11600,2026-07-30T20:55:00Z,IMPS,False,
BANK-TXN-00006705,ACCOUNT-001065,ACCOUNT-001772,78500,2026-07-07T19:38:00Z,IMPS,False,
BANK-TXN-00006706,ACCOUNT-000365,ACCOUNT-001584,21900,2026-08-09T07:21:00Z,UPI,False,
BANK-TXN-00006707,ACCOUNT-001322,ACCOUNT-000206,22900,2026-06-11T15:07:00Z,NEFT,False,
BANK-TXN-00006708,ACCOUNT-000371,ACCOUNT-000744,100,2026-08-19T09:58:00Z,UPI,False,
BANK-TXN-00006709,ACCOUNT-001764,ACCOUNT-001659,92700,2026-07-08T15:44:00Z,UPI,False,
BANK-TXN-00006710,ACCOUNT-000297,ACCOUNT-000908,3500,2026-06-27T07:30:00Z,UPI,False,
BANK-TXN-00006711,ACCOUNT-000627,ACCOUNT-001742,6500,2026-06-03T17:28:00Z,IMPS,False,
BANK-TXN-00006712,ACCOUNT-001523,ACCOUNT-000739,16500,2026-07-12T15:16:00Z,UPI,False,
BANK-TXN-00006713,ACCOUNT-000373,ACCOUNT-000188,800,2026-07-29T11:00:00Z,UPI,False,
BANK-TXN-00006714,ACCOUNT-001757,ACCOUNT-000695,4400,2026-06-28T12:43:00Z,RTGS,False,
BANK-TXN-00006715,ACCOUNT-001782,ACCOUNT-000211,19400,2026-08-02T09:12:00Z,NEFT,False,
BANK-TXN-00006716,ACCOUNT-000509,ACCOUNT-000322,88800,2026-08-02T12:00:00Z,UPI,False,
BANK-TXN-00006717,ACCOUNT-001014,ACCOUNT-000497,7000,2026-08-13T11:03:00Z,UPI,False,
BANK-TXN-00006718,ACCOUNT-001470,ACCOUNT-000452,5600,2026-08-10T15:44:00Z,IMPS,False,
BANK-TXN-00006719,ACCOUNT-001166,ACCOUNT-000716,33300,2026-06-28T06:04:00Z,NEFT,False,
BANK-TXN-00006720,ACCOUNT-000340,ACCOUNT-001130,7300,2026-08-28T11:04:00Z,UPI,False,
BANK-TXN-00006721,ACCOUNT-000861,ACCOUNT-001453,23300,2026-07-26T04:40:00Z,UPI,False,
BANK-TXN-00006722,ACCOUNT-001830,ACCOUNT-000625,11000,2026-06-23T16:03:00Z,UPI,False,
BANK-TXN-00006723,ACCOUNT-001391,ACCOUNT-001109,18800,2026-08-08T10:49:00Z,UPI,False,
BANK-TXN-00006724,ACCOUNT-001533,ACCOUNT-000369,25500,2026-06-16T16:14:00Z,IMPS,False,
BANK-TXN-00006725,ACCOUNT-001796,ACCOUNT-001542,98700,2026-08-08T08:37:00Z,UPI,False,
BANK-TXN-00006726,ACCOUNT-000446,ACCOUNT-000780,23700,2026-08-26T10:37:00Z,UPI,False,
BANK-TXN-00006727,ACCOUNT-001386,ACCOUNT-000279,2700,2026-07-06T17:48:00Z,RTGS,False,
BANK-TXN-00006728,ACCOUNT-000765,ACCOUNT-001740,5800,2026-08-26T20:37:00Z,IMPS,False,
BANK-TXN-00006729,ACCOUNT-000921,ACCOUNT-001531,12400,2026-08-25T00:47:00Z,NEFT,False,
BANK-TXN-00006730,ACCOUNT-001791,ACCOUNT-000585,46700,2026-07-03T11:39:00Z,IMPS,False,
BANK-TXN-00006731,ACCOUNT-001044,ACCOUNT-001427,27200,2026-06-03T12:13:00Z,UPI,False,
BANK-TXN-00006732,ACCOUNT-000901,ACCOUNT-001209,51500,2026-06-14T11:00:00Z,NEFT,False,
BANK-TXN-00006733,ACCOUNT-001414,ACCOUNT-001740,97800,2026-07-17T15:49:00Z,IMPS,False,
BANK-TXN-00006734,ACCOUNT-001513,ACCOUNT-000155,9200,2026-08-06T07:19:00Z,NEFT,False,
BANK-TXN-00006735,ACCOUNT-000800,ACCOUNT-001641,14900,2026-07-17T11:13:00Z,IMPS,False,
BANK-TXN-00006736,ACCOUNT-000997,ACCOUNT-001623,12900,2026-07-10T15:42:00Z,UPI,False,
BANK-TXN-00006737,ACCOUNT-000672,ACCOUNT-001899,5000,2026-07-10T17:50:00Z,UPI,False,
BANK-TXN-00006738,ACCOUNT-001796,ACCOUNT-001346,46200,2026-08-02T06:11:00Z,UPI,False,
BANK-TXN-00006739,ACCOUNT-000551,ACCOUNT-001639,28100,2026-08-12T09:17:00Z,UPI,False,
BANK-TXN-00006740,ACCOUNT-000117,ACCOUNT-000917,26100,2026-08-19T10:04:00Z,NEFT,False,
BANK-TXN-00006741,ACCOUNT-000886,ACCOUNT-001168,80600,2026-06-14T05:48:00Z,UPI,False,
BANK-TXN-00006742,ACCOUNT-000153,ACCOUNT-000076,8300,2026-07-10T08:27:00Z,IMPS,False,
BANK-TXN-00006743,ACCOUNT-001263,ACCOUNT-000289,87400,2026-08-19T13:23:00Z,UPI,False,
BANK-TXN-00006744,ACCOUNT-000627,ACCOUNT-001422,45300,2026-08-05T11:37:00Z,IMPS,False,
BANK-TXN-00006745,ACCOUNT-001537,ACCOUNT-000118,2400,2026-07-28T12:48:00Z,UPI,False,
BANK-TXN-00006746,ACCOUNT-000683,ACCOUNT-001334,7000,2026-06-06T06:02:00Z,IMPS,False,
BANK-TXN-00006747,ACCOUNT-001407,ACCOUNT-001191,6300,2026-07-10T09:56:00Z,UPI,False,
BANK-TXN-00006748,ACCOUNT-001121,ACCOUNT-001083,4400,2026-06-20T09:17:00Z,RTGS,False,
BANK-TXN-00006749,ACCOUNT-001124,ACCOUNT-001822,44500,2026-06-24T06:27:00Z,UPI,False,
BANK-TXN-00006750,ACCOUNT-000141,ACCOUNT-000188,88100,2026-08-28T11:42:00Z,UPI,False,
BANK-TXN-00006751,ACCOUNT-000419,ACCOUNT-001442,38000,2026-07-08T22:11:00Z,UPI,False,
BANK-TXN-00006752,ACCOUNT-001332,ACCOUNT-000684,16900,2026-06-18T08:42:00Z,UPI,False,
BANK-TXN-00006753,ACCOUNT-001706,ACCOUNT-001000,6100,2026-08-11T06:07:00Z,UPI,False,
BANK-TXN-00006754,ACCOUNT-001619,ACCOUNT-001463,30400,2026-06-26T00:06:00Z,NEFT,False,
BANK-TXN-00006755,ACCOUNT-001601,ACCOUNT-000459,52800,2026-08-19T07:56:00Z,NEFT,False,
BANK-TXN-00006756,ACCOUNT-000478,ACCOUNT-001050,74000,2026-07-21T07:58:00Z,IMPS,False,
BANK-TXN-00006757,ACCOUNT-001000,ACCOUNT-000675,14500,2026-07-11T10:10:00Z,UPI,False,
BANK-TXN-00006758,ACCOUNT-000249,ACCOUNT-001139,32100,2026-08-24T20:27:00Z,UPI,False,
BANK-TXN-00006759,ACCOUNT-001226,ACCOUNT-000188,1100,2026-06-01T03:54:00Z,RTGS,False,
BANK-TXN-00006760,ACCOUNT-000731,ACCOUNT-001268,1400,2026-06-01T12:36:00Z,UPI,False,
BANK-TXN-00006761,ACCOUNT-001406,ACCOUNT-000436,55800,2026-08-15T17:29:00Z,UPI,False,
BANK-TXN-00006762,ACCOUNT-001539,ACCOUNT-000035,8100,2026-07-20T16:45:00Z,NEFT,False,
BANK-TXN-00006763,ACCOUNT-001078,ACCOUNT-001116,66200,2026-06-19T19:55:00Z,IMPS,False,
BANK-TXN-00006764,ACCOUNT-000342,ACCOUNT-000050,12900,2026-07-06T16:06:00Z,UPI,False,
BANK-TXN-00006765,ACCOUNT-000267,ACCOUNT-001773,3600,2026-07-01T17:35:00Z,NEFT,False,
BANK-TXN-00006766,ACCOUNT-000211,ACCOUNT-000020,200,2026-06-16T13:54:00Z,RTGS,False,
BANK-TXN-00006767,ACCOUNT-001691,ACCOUNT-000143,9800,2026-07-01T09:07:00Z,UPI,False,
BANK-TXN-00006768,ACCOUNT-000462,ACCOUNT-000813,83300,2026-06-08T16:48:00Z,UPI,False,
BANK-TXN-00006769,ACCOUNT-000441,ACCOUNT-001357,3700,2026-07-02T01:49:00Z,IMPS,False,
BANK-TXN-00006770,ACCOUNT-001147,ACCOUNT-001818,500,2026-08-17T04:41:00Z,NEFT,False,
BANK-TXN-00006771,ACCOUNT-001548,ACCOUNT-000568,7500,2026-07-10T09:55:00Z,UPI,False,
BANK-TXN-00006772,ACCOUNT-000954,ACCOUNT-001015,4100,2026-08-10T03:50:00Z,IMPS,False,
BANK-TXN-00006773,ACCOUNT-000747,ACCOUNT-000100,2800,2026-05-31T07:25:00Z,IMPS,False,
BANK-TXN-00006774,ACCOUNT-001836,ACCOUNT-000420,15800,2026-06-01T07:04:00Z,UPI,False,
BANK-TXN-00006775,ACCOUNT-000424,ACCOUNT-000743,7600,2026-08-25T18:35:00Z,UPI,False,
BANK-TXN-00006776,ACCOUNT-000140,ACCOUNT-000074,19600,2026-07-20T04:24:00Z,NEFT,False,
BANK-TXN-00006777,ACCOUNT-000994,ACCOUNT-000501,4700,2026-08-24T03:37:00Z,NEFT,False,
BANK-TXN-00006778,ACCOUNT-000206,ACCOUNT-000424,70200,2026-07-31T08:59:00Z,UPI,False,
BANK-TXN-00006779,ACCOUNT-000113,ACCOUNT-001772,6800,2026-06-14T04:08:00Z,RTGS,False,
BANK-TXN-00006780,ACCOUNT-000979,ACCOUNT-000634,24500,2026-08-17T08:48:00Z,IMPS,False,
BANK-TXN-00006781,ACCOUNT-000860,ACCOUNT-000850,1500,2026-07-16T15:24:00Z,IMPS,False,
BANK-TXN-00006782,ACCOUNT-000462,ACCOUNT-001354,32100,2026-06-23T01:37:00Z,UPI,False,
BANK-TXN-00006783,ACCOUNT-001240,ACCOUNT-000208,4500,2026-06-14T14:28:00Z,UPI,False,
BANK-TXN-00006784,ACCOUNT-001629,ACCOUNT-001132,37400,2026-07-21T18:51:00Z,UPI,False,
BANK-TXN-00006785,ACCOUNT-000190,ACCOUNT-001461,1800,2026-07-20T12:45:00Z,UPI,False,
BANK-TXN-00006786,ACCOUNT-000012,ACCOUNT-001701,19200,2026-08-26T16:44:00Z,UPI,False,
BANK-TXN-00006787,ACCOUNT-001384,ACCOUNT-001488,14100,2026-07-22T13:13:00Z,UPI,False,
BANK-TXN-00006788,ACCOUNT-001029,ACCOUNT-000217,6300,2026-06-07T02:59:00Z,UPI,False,
BANK-TXN-00006789,ACCOUNT-000195,ACCOUNT-000769,97600,2026-07-15T18:27:00Z,IMPS,False,
BANK-TXN-00006790,ACCOUNT-000832,ACCOUNT-001524,44600,2026-08-26T04:53:00Z,UPI,False,
BANK-TXN-00006791,ACCOUNT-000935,ACCOUNT-000704,97300,2026-08-13T02:13:00Z,UPI,False,
BANK-TXN-00006792,ACCOUNT-001669,ACCOUNT-001851,1800,2026-06-30T11:38:00Z,UPI,False,
BANK-TXN-00006793,ACCOUNT-001814,ACCOUNT-000802,82100,2026-06-07T17:51:00Z,NEFT,False,
BANK-TXN-00006794,ACCOUNT-000402,ACCOUNT-001502,38700,2026-06-12T08:38:00Z,NEFT,False,
BANK-TXN-00006795,ACCOUNT-001783,ACCOUNT-001304,45000,2026-06-18T04:20:00Z,RTGS,False,
BANK-TXN-00006796,ACCOUNT-000021,ACCOUNT-000292,27000,2026-08-28T15:25:00Z,NEFT,False,
BANK-TXN-00006797,ACCOUNT-001697,ACCOUNT-000466,6800,2026-07-10T06:39:00Z,UPI,False,
BANK-TXN-00006798,ACCOUNT-001541,ACCOUNT-000605,9600,2026-08-17T15:10:00Z,RTGS,False,
BANK-TXN-00006799,ACCOUNT-001763,ACCOUNT-001529,97900,2026-06-29T17:02:00Z,UPI,False,
BANK-TXN-00006800,ACCOUNT-000606,ACCOUNT-000691,24800,2026-08-01T20:42:00Z,UPI,False,
BANK-TXN-00006801,ACCOUNT-000032,ACCOUNT-001147,95900,2026-08-22T21:20:00Z,UPI,False,
BANK-TXN-00006802,ACCOUNT-000874,ACCOUNT-001473,7000,2026-06-15T13:30:00Z,UPI,False,
BANK-TXN-00006803,ACCOUNT-001879,ACCOUNT-000521,8700,2026-08-11T05:16:00Z,UPI,False,
BANK-TXN-00006804,ACCOUNT-000846,ACCOUNT-001289,51200,2026-08-17T21:10:00Z,IMPS,False,
BANK-TXN-00006805,ACCOUNT-001926,ACCOUNT-000327,55900,2026-07-26T14:19:00Z,UPI,False,
BANK-TXN-00006806,ACCOUNT-000882,ACCOUNT-001362,7600,2026-07-21T12:51:00Z,UPI,False,
BANK-TXN-00006807,ACCOUNT-000606,ACCOUNT-000231,1100,2026-06-27T20:33:00Z,UPI,False,
BANK-TXN-00006808,ACCOUNT-000348,ACCOUNT-000688,1300,2026-07-18T02:48:00Z,UPI,False,
BANK-TXN-00006809,ACCOUNT-000192,ACCOUNT-000922,51400,2026-07-06T16:49:00Z,NEFT,False,
BANK-TXN-00006810,ACCOUNT-000710,ACCOUNT-000613,700,2026-08-20T11:43:00Z,UPI,False,
BANK-TXN-00006811,ACCOUNT-000920,ACCOUNT-001258,24100,2026-08-24T13:25:00Z,UPI,False,
BANK-TXN-00006812,ACCOUNT-000233,ACCOUNT-000913,88000,2026-08-04T09:47:00Z,UPI,False,
BANK-TXN-00006813,ACCOUNT-001292,ACCOUNT-001851,58300,2026-08-15T22:02:00Z,NEFT,False,
BANK-TXN-00006814,ACCOUNT-000867,ACCOUNT-001335,900,2026-06-05T01:33:00Z,NEFT,False,
BANK-TXN-00006815,ACCOUNT-001601,ACCOUNT-001722,46400,2026-07-11T14:43:00Z,NEFT,False,
BANK-TXN-00006816,ACCOUNT-000983,ACCOUNT-000771,19700,2026-07-26T11:08:00Z,UPI,False,
BANK-TXN-00006817,ACCOUNT-001842,ACCOUNT-000098,4800,2026-06-18T15:38:00Z,IMPS,False,
BANK-TXN-00006818,ACCOUNT-001329,ACCOUNT-001776,79700,2026-07-20T15:07:00Z,IMPS,False,
BANK-TXN-00006819,ACCOUNT-000730,ACCOUNT-000960,8200,2026-08-27T03:23:00Z,UPI,False,
BANK-TXN-00006820,ACCOUNT-000017,ACCOUNT-000296,1700,2026-06-23T13:39:00Z,UPI,False,
BANK-TXN-00006821,ACCOUNT-001385,ACCOUNT-001758,5000,2026-08-09T14:39:00Z,UPI,False,
BANK-TXN-00006822,ACCOUNT-001923,ACCOUNT-001896,33600,2026-06-03T03:26:00Z,NEFT,False,
BANK-TXN-00006823,ACCOUNT-000242,ACCOUNT-001100,51800,2026-08-13T04:24:00Z,IMPS,False,
BANK-TXN-00006824,ACCOUNT-000381,ACCOUNT-001086,2200,2026-08-02T05:11:00Z,UPI,False,
BANK-TXN-00006825,ACCOUNT-000887,ACCOUNT-001002,61500,2026-07-31T03:14:00Z,NEFT,False,
BANK-TXN-00006826,ACCOUNT-000465,ACCOUNT-001152,41300,2026-06-22T14:54:00Z,UPI,False,
BANK-TXN-00006827,ACCOUNT-001622,ACCOUNT-000823,3800,2026-06-14T17:16:00Z,NEFT,False,
BANK-TXN-00006828,ACCOUNT-000252,ACCOUNT-001505,47500,2026-08-26T14:06:00Z,UPI,False,
BANK-TXN-00006829,ACCOUNT-000939,ACCOUNT-000072,17800,2026-06-12T13:29:00Z,UPI,False,
BANK-TXN-00006830,ACCOUNT-001448,ACCOUNT-000569,2000,2026-08-25T04:23:00Z,UPI,False,
BANK-TXN-00006831,ACCOUNT-000932,ACCOUNT-001636,16200,2026-07-04T11:25:00Z,UPI,False,
BANK-TXN-00006832,ACCOUNT-001417,ACCOUNT-001896,20500,2026-06-08T14:09:00Z,UPI,False,
BANK-TXN-00006833,ACCOUNT-001246,ACCOUNT-000645,8600,2026-06-13T02:21:00Z,UPI,False,
BANK-TXN-00006834,ACCOUNT-001510,ACCOUNT-000838,6000,2026-07-30T17:30:00Z,RTGS,False,
BANK-TXN-00006835,ACCOUNT-001942,ACCOUNT-000468,54000,2026-06-27T06:48:00Z,IMPS,False,
BANK-TXN-00006836,ACCOUNT-000083,ACCOUNT-000669,1700,2026-07-07T12:40:00Z,UPI,False,
BANK-TXN-00006837,ACCOUNT-000479,ACCOUNT-000632,38200,2026-08-04T22:32:00Z,IMPS,False,
BANK-TXN-00006838,ACCOUNT-000473,ACCOUNT-000308,45700,2026-06-16T06:32:00Z,IMPS,False,
BANK-TXN-00006839,ACCOUNT-000176,ACCOUNT-001313,12200,2026-06-08T06:58:00Z,IMPS,False,
BANK-TXN-00006840,ACCOUNT-000965,ACCOUNT-001623,6500,2026-08-28T17:43:00Z,UPI,False,
BANK-TXN-00006841,ACCOUNT-000493,ACCOUNT-000905,31300,2026-07-27T07:47:00Z,UPI,False,
BANK-TXN-00006842,ACCOUNT-000138,ACCOUNT-000447,6800,2026-08-19T10:44:00Z,UPI,False,
BANK-TXN-00006843,ACCOUNT-000706,ACCOUNT-001761,44100,2026-06-03T11:53:00Z,IMPS,False,
BANK-TXN-00006844,ACCOUNT-000848,ACCOUNT-000255,34700,2026-08-20T18:42:00Z,NEFT,False,
BANK-TXN-00006845,ACCOUNT-000350,ACCOUNT-000052,74600,2026-07-03T16:31:00Z,NEFT,False,
BANK-TXN-00006846,ACCOUNT-001537,ACCOUNT-000469,18900,2026-07-15T14:43:00Z,IMPS,False,
BANK-TXN-00006847,ACCOUNT-000856,ACCOUNT-001784,5400,2026-07-20T12:01:00Z,IMPS,False,
BANK-TXN-00006848,ACCOUNT-001595,ACCOUNT-000812,7500,2026-06-24T10:23:00Z,UPI,False,
BANK-TXN-00006849,ACCOUNT-000970,ACCOUNT-001305,95400,2026-08-26T23:05:00Z,IMPS,False,
BANK-TXN-00006850,ACCOUNT-000458,ACCOUNT-001124,84100,2026-08-04T21:41:00Z,UPI,False,
BANK-TXN-00006851,ACCOUNT-001039,ACCOUNT-001507,25200,2026-08-15T12:03:00Z,UPI,False,
BANK-TXN-00006852,ACCOUNT-000097,ACCOUNT-001823,3300,2026-06-03T06:44:00Z,IMPS,False,
BANK-TXN-00006853,ACCOUNT-000078,ACCOUNT-001539,45600,2026-06-04T17:42:00Z,IMPS,False,
BANK-TXN-00006854,ACCOUNT-001139,ACCOUNT-001080,6600,2026-08-07T12:31:00Z,IMPS,False,
BANK-TXN-00006855,ACCOUNT-000070,ACCOUNT-001900,46300,2026-06-20T11:12:00Z,UPI,False,
BANK-TXN-00006856,ACCOUNT-000537,ACCOUNT-001156,1300,2026-08-04T07:27:00Z,UPI,False,
BANK-TXN-00006857,ACCOUNT-000274,ACCOUNT-001563,88100,2026-08-09T09:48:00Z,RTGS,False,
BANK-TXN-00006858,ACCOUNT-000626,ACCOUNT-000696,90300,2026-08-28T09:00:00Z,IMPS,False,
BANK-TXN-00006859,ACCOUNT-000568,ACCOUNT-001163,22500,2026-08-14T08:35:00Z,UPI,False,
BANK-TXN-00006860,ACCOUNT-001190,ACCOUNT-000379,39200,2026-06-28T16:16:00Z,NEFT,False,
BANK-TXN-00006861,ACCOUNT-000417,ACCOUNT-001798,9400,2026-07-30T02:30:00Z,UPI,False,
BANK-TXN-00006862,ACCOUNT-000999,ACCOUNT-001659,53800,2026-05-31T06:54:00Z,UPI,False,
BANK-TXN-00006863,ACCOUNT-001840,ACCOUNT-000426,77300,2026-06-05T09:37:00Z,UPI,False,
BANK-TXN-00006864,ACCOUNT-001910,ACCOUNT-000359,2700,2026-08-17T16:29:00Z,UPI,False,
BANK-TXN-00006865,ACCOUNT-000489,ACCOUNT-000501,44400,2026-06-25T14:02:00Z,UPI,False,
BANK-TXN-00006866,ACCOUNT-000827,ACCOUNT-000028,50700,2026-08-09T10:41:00Z,UPI,False,
BANK-TXN-00006867,ACCOUNT-000848,ACCOUNT-001871,53600,2026-06-01T07:27:00Z,UPI,False,
BANK-TXN-00006868,ACCOUNT-001424,ACCOUNT-000063,38700,2026-07-28T09:34:00Z,UPI,False,
BANK-TXN-00006869,ACCOUNT-001088,ACCOUNT-001046,8800,2026-06-04T15:21:00Z,IMPS,False,
BANK-TXN-00006870,ACCOUNT-000674,ACCOUNT-001855,5000,2026-06-08T09:12:00Z,IMPS,False,
BANK-TXN-00006871,ACCOUNT-000318,ACCOUNT-001624,54900,2026-08-05T06:19:00Z,UPI,False,
BANK-TXN-00006872,ACCOUNT-001172,ACCOUNT-000714,40100,2026-07-28T09:45:00Z,UPI,False,
BANK-TXN-00006873,ACCOUNT-000305,ACCOUNT-000498,23000,2026-08-06T21:50:00Z,UPI,False,
BANK-TXN-00006874,ACCOUNT-001761,ACCOUNT-001391,6400,2026-08-18T13:09:00Z,RTGS,False,
BANK-TXN-00006875,ACCOUNT-001675,ACCOUNT-001424,4400,2026-07-10T11:59:00Z,IMPS,False,
BANK-TXN-00006876,ACCOUNT-000790,ACCOUNT-001007,1000,2026-08-24T00:43:00Z,IMPS,False,
BANK-TXN-00006877,ACCOUNT-000002,ACCOUNT-000523,5200,2026-07-22T12:04:00Z,RTGS,False,
BANK-TXN-00006878,ACCOUNT-000413,ACCOUNT-001551,32800,2026-07-06T17:25:00Z,UPI,False,
BANK-TXN-00006879,ACCOUNT-000825,ACCOUNT-000381,71700,2026-08-01T05:26:00Z,IMPS,False,
BANK-TXN-00006880,ACCOUNT-000983,ACCOUNT-001898,36700,2026-07-31T05:52:00Z,RTGS,False,
BANK-TXN-00006881,ACCOUNT-000052,ACCOUNT-001441,94800,2026-07-06T01:48:00Z,IMPS,False,
BANK-TXN-00006882,ACCOUNT-000680,ACCOUNT-001312,79100,2026-08-20T07:34:00Z,NEFT,False,
BANK-TXN-00006883,ACCOUNT-000101,ACCOUNT-000874,4500,2026-07-13T06:42:00Z,UPI,False,
BANK-TXN-00006884,ACCOUNT-001124,ACCOUNT-000515,35300,2026-06-07T16:04:00Z,NEFT,False,
BANK-TXN-00006885,ACCOUNT-000500,ACCOUNT-001384,20600,2026-07-28T11:07:00Z,IMPS,False,
BANK-TXN-00006886,ACCOUNT-001856,ACCOUNT-001763,22300,2026-06-25T15:46:00Z,UPI,False,
BANK-TXN-00006887,ACCOUNT-001464,ACCOUNT-001016,64100,2026-06-22T13:52:00Z,RTGS,False,
BANK-TXN-00006888,ACCOUNT-001035,ACCOUNT-000479,96600,2026-07-07T20:17:00Z,IMPS,False,
BANK-TXN-00006889,ACCOUNT-000901,ACCOUNT-000598,6200,2026-07-20T10:24:00Z,IMPS,False,
BANK-TXN-00006890,ACCOUNT-001816,ACCOUNT-000773,18300,2026-08-24T15:43:00Z,UPI,False,
BANK-TXN-00006891,ACCOUNT-000720,ACCOUNT-001706,5700,2026-07-10T11:57:00Z,RTGS,False,
BANK-TXN-00006892,ACCOUNT-001664,ACCOUNT-001059,78400,2026-08-06T09:10:00Z,UPI,False,
BANK-TXN-00006893,ACCOUNT-000147,ACCOUNT-001871,1500,2026-07-09T06:14:00Z,UPI,False,
BANK-TXN-00006894,ACCOUNT-000842,ACCOUNT-000427,10000,2026-08-08T10:00:00Z,UPI,False,
BANK-TXN-00006895,ACCOUNT-001679,ACCOUNT-001488,12300,2026-08-25T14:29:00Z,IMPS,False,
BANK-TXN-00006896,ACCOUNT-000896,ACCOUNT-001252,33100,2026-06-19T02:28:00Z,UPI,False,
BANK-TXN-00006897,ACCOUNT-000247,ACCOUNT-000032,4000,2026-06-22T12:06:00Z,NEFT,False,
BANK-TXN-00006898,ACCOUNT-000948,ACCOUNT-001880,60500,2026-08-28T04:06:00Z,IMPS,False,
BANK-TXN-00006899,ACCOUNT-000424,ACCOUNT-001390,10800,2026-08-18T15:21:00Z,UPI,False,
BANK-TXN-00006900,ACCOUNT-000965,ACCOUNT-001627,11000,2026-07-13T09:49:00Z,UPI,False,
BANK-TXN-00006901,ACCOUNT-001927,ACCOUNT-000827,22100,2026-07-12T12:37:00Z,UPI,False,
BANK-TXN-00006902,ACCOUNT-000775,ACCOUNT-000435,4400,2026-06-08T17:56:00Z,NEFT,False,
BANK-TXN-00006903,ACCOUNT-001015,ACCOUNT-001372,2200,2026-08-28T06:35:00Z,RTGS,False,
BANK-TXN-00006904,ACCOUNT-000981,ACCOUNT-000431,12900,2026-06-23T07:12:00Z,UPI,False,
BANK-TXN-00006905,ACCOUNT-000829,ACCOUNT-000014,46100,2026-08-25T06:01:00Z,UPI,False,
BANK-TXN-00006906,ACCOUNT-001800,ACCOUNT-001647,14900,2026-06-03T04:18:00Z,RTGS,False,
BANK-TXN-00006907,ACCOUNT-000903,ACCOUNT-000776,6800,2026-07-08T22:16:00Z,UPI,False,
BANK-TXN-00006908,ACCOUNT-000768,ACCOUNT-000772,3300,2026-06-13T11:23:00Z,UPI,False,
BANK-TXN-00006909,ACCOUNT-000437,ACCOUNT-000472,47100,2026-06-01T03:08:00Z,IMPS,False,
BANK-TXN-00006910,ACCOUNT-000925,ACCOUNT-000673,16700,2026-07-01T14:10:00Z,UPI,False,
BANK-TXN-00006911,ACCOUNT-000035,ACCOUNT-000788,7600,2026-06-18T16:11:00Z,UPI,False,
BANK-TXN-00006912,ACCOUNT-000399,ACCOUNT-000483,25000,2026-06-22T10:08:00Z,RTGS,False,
BANK-TXN-00006913,ACCOUNT-001206,ACCOUNT-000820,3300,2026-07-11T07:26:00Z,UPI,False,
BANK-TXN-00006914,ACCOUNT-000656,ACCOUNT-001060,10500,2026-06-18T22:54:00Z,UPI,False,
BANK-TXN-00006915,ACCOUNT-000457,ACCOUNT-001921,12600,2026-07-20T10:44:00Z,UPI,False,
BANK-TXN-00006916,ACCOUNT-001522,ACCOUNT-000800,7800,2026-08-13T02:04:00Z,IMPS,False,
BANK-TXN-00006917,ACCOUNT-001774,ACCOUNT-000338,60600,2026-08-08T08:03:00Z,NEFT,False,
BANK-TXN-00006918,ACCOUNT-001231,ACCOUNT-001325,4400,2026-06-01T14:47:00Z,UPI,False,
BANK-TXN-00006919,ACCOUNT-001621,ACCOUNT-000405,18400,2026-07-24T00:15:00Z,NEFT,False,
BANK-TXN-00006920,ACCOUNT-001243,ACCOUNT-001251,29700,2026-06-13T22:58:00Z,UPI,False,
BANK-TXN-00006921,ACCOUNT-000794,ACCOUNT-001601,2500,2026-06-18T11:45:00Z,IMPS,False,
BANK-TXN-00006922,ACCOUNT-001928,ACCOUNT-000859,7800,2026-07-15T12:27:00Z,IMPS,False,
BANK-TXN-00006923,ACCOUNT-001326,ACCOUNT-001395,1900,2026-07-12T18:10:00Z,UPI,False,
BANK-TXN-00006924,ACCOUNT-000818,ACCOUNT-000995,40500,2026-07-01T11:36:00Z,UPI,False,
BANK-TXN-00006925,ACCOUNT-001188,ACCOUNT-001345,9600,2026-06-01T08:13:00Z,RTGS,False,
BANK-TXN-00006926,ACCOUNT-000556,ACCOUNT-001783,27000,2026-06-13T13:47:00Z,IMPS,False,
BANK-TXN-00006927,ACCOUNT-000966,ACCOUNT-000643,900,2026-07-17T06:23:00Z,UPI,False,
BANK-TXN-00006928,ACCOUNT-001239,ACCOUNT-000627,8400,2026-07-17T15:59:00Z,IMPS,False,
BANK-TXN-00006929,ACCOUNT-001810,ACCOUNT-001409,97300,2026-07-24T03:47:00Z,IMPS,False,
BANK-TXN-00006930,ACCOUNT-000284,ACCOUNT-000773,13000,2026-06-14T12:24:00Z,UPI,False,
BANK-TXN-00006931,ACCOUNT-000796,ACCOUNT-000793,71800,2026-06-27T15:26:00Z,NEFT,False,
BANK-TXN-00006932,ACCOUNT-001238,ACCOUNT-001195,89200,2026-07-09T10:00:00Z,UPI,False,
BANK-TXN-00006933,ACCOUNT-000869,ACCOUNT-000476,3500,2026-06-17T02:41:00Z,IMPS,False,
BANK-TXN-00006934,ACCOUNT-000663,ACCOUNT-001197,64600,2026-08-24T06:03:00Z,IMPS,False,
BANK-TXN-00006935,ACCOUNT-001407,ACCOUNT-000577,7900,2026-07-22T15:43:00Z,UPI,False,
BANK-TXN-00006936,ACCOUNT-000283,ACCOUNT-000742,8000,2026-07-21T15:14:00Z,IMPS,False,
BANK-TXN-00006937,ACCOUNT-000131,ACCOUNT-000125,8500,2026-06-12T14:31:00Z,UPI,False,
BANK-TXN-00006938,ACCOUNT-001854,ACCOUNT-000113,62500,2026-07-01T14:55:00Z,IMPS,False,
BANK-TXN-00006939,ACCOUNT-001908,ACCOUNT-000518,38900,2026-07-11T05:45:00Z,UPI,False,
BANK-TXN-00006940,ACCOUNT-001145,ACCOUNT-001927,98600,2026-08-25T15:34:00Z,IMPS,False,
BANK-TXN-00006941,ACCOUNT-001412,ACCOUNT-000236,23600,2026-06-03T03:25:00Z,UPI,False,
BANK-TXN-00006942,ACCOUNT-000941,ACCOUNT-000001,8600,2026-06-29T13:54:00Z,IMPS,False,
BANK-TXN-00006943,ACCOUNT-001279,ACCOUNT-000442,49700,2026-06-13T08:40:00Z,NEFT,False,
BANK-TXN-00006944,ACCOUNT-001716,ACCOUNT-001254,45800,2026-06-28T07:41:00Z,UPI,False,
BANK-TXN-00006945,ACCOUNT-001563,ACCOUNT-000982,7600,2026-06-28T20:35:00Z,UPI,False,
BANK-TXN-00006946,ACCOUNT-000901,ACCOUNT-001505,10000,2026-06-22T12:35:00Z,UPI,False,
BANK-TXN-00006947,ACCOUNT-001151,ACCOUNT-000804,5000,2026-08-02T06:53:00Z,NEFT,False,
BANK-TXN-00006948,ACCOUNT-000292,ACCOUNT-001525,76400,2026-07-07T17:17:00Z,UPI,False,
BANK-TXN-00006949,ACCOUNT-000056,ACCOUNT-001250,24500,2026-07-27T12:37:00Z,UPI,False,
BANK-TXN-00006950,ACCOUNT-000063,ACCOUNT-001593,16300,2026-07-19T16:41:00Z,NEFT,False,
BANK-TXN-00006951,ACCOUNT-001154,ACCOUNT-001331,4200,2026-07-16T14:52:00Z,UPI,False,
BANK-TXN-00006952,ACCOUNT-000349,ACCOUNT-000100,4500,2026-06-20T08:06:00Z,UPI,False,
BANK-TXN-00006953,ACCOUNT-001088,ACCOUNT-001262,58300,2026-07-28T03:02:00Z,UPI,False,
BANK-TXN-00006954,ACCOUNT-001879,ACCOUNT-000049,2300,2026-06-03T09:08:00Z,UPI,False,
BANK-TXN-00006955,ACCOUNT-000790,ACCOUNT-000659,38400,2026-08-25T14:38:00Z,UPI,False,
BANK-TXN-00006956,ACCOUNT-000858,ACCOUNT-001227,58600,2026-08-23T21:55:00Z,NEFT,False,
BANK-TXN-00006957,ACCOUNT-000386,ACCOUNT-000184,1800,2026-07-19T17:41:00Z,NEFT,False,
BANK-TXN-00006958,ACCOUNT-000252,ACCOUNT-001901,85300,2026-07-19T08:40:00Z,UPI,False,
BANK-TXN-00006959,ACCOUNT-001642,ACCOUNT-000298,4200,2026-06-30T12:34:00Z,NEFT,False,
BANK-TXN-00006960,ACCOUNT-000984,ACCOUNT-000920,6400,2026-06-16T06:48:00Z,UPI,False,
BANK-TXN-00006961,ACCOUNT-000674,ACCOUNT-000893,600,2026-06-11T14:51:00Z,IMPS,False,
BANK-TXN-00006962,ACCOUNT-000526,ACCOUNT-001632,2700,2026-07-18T12:36:00Z,NEFT,False,
BANK-TXN-00006963,ACCOUNT-001470,ACCOUNT-001370,11300,2026-08-06T03:07:00Z,IMPS,False,
BANK-TXN-00006964,ACCOUNT-000577,ACCOUNT-000134,11600,2026-08-27T16:26:00Z,IMPS,False,
BANK-TXN-00006965,ACCOUNT-001921,ACCOUNT-001799,9000,2026-06-27T03:18:00Z,UPI,False,
BANK-TXN-00006966,ACCOUNT-001693,ACCOUNT-000288,19200,2026-08-01T15:33:00Z,UPI,False,
BANK-TXN-00006967,ACCOUNT-001532,ACCOUNT-000131,1500,2026-08-12T05:09:00Z,IMPS,False,
BANK-TXN-00006968,ACCOUNT-001110,ACCOUNT-000575,31600,2026-07-07T11:49:00Z,UPI,False,
BANK-TXN-00006969,ACCOUNT-000107,ACCOUNT-000156,81600,2026-06-12T01:12:00Z,UPI,False,
BANK-TXN-00006970,ACCOUNT-001045,ACCOUNT-001840,7100,2026-06-12T17:41:00Z,RTGS,False,
BANK-TXN-00006971,ACCOUNT-000696,ACCOUNT-001796,21000,2026-06-08T15:49:00Z,UPI,False,
BANK-TXN-00006972,ACCOUNT-001092,ACCOUNT-001369,3200,2026-07-05T05:19:00Z,IMPS,False,
BANK-TXN-00006973,ACCOUNT-001047,ACCOUNT-000174,21600,2026-07-28T06:28:00Z,IMPS,False,
BANK-TXN-00006974,ACCOUNT-001735,ACCOUNT-000150,3000,2026-07-28T06:44:00Z,IMPS,False,
BANK-TXN-00006975,ACCOUNT-001267,ACCOUNT-000181,2400,2026-06-25T03:40:00Z,IMPS,False,
BANK-TXN-00006976,ACCOUNT-001098,ACCOUNT-001812,18000,2026-08-11T08:57:00Z,IMPS,False,
BANK-TXN-00006977,ACCOUNT-000856,ACCOUNT-001460,40700,2026-07-15T19:57:00Z,UPI,False,
BANK-TXN-00006978,ACCOUNT-001285,ACCOUNT-001321,21600,2026-07-04T18:21:00Z,UPI,False,
BANK-TXN-00006979,ACCOUNT-000901,ACCOUNT-000319,5700,2026-07-17T16:00:00Z,UPI,False,
BANK-TXN-00006980,ACCOUNT-000559,ACCOUNT-000776,90000,2026-07-20T15:12:00Z,UPI,False,
BANK-TXN-00006981,ACCOUNT-001827,ACCOUNT-001708,16500,2026-08-12T10:16:00Z,IMPS,False,
BANK-TXN-00006982,ACCOUNT-000126,ACCOUNT-001197,5600,2026-08-07T06:14:00Z,IMPS,False,
BANK-TXN-00006983,ACCOUNT-001914,ACCOUNT-001895,31200,2026-08-22T01:25:00Z,UPI,False,
BANK-TXN-00006984,ACCOUNT-001745,ACCOUNT-000701,1600,2026-06-02T16:59:00Z,IMPS,False,
BANK-TXN-00006985,ACCOUNT-001299,ACCOUNT-001498,58100,2026-06-09T16:49:00Z,NEFT,False,
BANK-TXN-00006986,ACCOUNT-000292,ACCOUNT-000052,18800,2026-07-17T07:11:00Z,NEFT,False,
BANK-TXN-00006987,ACCOUNT-001485,ACCOUNT-000784,75400,2026-08-10T03:41:00Z,UPI,False,
BANK-TXN-00006988,ACCOUNT-001632,ACCOUNT-000707,8800,2026-07-03T10:46:00Z,UPI,False,
BANK-TXN-00006989,ACCOUNT-001189,ACCOUNT-001583,84900,2026-07-22T16:59:00Z,UPI,False,
BANK-TXN-00006990,ACCOUNT-001105,ACCOUNT-001034,72500,2026-06-24T13:32:00Z,UPI,False,
BANK-TXN-00006991,ACCOUNT-000383,ACCOUNT-001609,67400,2026-06-22T03:00:00Z,UPI,False,
BANK-TXN-00006992,ACCOUNT-001487,ACCOUNT-001780,60100,2026-06-24T15:32:00Z,UPI,False,
BANK-TXN-00006993,ACCOUNT-001749,ACCOUNT-000146,25000,2026-06-18T09:33:00Z,NEFT,False,
BANK-TXN-00006994,ACCOUNT-001394,ACCOUNT-001071,2900,2026-07-22T12:10:00Z,IMPS,False,
BANK-TXN-00006995,ACCOUNT-000700,ACCOUNT-001780,41300,2026-07-06T17:40:00Z,UPI,False,
BANK-TXN-00006996,ACCOUNT-001835,ACCOUNT-000429,72800,2026-08-08T12:26:00Z,UPI,False,
BANK-TXN-00006997,ACCOUNT-000926,ACCOUNT-001685,94500,2026-07-17T21:23:00Z,UPI,False,
BANK-TXN-00006998,ACCOUNT-000271,ACCOUNT-000071,5200,2026-06-27T13:18:00Z,UPI,False,
BANK-TXN-00006999,ACCOUNT-001625,ACCOUNT-001832,32300,2026-06-15T02:04:00Z,UPI,False,
BANK-TXN-00007000,ACCOUNT-000043,ACCOUNT-001296,62800,2026-07-08T05:02:00Z,UPI,False,
BANK-TXN-00007001,ACCOUNT-001014,ACCOUNT-000390,16500,2026-06-11T17:51:00Z,NEFT,False,
BANK-TXN-00007002,ACCOUNT-001596,ACCOUNT-000551,3700,2026-08-27T07:45:00Z,UPI,False,
BANK-TXN-00007003,ACCOUNT-001862,ACCOUNT-001109,800,2026-06-06T08:17:00Z,UPI,False,
BANK-TXN-00007004,ACCOUNT-000119,ACCOUNT-001551,8900,2026-08-03T06:29:00Z,IMPS,False,
BANK-TXN-00007005,ACCOUNT-001330,ACCOUNT-000148,13200,2026-07-09T09:20:00Z,NEFT,False,
BANK-TXN-00007006,ACCOUNT-000170,ACCOUNT-001308,22300,2026-07-09T12:34:00Z,UPI,False,
BANK-TXN-00007007,ACCOUNT-000060,ACCOUNT-001001,7800,2026-06-01T09:38:00Z,UPI,False,
BANK-TXN-00007008,ACCOUNT-CMP-000001,ACCOUNT-000277,5600,2026-05-31T07:26:00Z,RTGS,False,
BANK-TXN-00007009,ACCOUNT-001846,ACCOUNT-001834,4800,2026-08-05T00:00:00Z,UPI,False,
BANK-TXN-00007010,ACCOUNT-001302,ACCOUNT-001774,14000,2026-06-22T16:55:00Z,RTGS,False,
BANK-TXN-00007011,ACCOUNT-001915,ACCOUNT-000096,11700,2026-08-21T04:29:00Z,NEFT,False,
BANK-TXN-00007012,ACCOUNT-000785,ACCOUNT-001795,5200,2026-07-11T07:43:00Z,UPI,False,
BANK-TXN-00007013,ACCOUNT-000050,ACCOUNT-001645,5600,2026-07-22T17:06:00Z,UPI,False,
BANK-TXN-00007014,ACCOUNT-000288,ACCOUNT-000435,46400,2026-08-12T04:41:00Z,IMPS,False,
BANK-TXN-00007015,ACCOUNT-000576,ACCOUNT-000972,26500,2026-08-14T21:57:00Z,UPI,False,
BANK-TXN-00007016,ACCOUNT-001319,ACCOUNT-000486,95300,2026-06-27T02:27:00Z,IMPS,False,
BANK-TXN-00007017,ACCOUNT-000149,ACCOUNT-000524,3000,2026-08-13T10:58:00Z,UPI,False,
BANK-TXN-00007018,ACCOUNT-001246,ACCOUNT-000053,91400,2026-06-25T08:30:00Z,NEFT,False,
BANK-TXN-00007019,ACCOUNT-001092,ACCOUNT-001475,3000,2026-08-23T07:19:00Z,UPI,False,
BANK-TXN-00007020,ACCOUNT-000707,ACCOUNT-001572,43900,2026-07-09T15:20:00Z,UPI,False,
BANK-TXN-00007021,ACCOUNT-001290,ACCOUNT-000759,51000,2026-07-01T06:32:00Z,NEFT,False,
BANK-TXN-00007022,ACCOUNT-001650,ACCOUNT-001499,25000,2026-07-31T12:31:00Z,IMPS,False,
BANK-TXN-00007023,ACCOUNT-001887,ACCOUNT-000573,3800,2026-06-27T02:55:00Z,IMPS,False,
BANK-TXN-00007024,ACCOUNT-001467,ACCOUNT-001268,38500,2026-06-15T04:47:00Z,UPI,False,
BANK-TXN-00007025,ACCOUNT-001467,ACCOUNT-001748,3500,2026-07-08T14:47:00Z,UPI,False,
BANK-TXN-00007026,ACCOUNT-000647,ACCOUNT-001720,5100,2026-08-01T16:04:00Z,UPI,False,
BANK-TXN-00007027,ACCOUNT-001675,ACCOUNT-001116,100,2026-08-06T22:31:00Z,UPI,False,
BANK-TXN-00007028,ACCOUNT-000805,ACCOUNT-001576,33800,2026-06-30T13:44:00Z,UPI,False,
BANK-TXN-00007029,ACCOUNT-001452,ACCOUNT-001589,2800,2026-06-11T12:42:00Z,UPI,False,
BANK-TXN-00007030,ACCOUNT-000286,ACCOUNT-000700,9000,2026-08-18T18:06:00Z,UPI,False,
BANK-TXN-00007031,ACCOUNT-000395,ACCOUNT-001726,45500,2026-07-15T11:55:00Z,RTGS,False,
BANK-TXN-00007032,ACCOUNT-000796,ACCOUNT-000462,89200,2026-06-02T15:59:00Z,NEFT,False,
BANK-TXN-00007033,ACCOUNT-001604,ACCOUNT-001938,3500,2026-07-26T10:07:00Z,NEFT,False,
BANK-TXN-00007034,ACCOUNT-001056,ACCOUNT-001462,1100,2026-07-05T03:55:00Z,IMPS,False,
BANK-TXN-00007035,ACCOUNT-001029,ACCOUNT-000043,5300,2026-07-21T14:04:00Z,UPI,False,
BANK-TXN-00007036,ACCOUNT-000653,ACCOUNT-001396,700,2026-06-30T02:52:00Z,UPI,False,
BANK-TXN-00007037,ACCOUNT-000220,ACCOUNT-001439,77100,2026-07-08T11:00:00Z,NEFT,False,
BANK-TXN-00007038,ACCOUNT-001743,ACCOUNT-001351,49900,2026-07-01T00:03:00Z,UPI,False,
BANK-TXN-00007039,ACCOUNT-000753,ACCOUNT-000264,37300,2026-08-18T14:01:00Z,UPI,False,
BANK-TXN-00007040,ACCOUNT-001339,ACCOUNT-000925,2600,2026-08-14T20:32:00Z,UPI,False,
BANK-TXN-00007041,ACCOUNT-001078,ACCOUNT-001321,12500,2026-07-04T15:13:00Z,UPI,False,
BANK-TXN-00007042,ACCOUNT-001816,ACCOUNT-000482,20900,2026-07-15T03:07:00Z,UPI,False,
BANK-TXN-00007043,ACCOUNT-000688,ACCOUNT-000393,14400,2026-06-08T11:49:00Z,UPI,False,
BANK-TXN-00007044,ACCOUNT-000910,ACCOUNT-001896,82700,2026-07-11T10:07:00Z,IMPS,False,
BANK-TXN-00007045,ACCOUNT-001470,ACCOUNT-000988,12200,2026-07-31T07:24:00Z,UPI,False,
BANK-TXN-00007046,ACCOUNT-001845,ACCOUNT-000791,9200,2026-08-24T16:50:00Z,UPI,False,
BANK-TXN-00007047,ACCOUNT-001698,ACCOUNT-000062,4000,2026-08-16T15:14:00Z,UPI,False,
BANK-TXN-00007048,ACCOUNT-001324,ACCOUNT-000127,2300,2026-06-03T12:19:00Z,IMPS,False,
BANK-TXN-00007049,ACCOUNT-001573,ACCOUNT-000200,5900,2026-06-10T09:36:00Z,UPI,False,
BANK-TXN-00007050,ACCOUNT-001333,ACCOUNT-000629,20700,2026-06-27T02:51:00Z,UPI,False,
BANK-TXN-00007051,ACCOUNT-000188,ACCOUNT-000741,15800,2026-06-08T01:22:00Z,UPI,False,
BANK-TXN-00007052,ACCOUNT-001593,ACCOUNT-001035,84900,2026-07-22T19:52:00Z,RTGS,False,
BANK-TXN-00007053,ACCOUNT-001847,ACCOUNT-001586,54400,2026-08-26T12:25:00Z,UPI,False,
BANK-TXN-00007054,ACCOUNT-001425,ACCOUNT-001494,5100,2026-07-07T12:18:00Z,RTGS,False,
BANK-TXN-00007055,ACCOUNT-001180,ACCOUNT-001096,61000,2026-08-21T13:55:00Z,UPI,False,
BANK-TXN-00007056,ACCOUNT-000410,ACCOUNT-000562,21100,2026-06-17T16:45:00Z,UPI,False,
BANK-TXN-00007057,ACCOUNT-001419,ACCOUNT-001911,6800,2026-06-23T11:21:00Z,UPI,False,
BANK-TXN-00007058,ACCOUNT-000604,ACCOUNT-001848,36800,2026-05-31T15:15:00Z,UPI,False,
BANK-TXN-00007059,ACCOUNT-000194,ACCOUNT-001640,5100,2026-06-21T11:42:00Z,IMPS,False,
BANK-TXN-00007060,ACCOUNT-000586,ACCOUNT-001024,5800,2026-07-21T17:20:00Z,UPI,False,
BANK-TXN-00007061,ACCOUNT-000484,ACCOUNT-001494,86800,2026-07-21T10:59:00Z,NEFT,False,
BANK-TXN-00007062,ACCOUNT-000353,ACCOUNT-001196,8500,2026-07-17T18:17:00Z,IMPS,False,
BANK-TXN-00007063,ACCOUNT-000083,ACCOUNT-001140,7400,2026-07-20T13:27:00Z,UPI,False,
BANK-TXN-00007064,ACCOUNT-000977,ACCOUNT-001856,7100,2026-08-02T16:05:00Z,UPI,False,
BANK-TXN-00007065,ACCOUNT-000268,ACCOUNT-001373,30700,2026-06-18T02:35:00Z,UPI,False,
BANK-TXN-00007066,ACCOUNT-000525,ACCOUNT-001634,16600,2026-08-15T08:05:00Z,NEFT,False,
BANK-TXN-00007067,ACCOUNT-000958,ACCOUNT-000872,6900,2026-07-16T07:06:00Z,UPI,False,
BANK-TXN-00007068,ACCOUNT-001252,ACCOUNT-000822,2700,2026-06-23T05:12:00Z,IMPS,False,
BANK-TXN-00007069,ACCOUNT-000137,ACCOUNT-000977,7300,2026-07-12T20:54:00Z,IMPS,False,
BANK-TXN-00007070,ACCOUNT-000295,ACCOUNT-001289,25700,2026-06-19T14:44:00Z,IMPS,False,
BANK-TXN-00007071,ACCOUNT-001709,ACCOUNT-000670,31600,2026-08-28T08:38:00Z,IMPS,False,
BANK-TXN-00007072,ACCOUNT-001453,ACCOUNT-001079,23600,2026-08-23T11:34:00Z,UPI,False,
BANK-TXN-00007073,ACCOUNT-000611,ACCOUNT-000236,1200,2026-07-31T10:45:00Z,UPI,False,
BANK-TXN-00007074,ACCOUNT-000096,ACCOUNT-001015,17300,2026-06-21T06:48:00Z,UPI,False,
BANK-TXN-00007075,ACCOUNT-001305,ACCOUNT-001879,6800,2026-08-12T02:37:00Z,NEFT,False,
BANK-TXN-00007076,ACCOUNT-001646,ACCOUNT-001551,4300,2026-06-20T10:36:00Z,UPI,False,
BANK-TXN-00007077,ACCOUNT-000747,ACCOUNT-001653,42900,2026-07-28T14:29:00Z,NEFT,False,
BANK-TXN-00007078,ACCOUNT-000638,ACCOUNT-000835,4200,2026-08-15T05:54:00Z,IMPS,False,
BANK-TXN-00007079,ACCOUNT-001344,ACCOUNT-000224,47100,2026-08-24T08:42:00Z,UPI,False,
BANK-TXN-00007080,ACCOUNT-001313,ACCOUNT-001353,8600,2026-06-02T03:20:00Z,UPI,False,
BANK-TXN-00007081,ACCOUNT-001336,ACCOUNT-000482,95800,2026-07-19T10:42:00Z,IMPS,False,
BANK-TXN-00007082,ACCOUNT-001381,ACCOUNT-000203,7800,2026-08-11T11:56:00Z,RTGS,False,
BANK-TXN-00007083,ACCOUNT-001429,ACCOUNT-000216,14900,2026-07-18T13:28:00Z,NEFT,False,
BANK-TXN-00007084,ACCOUNT-001233,ACCOUNT-000010,16900,2026-06-14T18:32:00Z,UPI,False,
BANK-TXN-00007085,ACCOUNT-001864,ACCOUNT-001933,4300,2026-07-27T23:27:00Z,UPI,False,
BANK-TXN-00007086,ACCOUNT-001625,ACCOUNT-001643,8600,2026-06-21T09:50:00Z,IMPS,False,
BANK-TXN-00007087,ACCOUNT-001766,ACCOUNT-000825,89100,2026-07-26T05:22:00Z,UPI,False,
BANK-TXN-00007088,ACCOUNT-001139,ACCOUNT-001534,62500,2026-07-22T22:16:00Z,UPI,False,
BANK-TXN-00007089,ACCOUNT-000516,ACCOUNT-000660,24200,2026-08-12T05:20:00Z,UPI,False,
BANK-TXN-00007090,ACCOUNT-000266,ACCOUNT-001075,94900,2026-08-27T02:45:00Z,UPI,False,
BANK-TXN-00007091,ACCOUNT-000860,ACCOUNT-000366,50400,2026-07-07T22:00:00Z,UPI,False,
BANK-TXN-00007092,ACCOUNT-001114,ACCOUNT-000053,89300,2026-06-04T03:05:00Z,IMPS,False,
BANK-TXN-00007093,ACCOUNT-000028,ACCOUNT-000015,14900,2026-05-31T16:00:00Z,UPI,False,
BANK-TXN-00007094,ACCOUNT-000315,ACCOUNT-001119,41100,2026-07-09T04:13:00Z,UPI,False,
BANK-TXN-00007095,ACCOUNT-001484,ACCOUNT-001343,5000,2026-06-09T17:02:00Z,UPI,False,
BANK-TXN-00007096,ACCOUNT-000126,ACCOUNT-001759,39600,2026-06-20T20:12:00Z,IMPS,False,
BANK-TXN-00007097,ACCOUNT-001925,ACCOUNT-000341,34600,2026-08-02T03:23:00Z,NEFT,False,
BANK-TXN-00007098,ACCOUNT-000802,ACCOUNT-000343,11700,2026-08-14T13:56:00Z,RTGS,False,
BANK-TXN-00007099,ACCOUNT-001150,ACCOUNT-000122,7900,2026-07-02T23:11:00Z,IMPS,False,
BANK-TXN-00007100,ACCOUNT-001270,ACCOUNT-001359,65700,2026-08-07T04:16:00Z,NEFT,False,
BANK-TXN-00007101,ACCOUNT-001910,ACCOUNT-000317,23700,2026-06-05T10:47:00Z,IMPS,False,
BANK-TXN-00007102,ACCOUNT-000487,ACCOUNT-000628,30100,2026-06-15T17:04:00Z,IMPS,False,
BANK-TXN-00007103,ACCOUNT-001580,ACCOUNT-001835,18200,2026-06-08T05:29:00Z,UPI,False,
BANK-TXN-00007104,ACCOUNT-000182,ACCOUNT-000109,6500,2026-06-11T17:11:00Z,UPI,False,
BANK-TXN-00007105,ACCOUNT-001740,ACCOUNT-001075,8200,2026-06-25T13:06:00Z,IMPS,False,
BANK-TXN-00007106,ACCOUNT-000538,ACCOUNT-000820,54900,2026-06-06T16:27:00Z,NEFT,False,
BANK-TXN-00007107,ACCOUNT-000168,ACCOUNT-001358,74900,2026-06-13T22:40:00Z,UPI,False,
BANK-TXN-00007108,ACCOUNT-000038,ACCOUNT-001430,1800,2026-06-08T17:34:00Z,IMPS,False,
BANK-TXN-00007109,ACCOUNT-001232,ACCOUNT-001371,65200,2026-08-21T01:04:00Z,UPI,False,
BANK-TXN-00007110,ACCOUNT-000959,ACCOUNT-001160,1200,2026-07-18T08:50:00Z,UPI,False,
BANK-TXN-00007111,ACCOUNT-001599,ACCOUNT-001877,1800,2026-06-24T09:14:00Z,UPI,False,
BANK-TXN-00007112,ACCOUNT-000540,ACCOUNT-001889,98700,2026-06-20T19:56:00Z,IMPS,False,
BANK-TXN-00007113,ACCOUNT-000248,ACCOUNT-000970,23200,2026-06-09T17:43:00Z,UPI,False,
BANK-TXN-00007114,ACCOUNT-001513,ACCOUNT-000991,3700,2026-07-25T09:58:00Z,NEFT,False,
BANK-TXN-00007115,ACCOUNT-000862,ACCOUNT-000377,33800,2026-06-19T02:27:00Z,IMPS,False,
BANK-TXN-00007116,ACCOUNT-001721,ACCOUNT-000046,3600,2026-06-26T08:59:00Z,IMPS,False,
BANK-TXN-00007117,ACCOUNT-000047,ACCOUNT-000729,96200,2026-07-01T05:55:00Z,UPI,False,
BANK-TXN-00007118,ACCOUNT-001770,ACCOUNT-000431,33200,2026-06-05T08:40:00Z,IMPS,False,
BANK-TXN-00007119,ACCOUNT-001347,ACCOUNT-001859,20700,2026-06-11T17:38:00Z,UPI,False,
BANK-TXN-00007120,ACCOUNT-001439,ACCOUNT-001409,87300,2026-06-19T15:08:00Z,UPI,False,
BANK-TXN-00007121,ACCOUNT-000213,ACCOUNT-000696,9900,2026-06-01T08:53:00Z,UPI,False,
BANK-TXN-00007122,ACCOUNT-001756,ACCOUNT-000313,83000,2026-07-25T07:42:00Z,RTGS,False,
BANK-TXN-00007123,ACCOUNT-000585,ACCOUNT-001608,7200,2026-06-28T09:00:00Z,UPI,False,
BANK-TXN-00007124,ACCOUNT-001419,ACCOUNT-000082,6900,2026-07-09T03:32:00Z,IMPS,False,
BANK-TXN-00007125,ACCOUNT-001600,ACCOUNT-000871,42600,2026-08-22T09:37:00Z,UPI,False,
BANK-TXN-00007126,ACCOUNT-000327,ACCOUNT-001716,21700,2026-07-23T10:29:00Z,UPI,False,
BANK-TXN-00007127,ACCOUNT-001839,ACCOUNT-000112,28300,2026-06-02T10:39:00Z,IMPS,False,
BANK-TXN-00007128,ACCOUNT-001236,ACCOUNT-000061,300,2026-06-10T18:10:00Z,IMPS,False,
BANK-TXN-00007129,ACCOUNT-001699,ACCOUNT-000856,12000,2026-07-28T15:31:00Z,UPI,False,
BANK-TXN-00007130,ACCOUNT-001680,ACCOUNT-000541,6200,2026-08-11T21:51:00Z,UPI,False,
BANK-TXN-00007131,ACCOUNT-001600,ACCOUNT-001778,31300,2026-06-17T11:38:00Z,UPI,False,
BANK-TXN-00007132,ACCOUNT-001592,ACCOUNT-001692,8200,2026-07-04T00:11:00Z,NEFT,False,
BANK-TXN-00007133,ACCOUNT-000775,ACCOUNT-000705,13500,2026-07-02T13:38:00Z,UPI,False,
BANK-TXN-00007134,ACCOUNT-000848,ACCOUNT-001142,68400,2026-07-18T02:04:00Z,UPI,False,
BANK-TXN-00007135,ACCOUNT-000873,ACCOUNT-001561,38400,2026-07-10T15:28:00Z,UPI,False,
BANK-TXN-00007136,ACCOUNT-000821,ACCOUNT-000635,400,2026-06-24T11:46:00Z,UPI,False,
BANK-TXN-00007137,ACCOUNT-000704,ACCOUNT-000722,16300,2026-07-26T12:44:00Z,UPI,False,
BANK-TXN-00007138,ACCOUNT-000911,ACCOUNT-001274,23000,2026-06-24T13:23:00Z,UPI,False,
BANK-TXN-00007139,ACCOUNT-000933,ACCOUNT-000013,19500,2026-07-23T05:16:00Z,UPI,False,
BANK-TXN-00007140,ACCOUNT-001365,ACCOUNT-001527,26000,2026-07-10T16:48:00Z,UPI,False,
BANK-TXN-00007141,ACCOUNT-001863,ACCOUNT-000686,55300,2026-06-06T18:56:00Z,IMPS,False,
BANK-TXN-00007142,ACCOUNT-001328,ACCOUNT-000248,18900,2026-08-03T10:32:00Z,UPI,False,
BANK-TXN-00007143,ACCOUNT-000573,ACCOUNT-000335,6500,2026-08-06T09:54:00Z,NEFT,False,
BANK-TXN-00007144,ACCOUNT-001327,ACCOUNT-000311,73500,2026-07-23T19:18:00Z,NEFT,False,
BANK-TXN-00007145,ACCOUNT-001824,ACCOUNT-000947,4600,2026-08-17T20:00:00Z,IMPS,False,
BANK-TXN-00007146,ACCOUNT-000905,ACCOUNT-001428,7400,2026-07-01T14:08:00Z,UPI,False,
BANK-TXN-00007147,ACCOUNT-000541,ACCOUNT-001118,76600,2026-06-10T01:05:00Z,UPI,False,
BANK-TXN-00007148,ACCOUNT-000318,ACCOUNT-000899,39600,2026-08-16T00:46:00Z,IMPS,False,
BANK-TXN-00007149,ACCOUNT-000964,ACCOUNT-000518,22200,2026-06-12T16:20:00Z,UPI,False,
BANK-TXN-00007150,ACCOUNT-001943,ACCOUNT-001059,71300,2026-06-21T09:15:00Z,UPI,False,
BANK-TXN-00007151,ACCOUNT-001295,ACCOUNT-001511,45600,2026-08-17T07:27:00Z,UPI,False,
BANK-TXN-00007152,ACCOUNT-000629,ACCOUNT-001490,64900,2026-07-19T10:57:00Z,UPI,False,
BANK-TXN-00007153,ACCOUNT-001617,ACCOUNT-001267,4500,2026-07-06T08:50:00Z,UPI,False,
BANK-TXN-00007154,ACCOUNT-001156,ACCOUNT-001508,14900,2026-08-24T08:59:00Z,IMPS,False,
BANK-TXN-00007155,ACCOUNT-000275,ACCOUNT-000860,32600,2026-08-26T13:16:00Z,UPI,False,
BANK-TXN-00007156,ACCOUNT-001857,ACCOUNT-001287,19400,2026-06-21T06:41:00Z,UPI,False,
BANK-TXN-00007157,ACCOUNT-001931,ACCOUNT-000905,94500,2026-07-05T09:37:00Z,NEFT,False,
BANK-TXN-00007158,ACCOUNT-001312,ACCOUNT-000350,3200,2026-07-06T10:46:00Z,UPI,False,
BANK-TXN-00007159,ACCOUNT-000924,ACCOUNT-001776,7200,2026-08-02T18:27:00Z,IMPS,False,
BANK-TXN-00007160,ACCOUNT-000629,ACCOUNT-000224,18300,2026-08-07T06:12:00Z,IMPS,False,
BANK-TXN-00007161,ACCOUNT-000354,ACCOUNT-000414,52800,2026-08-06T05:16:00Z,RTGS,False,
BANK-TXN-00007162,ACCOUNT-000371,ACCOUNT-000592,700,2026-07-15T14:29:00Z,IMPS,False,
BANK-TXN-00007163,ACCOUNT-000367,ACCOUNT-001661,7100,2026-05-31T11:11:00Z,UPI,False,
BANK-TXN-00007164,ACCOUNT-001605,ACCOUNT-000580,30100,2026-06-13T17:08:00Z,UPI,False,
BANK-TXN-00007165,ACCOUNT-001436,ACCOUNT-000113,10800,2026-08-09T16:31:00Z,UPI,False,
BANK-TXN-00007166,ACCOUNT-001523,ACCOUNT-000153,34900,2026-08-23T02:00:00Z,UPI,False,
BANK-TXN-00007167,ACCOUNT-000608,ACCOUNT-000561,25000,2026-08-02T16:17:00Z,UPI,False,
BANK-TXN-00007168,ACCOUNT-001816,ACCOUNT-001531,9600,2026-07-11T01:47:00Z,UPI,False,
BANK-TXN-00007169,ACCOUNT-000569,ACCOUNT-000152,83900,2026-07-08T08:23:00Z,NEFT,False,
BANK-TXN-00007170,ACCOUNT-000078,ACCOUNT-001663,12200,2026-08-07T14:54:00Z,UPI,False,
BANK-TXN-00007171,ACCOUNT-001311,ACCOUNT-001490,3100,2026-07-30T01:06:00Z,UPI,False,
BANK-TXN-00007172,ACCOUNT-000406,ACCOUNT-001370,1700,2026-07-11T02:37:00Z,IMPS,False,
BANK-TXN-00007173,ACCOUNT-001627,ACCOUNT-001350,26300,2026-07-20T10:50:00Z,IMPS,False,
BANK-TXN-00007174,ACCOUNT-001539,ACCOUNT-000291,28900,2026-07-28T14:19:00Z,NEFT,False,
BANK-TXN-00007175,ACCOUNT-000526,ACCOUNT-000073,16000,2026-07-19T02:01:00Z,UPI,False,
BANK-TXN-00007176,ACCOUNT-000831,ACCOUNT-001833,50800,2026-08-19T01:46:00Z,UPI,False,
BANK-TXN-00007177,ACCOUNT-000749,ACCOUNT-001344,34300,2026-06-22T02:52:00Z,NEFT,False,
BANK-TXN-00007178,ACCOUNT-000339,ACCOUNT-000403,4900,2026-07-25T21:29:00Z,UPI,False,
BANK-TXN-00007179,ACCOUNT-001152,ACCOUNT-001628,19100,2026-06-04T16:39:00Z,UPI,False,
BANK-TXN-00007180,ACCOUNT-001043,ACCOUNT-000760,8500,2026-06-14T10:27:00Z,UPI,False,
BANK-TXN-00007181,ACCOUNT-000430,ACCOUNT-001255,90400,2026-06-17T06:41:00Z,UPI,False,
BANK-TXN-00007182,ACCOUNT-001148,ACCOUNT-000087,22500,2026-08-23T03:15:00Z,IMPS,False,
BANK-TXN-00007183,ACCOUNT-000428,ACCOUNT-001691,40900,2026-08-03T03:00:00Z,RTGS,False,
BANK-TXN-00007184,ACCOUNT-000258,ACCOUNT-000832,10200,2026-06-09T13:24:00Z,UPI,False,
BANK-TXN-00007185,ACCOUNT-000934,ACCOUNT-001812,10300,2026-07-12T22:31:00Z,UPI,False,
BANK-TXN-00007186,ACCOUNT-001392,ACCOUNT-001718,80400,2026-07-09T13:40:00Z,IMPS,False,
BANK-TXN-00007187,ACCOUNT-001299,ACCOUNT-001532,97700,2026-08-24T08:40:00Z,UPI,False,
BANK-TXN-00007188,ACCOUNT-001210,ACCOUNT-001018,14600,2026-08-11T17:50:00Z,UPI,False,
BANK-TXN-00007189,ACCOUNT-000492,ACCOUNT-000038,3700,2026-08-21T12:16:00Z,UPI,False,
BANK-TXN-00007190,ACCOUNT-000077,ACCOUNT-001693,4800,2026-07-05T04:30:00Z,NEFT,False,
BANK-TXN-00007191,ACCOUNT-000782,ACCOUNT-001555,2000,2026-07-29T13:55:00Z,RTGS,False,
BANK-TXN-00007192,ACCOUNT-000302,ACCOUNT-001707,70300,2026-08-22T01:51:00Z,UPI,False,
BANK-TXN-00007193,ACCOUNT-001671,ACCOUNT-000296,1800,2026-08-01T17:34:00Z,UPI,False,
BANK-TXN-00007194,ACCOUNT-001580,ACCOUNT-000270,13400,2026-06-08T14:39:00Z,UPI,False,
BANK-TXN-00007195,ACCOUNT-001512,ACCOUNT-001218,1000,2026-08-09T16:45:00Z,UPI,False,
BANK-TXN-00007196,ACCOUNT-000270,ACCOUNT-001586,1300,2026-05-31T21:59:00Z,UPI,False,
BANK-TXN-00007197,ACCOUNT-001079,ACCOUNT-001922,6600,2026-06-12T16:18:00Z,IMPS,False,
BANK-TXN-00007198,ACCOUNT-000682,ACCOUNT-000126,54900,2026-06-07T09:29:00Z,IMPS,False,
BANK-TXN-00007199,ACCOUNT-000478,ACCOUNT-000688,19700,2026-07-30T06:22:00Z,UPI,False,
BANK-TXN-00007200,ACCOUNT-001928,ACCOUNT-000993,64000,2026-07-07T16:43:00Z,UPI,False,
BANK-TXN-00007201,ACCOUNT-001000,ACCOUNT-001639,88500,2026-07-11T14:03:00Z,RTGS,False,
BANK-TXN-00007202,ACCOUNT-001763,ACCOUNT-001221,15500,2026-07-01T11:01:00Z,UPI,False,
BANK-TXN-00007203,ACCOUNT-001854,ACCOUNT-000564,26000,2026-08-28T11:00:00Z,IMPS,False,
BANK-TXN-00007204,ACCOUNT-000804,ACCOUNT-000504,49200,2026-07-29T13:52:00Z,UPI,False,
BANK-TXN-00007205,ACCOUNT-000250,ACCOUNT-001478,7600,2026-07-17T12:07:00Z,UPI,False,
BANK-TXN-00007206,ACCOUNT-001528,ACCOUNT-001910,6800,2026-08-03T12:23:00Z,UPI,False,
BANK-TXN-00007207,ACCOUNT-001226,ACCOUNT-001370,47100,2026-06-20T09:15:00Z,UPI,False,
BANK-TXN-00007208,ACCOUNT-001114,ACCOUNT-001488,57900,2026-08-05T07:48:00Z,UPI,False,
BANK-TXN-00007209,ACCOUNT-000886,ACCOUNT-000341,8300,2026-06-13T17:49:00Z,NEFT,False,
BANK-TXN-00007210,ACCOUNT-000404,ACCOUNT-001070,14500,2026-08-18T16:01:00Z,IMPS,False,
BANK-TXN-00007211,ACCOUNT-000446,ACCOUNT-000692,8100,2026-06-13T00:36:00Z,IMPS,False,
BANK-TXN-00007212,ACCOUNT-001580,ACCOUNT-001190,4700,2026-07-22T02:08:00Z,IMPS,False,
BANK-TXN-00007213,ACCOUNT-000570,ACCOUNT-000613,6100,2026-08-19T16:39:00Z,IMPS,False,
BANK-TXN-00007214,ACCOUNT-000318,ACCOUNT-000516,3400,2026-07-12T13:17:00Z,IMPS,False,
BANK-TXN-00007215,ACCOUNT-001322,ACCOUNT-001162,10800,2026-07-31T09:46:00Z,UPI,False,
BANK-TXN-00007216,ACCOUNT-001862,ACCOUNT-000321,6200,2026-06-01T01:16:00Z,IMPS,False,
BANK-TXN-00007217,ACCOUNT-000941,ACCOUNT-000571,24100,2026-08-14T13:48:00Z,NEFT,False,
BANK-TXN-00007218,ACCOUNT-001490,ACCOUNT-001813,38000,2026-07-30T16:27:00Z,IMPS,False,
BANK-TXN-00007219,ACCOUNT-001193,ACCOUNT-000748,51100,2026-06-10T19:03:00Z,UPI,False,
BANK-TXN-00007220,ACCOUNT-001562,ACCOUNT-000067,24300,2026-06-15T08:43:00Z,UPI,False,
BANK-TXN-00007221,ACCOUNT-001169,ACCOUNT-000708,22200,2026-08-21T11:49:00Z,UPI,False,
BANK-TXN-00007222,ACCOUNT-000373,ACCOUNT-001518,3100,2026-05-31T08:00:00Z,UPI,False,
BANK-TXN-00007223,ACCOUNT-000863,ACCOUNT-001790,22800,2026-08-20T10:22:00Z,NEFT,False,
BANK-TXN-00007224,ACCOUNT-000807,ACCOUNT-001396,14300,2026-07-01T14:14:00Z,IMPS,False,
BANK-TXN-00007225,ACCOUNT-000201,ACCOUNT-000551,47200,2026-06-19T15:37:00Z,UPI,False,
BANK-TXN-00007226,ACCOUNT-001139,ACCOUNT-001307,7900,2026-07-11T09:18:00Z,NEFT,False,
BANK-TXN-00007227,ACCOUNT-001771,ACCOUNT-001916,13300,2026-06-05T23:49:00Z,IMPS,False,
BANK-TXN-00007228,ACCOUNT-000756,ACCOUNT-001645,800,2026-06-08T08:44:00Z,IMPS,False,
BANK-TXN-00007229,ACCOUNT-000128,ACCOUNT-001828,9100,2026-07-12T13:34:00Z,UPI,False,
BANK-TXN-00007230,ACCOUNT-000147,ACCOUNT-000293,47900,2026-07-05T08:32:00Z,IMPS,False,
BANK-TXN-00007231,ACCOUNT-000054,ACCOUNT-001610,11200,2026-06-07T02:08:00Z,IMPS,False,
BANK-TXN-00007232,ACCOUNT-001165,ACCOUNT-000824,7700,2026-07-21T11:45:00Z,NEFT,False,
BANK-TXN-00007233,ACCOUNT-000350,ACCOUNT-001724,9500,2026-07-23T04:40:00Z,UPI,False,
BANK-TXN-00007234,ACCOUNT-000881,ACCOUNT-000656,5800,2026-07-25T04:14:00Z,RTGS,False,
BANK-TXN-00007235,ACCOUNT-001299,ACCOUNT-000138,4500,2026-07-22T00:41:00Z,IMPS,False,
BANK-TXN-00007236,ACCOUNT-001833,ACCOUNT-001723,9500,2026-08-02T11:38:00Z,UPI,False,
BANK-TXN-00007237,ACCOUNT-001628,ACCOUNT-000246,38600,2026-08-23T09:39:00Z,UPI,False,
BANK-TXN-00007238,ACCOUNT-001865,ACCOUNT-000062,16100,2026-06-10T02:13:00Z,IMPS,False,
BANK-TXN-00007239,ACCOUNT-001942,ACCOUNT-000160,9700,2026-08-05T17:37:00Z,NEFT,False,
BANK-TXN-00007240,ACCOUNT-000823,ACCOUNT-000565,73700,2026-06-14T12:32:00Z,UPI,False,
BANK-TXN-00007241,ACCOUNT-000898,ACCOUNT-001333,14100,2026-06-09T08:42:00Z,UPI,False,
BANK-TXN-00007242,ACCOUNT-001285,ACCOUNT-001918,3000,2026-07-30T22:18:00Z,UPI,False,
BANK-TXN-00007243,ACCOUNT-001505,ACCOUNT-000082,6800,2026-08-20T07:54:00Z,RTGS,False,
BANK-TXN-00007244,ACCOUNT-000594,ACCOUNT-001073,13200,2026-08-27T13:22:00Z,UPI,False,
BANK-TXN-00007245,ACCOUNT-001514,ACCOUNT-001043,200,2026-06-28T14:23:00Z,UPI,False,
BANK-TXN-00007246,ACCOUNT-001197,ACCOUNT-000143,2900,2026-08-22T08:11:00Z,UPI,False,
BANK-TXN-00007247,ACCOUNT-000394,ACCOUNT-001409,24500,2026-08-19T07:09:00Z,UPI,False,
BANK-TXN-00007248,ACCOUNT-000064,ACCOUNT-000581,32400,2026-06-17T09:59:00Z,UPI,False,
BANK-TXN-00007249,ACCOUNT-000543,ACCOUNT-000176,4300,2026-08-12T20:31:00Z,NEFT,False,
BANK-TXN-00007250,ACCOUNT-001403,ACCOUNT-000424,10200,2026-08-19T22:38:00Z,UPI,False,
BANK-TXN-00007251,ACCOUNT-000747,ACCOUNT-001491,10900,2026-06-23T10:25:00Z,UPI,False,
BANK-TXN-00007252,ACCOUNT-000032,ACCOUNT-001579,12900,2026-07-04T12:09:00Z,UPI,False,
BANK-TXN-00007253,ACCOUNT-000543,ACCOUNT-001070,20300,2026-07-30T13:56:00Z,UPI,False,
BANK-TXN-00007254,ACCOUNT-000720,ACCOUNT-000247,37100,2026-07-25T07:01:00Z,UPI,False,
BANK-TXN-00007255,ACCOUNT-000320,ACCOUNT-000134,27900,2026-07-16T06:26:00Z,UPI,False,
BANK-TXN-00007256,ACCOUNT-000686,ACCOUNT-000251,29400,2026-08-13T19:15:00Z,NEFT,False,
BANK-TXN-00007257,ACCOUNT-000965,ACCOUNT-001733,14900,2026-08-16T15:12:00Z,UPI,False,
BANK-TXN-00007258,ACCOUNT-000074,ACCOUNT-000805,10200,2026-08-15T08:34:00Z,IMPS,False,
BANK-TXN-00007259,ACCOUNT-001429,ACCOUNT-001789,15500,2026-06-26T16:40:00Z,UPI,False,
BANK-TXN-00007260,ACCOUNT-001432,ACCOUNT-000074,1200,2026-06-26T16:03:00Z,UPI,False,
BANK-TXN-00007261,ACCOUNT-000899,ACCOUNT-000298,18200,2026-07-18T07:26:00Z,NEFT,False,
BANK-TXN-00007262,ACCOUNT-001532,ACCOUNT-000363,72300,2026-07-21T02:25:00Z,IMPS,False,
BANK-TXN-00007263,ACCOUNT-000071,ACCOUNT-001515,7000,2026-06-11T12:23:00Z,IMPS,False,
BANK-TXN-00007264,ACCOUNT-000472,ACCOUNT-001665,3800,2026-07-29T12:54:00Z,IMPS,False,
BANK-TXN-00007265,ACCOUNT-001256,ACCOUNT-001178,55000,2026-07-29T06:07:00Z,NEFT,False,
BANK-TXN-00007266,ACCOUNT-001445,ACCOUNT-001715,81200,2026-07-25T06:59:00Z,IMPS,False,
BANK-TXN-00007267,ACCOUNT-000235,ACCOUNT-000338,3800,2026-06-10T12:15:00Z,UPI,False,
BANK-TXN-00007268,ACCOUNT-001436,ACCOUNT-001732,46900,2026-06-07T16:27:00Z,NEFT,False,
BANK-TXN-00007269,ACCOUNT-001502,ACCOUNT-000158,13800,2026-07-17T07:05:00Z,NEFT,False,
BANK-TXN-00007270,ACCOUNT-000543,ACCOUNT-001303,1000,2026-08-04T14:39:00Z,UPI,False,
BANK-TXN-00007271,ACCOUNT-000534,ACCOUNT-001321,41000,2026-08-06T11:26:00Z,IMPS,False,
BANK-TXN-00007272,ACCOUNT-000807,ACCOUNT-001721,600,2026-07-04T03:25:00Z,UPI,False,
BANK-TXN-00007273,ACCOUNT-000144,ACCOUNT-001951,9400,2026-08-07T10:14:00Z,NEFT,False,
BANK-TXN-00007274,ACCOUNT-000304,ACCOUNT-001678,37600,2026-07-25T16:13:00Z,UPI,False,
BANK-TXN-00007275,ACCOUNT-001265,ACCOUNT-001059,37900,2026-07-30T08:31:00Z,UPI,False,
BANK-TXN-00007276,ACCOUNT-001011,ACCOUNT-000007,11300,2026-06-24T07:52:00Z,UPI,False,
BANK-TXN-00007277,ACCOUNT-001623,ACCOUNT-000457,6200,2026-06-08T13:15:00Z,IMPS,False,
BANK-TXN-00007278,ACCOUNT-000199,ACCOUNT-000728,59200,2026-07-01T09:57:00Z,IMPS,False,
BANK-TXN-00007279,ACCOUNT-001621,ACCOUNT-000886,41400,2026-07-10T19:15:00Z,UPI,False,
BANK-TXN-00007280,ACCOUNT-000169,ACCOUNT-000914,4400,2026-08-09T09:40:00Z,UPI,False,
BANK-TXN-00007281,ACCOUNT-001320,ACCOUNT-001726,96900,2026-07-08T20:17:00Z,NEFT,False,
BANK-TXN-00007282,ACCOUNT-001948,ACCOUNT-001202,3600,2026-07-05T06:55:00Z,UPI,False,
BANK-TXN-00007283,ACCOUNT-001380,ACCOUNT-000491,9200,2026-06-10T22:24:00Z,IMPS,False,
BANK-TXN-00007284,ACCOUNT-001938,ACCOUNT-000978,25500,2026-07-09T03:47:00Z,IMPS,False,
BANK-TXN-00007285,ACCOUNT-000855,ACCOUNT-000469,83100,2026-08-02T16:23:00Z,RTGS,False,
BANK-TXN-00007286,ACCOUNT-000091,ACCOUNT-000802,35900,2026-07-09T07:19:00Z,UPI,False,
BANK-TXN-00007287,ACCOUNT-001467,ACCOUNT-000698,4200,2026-07-14T22:19:00Z,UPI,False,
BANK-TXN-00007288,ACCOUNT-001703,ACCOUNT-001888,61100,2026-08-22T08:57:00Z,UPI,False,
BANK-TXN-00007289,ACCOUNT-001282,ACCOUNT-001274,88900,2026-08-05T13:16:00Z,UPI,False,
BANK-TXN-00007290,ACCOUNT-000074,ACCOUNT-000720,17900,2026-07-12T03:01:00Z,IMPS,False,
BANK-TXN-00007291,ACCOUNT-001199,ACCOUNT-001176,6600,2026-07-23T06:06:00Z,UPI,False,
BANK-TXN-00007292,ACCOUNT-000135,ACCOUNT-000804,8800,2026-08-22T13:16:00Z,IMPS,False,
BANK-TXN-00007293,ACCOUNT-001951,ACCOUNT-001197,27300,2026-06-11T01:32:00Z,IMPS,False,
BANK-TXN-00007294,ACCOUNT-001562,ACCOUNT-001291,23700,2026-06-25T18:03:00Z,UPI,False,
BANK-TXN-00007295,ACCOUNT-001011,ACCOUNT-001069,5500,2026-07-26T09:45:00Z,UPI,False,
BANK-TXN-00007296,ACCOUNT-000572,ACCOUNT-001155,36100,2026-05-31T19:53:00Z,UPI,False,
BANK-TXN-00007297,ACCOUNT-000761,ACCOUNT-000048,1800,2026-06-01T00:10:00Z,UPI,False,
BANK-TXN-00007298,ACCOUNT-001012,ACCOUNT-000695,2200,2026-06-07T03:13:00Z,NEFT,False,
BANK-TXN-00007299,ACCOUNT-000726,ACCOUNT-001321,8900,2026-06-04T04:03:00Z,UPI,False,
BANK-TXN-00007300,ACCOUNT-001467,ACCOUNT-001103,1300,2026-07-28T05:35:00Z,NEFT,False,
BANK-TXN-00007301,ACCOUNT-000121,ACCOUNT-000437,36300,2026-07-05T11:25:00Z,NEFT,False,
BANK-TXN-00007302,ACCOUNT-001808,ACCOUNT-000811,9900,2026-06-29T01:06:00Z,IMPS,False,
BANK-TXN-00007303,ACCOUNT-001931,ACCOUNT-000154,32200,2026-07-19T15:18:00Z,UPI,False,
BANK-TXN-00007304,ACCOUNT-001914,ACCOUNT-000280,5300,2026-06-26T23:54:00Z,UPI,False,
BANK-TXN-00007305,ACCOUNT-000092,ACCOUNT-001562,100,2026-08-25T16:26:00Z,UPI,False,
BANK-TXN-00007306,ACCOUNT-000511,ACCOUNT-001299,57700,2026-08-10T06:00:00Z,NEFT,False,
BANK-TXN-00007307,ACCOUNT-000527,ACCOUNT-001857,3900,2026-08-16T05:35:00Z,IMPS,False,
BANK-TXN-00007308,ACCOUNT-000051,ACCOUNT-001182,77300,2026-06-30T13:15:00Z,NEFT,False,
BANK-TXN-00007309,ACCOUNT-000725,ACCOUNT-000234,3200,2026-07-08T12:24:00Z,NEFT,False,
BANK-TXN-00007310,ACCOUNT-000534,ACCOUNT-000640,15700,2026-07-25T03:57:00Z,IMPS,False,
BANK-TXN-00007311,ACCOUNT-000592,ACCOUNT-001526,43300,2026-06-04T07:04:00Z,UPI,False,
BANK-TXN-00007312,ACCOUNT-001325,ACCOUNT-000290,28300,2026-08-12T07:31:00Z,UPI,False,
BANK-TXN-00007313,ACCOUNT-000039,ACCOUNT-000698,1100,2026-07-25T06:10:00Z,IMPS,False,
BANK-TXN-00007314,ACCOUNT-000040,ACCOUNT-001528,34100,2026-08-05T10:41:00Z,IMPS,False,
BANK-TXN-00007315,ACCOUNT-001198,ACCOUNT-000292,19800,2026-08-17T07:23:00Z,UPI,False,
BANK-TXN-00007316,ACCOUNT-001656,ACCOUNT-000821,95900,2026-07-27T03:21:00Z,UPI,False,
BANK-TXN-00007317,ACCOUNT-000394,ACCOUNT-001370,14800,2026-06-15T12:43:00Z,NEFT,False,
BANK-TXN-00007318,ACCOUNT-000130,ACCOUNT-001091,24200,2026-08-23T16:26:00Z,UPI,False,
BANK-TXN-00007319,ACCOUNT-000173,ACCOUNT-001608,9600,2026-06-08T14:44:00Z,IMPS,False,
BANK-TXN-00007320,ACCOUNT-000460,ACCOUNT-001372,7400,2026-06-03T06:03:00Z,IMPS,False,
BANK-TXN-00007321,ACCOUNT-001323,ACCOUNT-000076,66800,2026-06-10T01:57:00Z,UPI,False,
BANK-TXN-00007322,ACCOUNT-000457,ACCOUNT-001594,44200,2026-06-30T09:32:00Z,UPI,False,
BANK-TXN-00007323,ACCOUNT-001083,ACCOUNT-001465,50800,2026-08-01T08:49:00Z,UPI,False,
BANK-TXN-00007324,ACCOUNT-000585,ACCOUNT-001910,97900,2026-06-14T17:29:00Z,IMPS,False,
BANK-TXN-00007325,ACCOUNT-000322,ACCOUNT-001735,2100,2026-08-03T14:14:00Z,UPI,False,
BANK-TXN-00007326,ACCOUNT-001839,ACCOUNT-000327,35300,2026-08-14T06:33:00Z,IMPS,False,
BANK-TXN-00007327,ACCOUNT-001681,ACCOUNT-001072,2500,2026-06-12T12:55:00Z,NEFT,False,
BANK-TXN-00007328,ACCOUNT-000875,ACCOUNT-001790,37800,2026-07-19T11:21:00Z,IMPS,False,
BANK-TXN-00007329,ACCOUNT-001446,ACCOUNT-000636,34200,2026-08-12T07:06:00Z,IMPS,False,
BANK-TXN-00007330,ACCOUNT-001548,ACCOUNT-001181,11000,2026-08-01T10:39:00Z,IMPS,False,
BANK-TXN-00007331,ACCOUNT-000616,ACCOUNT-001479,8600,2026-07-22T08:59:00Z,IMPS,False,
BANK-TXN-00007332,ACCOUNT-000397,ACCOUNT-001080,40400,2026-08-03T06:36:00Z,IMPS,False,
BANK-TXN-00007333,ACCOUNT-001072,ACCOUNT-000246,26100,2026-07-27T14:27:00Z,UPI,False,
BANK-TXN-00007334,ACCOUNT-001457,ACCOUNT-000829,86300,2026-07-17T00:49:00Z,NEFT,False,
BANK-TXN-00007335,ACCOUNT-001774,ACCOUNT-000158,3100,2026-07-15T08:48:00Z,UPI,False,
BANK-TXN-00007336,ACCOUNT-001827,ACCOUNT-001231,23400,2026-08-15T09:10:00Z,IMPS,False,
BANK-TXN-00007337,ACCOUNT-001058,ACCOUNT-000871,86300,2026-08-26T19:57:00Z,IMPS,False,
BANK-TXN-00007338,ACCOUNT-001642,ACCOUNT-000463,11800,2026-07-29T02:43:00Z,UPI,False,
BANK-TXN-00007339,ACCOUNT-001081,ACCOUNT-000306,18800,2026-06-12T00:13:00Z,UPI,False,
BANK-TXN-00007340,ACCOUNT-000179,ACCOUNT-001041,76600,2026-08-02T16:29:00Z,UPI,False,
BANK-TXN-00007341,ACCOUNT-001333,ACCOUNT-001007,3000,2026-07-20T17:38:00Z,NEFT,False,
BANK-TXN-00007342,ACCOUNT-000632,ACCOUNT-000456,8800,2026-06-22T04:58:00Z,UPI,False,
BANK-TXN-00007343,ACCOUNT-001379,ACCOUNT-000122,38000,2026-06-06T07:57:00Z,UPI,False,
BANK-TXN-00007344,ACCOUNT-000915,ACCOUNT-001776,14800,2026-07-17T14:58:00Z,RTGS,False,
BANK-TXN-00007345,ACCOUNT-000653,ACCOUNT-000992,43200,2026-06-08T08:08:00Z,UPI,False,
BANK-TXN-00007346,ACCOUNT-000451,ACCOUNT-000804,1800,2026-07-02T16:36:00Z,UPI,False,
BANK-TXN-00007347,ACCOUNT-000519,ACCOUNT-000967,2800,2026-07-24T19:38:00Z,IMPS,False,
BANK-TXN-00007348,ACCOUNT-000307,ACCOUNT-001262,4200,2026-07-19T12:15:00Z,UPI,False,
BANK-TXN-00007349,ACCOUNT-001805,ACCOUNT-001576,16100,2026-06-01T17:16:00Z,UPI,False,
BANK-TXN-00007350,ACCOUNT-001118,ACCOUNT-000701,42400,2026-08-19T12:50:00Z,UPI,False,
BANK-TXN-00007351,ACCOUNT-001015,ACCOUNT-000971,1700,2026-08-03T20:36:00Z,NEFT,False,
BANK-TXN-00007352,ACCOUNT-000801,ACCOUNT-000061,3900,2026-08-18T11:44:00Z,UPI,False,
BANK-TXN-00007353,ACCOUNT-000053,ACCOUNT-001840,57900,2026-08-21T20:14:00Z,UPI,False,
BANK-TXN-00007354,ACCOUNT-001386,ACCOUNT-001047,20900,2026-08-03T03:17:00Z,NEFT,False,
BANK-TXN-00007355,ACCOUNT-000914,ACCOUNT-001066,37200,2026-07-28T08:25:00Z,UPI,False,
BANK-TXN-00007356,ACCOUNT-000673,ACCOUNT-000534,44500,2026-08-28T17:41:00Z,UPI,False,
BANK-TXN-00007357,ACCOUNT-000706,ACCOUNT-000235,5000,2026-08-04T12:18:00Z,UPI,False,
BANK-TXN-00007358,ACCOUNT-001327,ACCOUNT-001602,49600,2026-08-08T12:38:00Z,UPI,False,
BANK-TXN-00007359,ACCOUNT-001168,ACCOUNT-000457,29500,2026-06-04T13:37:00Z,UPI,False,
BANK-TXN-00007360,ACCOUNT-001560,ACCOUNT-000516,1500,2026-07-16T08:44:00Z,IMPS,False,
BANK-TXN-00007361,ACCOUNT-001197,ACCOUNT-001299,8800,2026-06-24T06:24:00Z,UPI,False,
BANK-TXN-00007362,ACCOUNT-001271,ACCOUNT-000734,14300,2026-07-17T15:18:00Z,UPI,False,
BANK-TXN-00007363,ACCOUNT-000101,ACCOUNT-001754,16500,2026-06-15T15:58:00Z,NEFT,False,
BANK-TXN-00007364,ACCOUNT-001014,ACCOUNT-001773,8900,2026-07-09T13:04:00Z,IMPS,False,
BANK-TXN-00007365,ACCOUNT-001572,ACCOUNT-001450,34800,2026-08-27T20:25:00Z,IMPS,False,
BANK-TXN-00007366,ACCOUNT-001790,ACCOUNT-001243,16100,2026-08-07T04:57:00Z,UPI,False,
BANK-TXN-00007367,ACCOUNT-000679,ACCOUNT-001853,26600,2026-08-10T04:27:00Z,NEFT,False,
BANK-TXN-00007368,ACCOUNT-000724,ACCOUNT-001576,15700,2026-06-01T10:43:00Z,UPI,False,
BANK-TXN-00007369,ACCOUNT-001686,ACCOUNT-001194,8500,2026-06-10T07:31:00Z,UPI,False,
BANK-TXN-00007370,ACCOUNT-000554,ACCOUNT-001788,8900,2026-08-06T05:57:00Z,NEFT,False,
BANK-TXN-00007371,ACCOUNT-001576,ACCOUNT-000532,38100,2026-06-21T06:41:00Z,UPI,False,
BANK-TXN-00007372,ACCOUNT-001439,ACCOUNT-001483,52300,2026-06-09T09:25:00Z,UPI,False,
BANK-TXN-00007373,ACCOUNT-000925,ACCOUNT-000821,14400,2026-08-03T03:07:00Z,UPI,False,
BANK-TXN-00007374,ACCOUNT-000630,ACCOUNT-000900,39000,2026-06-30T18:38:00Z,UPI,False,
BANK-TXN-00007375,ACCOUNT-000984,ACCOUNT-001602,28100,2026-06-21T19:04:00Z,NEFT,False,
BANK-TXN-00007376,ACCOUNT-000827,ACCOUNT-000322,48800,2026-08-20T06:47:00Z,UPI,False,
BANK-TXN-00007377,ACCOUNT-000176,ACCOUNT-000481,1900,2026-06-22T07:48:00Z,UPI,False,
BANK-TXN-00007378,ACCOUNT-001311,ACCOUNT-000442,2600,2026-08-19T09:07:00Z,UPI,False,
BANK-TXN-00007379,ACCOUNT-001776,ACCOUNT-001587,40800,2026-08-13T12:41:00Z,IMPS,False,
BANK-TXN-00007380,ACCOUNT-001071,ACCOUNT-001481,47500,2026-06-16T08:33:00Z,NEFT,False,
BANK-TXN-00007381,ACCOUNT-000353,ACCOUNT-001917,21800,2026-08-19T11:49:00Z,IMPS,False,
BANK-TXN-00007382,ACCOUNT-001289,ACCOUNT-001291,41600,2026-08-05T17:29:00Z,RTGS,False,
BANK-TXN-00007383,ACCOUNT-001902,ACCOUNT-001131,27600,2026-07-05T12:17:00Z,UPI,False,
BANK-TXN-00007384,ACCOUNT-000908,ACCOUNT-000189,68300,2026-06-08T15:18:00Z,UPI,False,
BANK-TXN-00007385,ACCOUNT-000289,ACCOUNT-000684,6200,2026-07-01T10:16:00Z,RTGS,False,
BANK-TXN-00007386,ACCOUNT-000310,ACCOUNT-001224,59600,2026-06-25T21:59:00Z,UPI,False,
BANK-TXN-00007387,ACCOUNT-000144,ACCOUNT-000457,13200,2026-07-03T15:39:00Z,RTGS,False,
BANK-TXN-00007388,ACCOUNT-000980,ACCOUNT-001705,23200,2026-08-16T01:38:00Z,RTGS,False,
BANK-TXN-00007389,ACCOUNT-001757,ACCOUNT-000371,67000,2026-08-20T10:08:00Z,UPI,False,
BANK-TXN-00007390,ACCOUNT-000189,ACCOUNT-001602,2800,2026-06-12T01:32:00Z,UPI,False,
BANK-TXN-00007391,ACCOUNT-001338,ACCOUNT-000876,1400,2026-06-04T09:08:00Z,UPI,False,
BANK-TXN-00007392,ACCOUNT-001737,ACCOUNT-000802,6200,2026-07-21T14:25:00Z,UPI,False,
BANK-TXN-00007393,ACCOUNT-000607,ACCOUNT-000331,7300,2026-07-15T15:00:00Z,UPI,False,
BANK-TXN-00007394,ACCOUNT-001423,ACCOUNT-001881,700,2026-08-06T05:55:00Z,UPI,False,
BANK-TXN-00007395,ACCOUNT-001942,ACCOUNT-000615,53500,2026-05-31T12:40:00Z,UPI,False,
BANK-TXN-00007396,ACCOUNT-001206,ACCOUNT-001370,37000,2026-06-12T13:24:00Z,UPI,False,
BANK-TXN-00007397,ACCOUNT-000196,ACCOUNT-001440,83600,2026-06-28T23:33:00Z,IMPS,False,
BANK-TXN-00007398,ACCOUNT-000758,ACCOUNT-001131,15500,2026-08-03T16:56:00Z,UPI,False,
BANK-TXN-00007399,ACCOUNT-000760,ACCOUNT-000796,40700,2026-08-04T06:05:00Z,UPI,False,
BANK-TXN-00007400,ACCOUNT-001406,ACCOUNT-001646,7600,2026-07-30T12:33:00Z,IMPS,False,
BANK-TXN-00007401,ACCOUNT-001705,ACCOUNT-000616,75900,2026-06-04T14:41:00Z,NEFT,False,
BANK-TXN-00007402,ACCOUNT-000063,ACCOUNT-001356,10000,2026-07-08T02:48:00Z,UPI,False,
BANK-TXN-00007403,ACCOUNT-000919,ACCOUNT-001560,2500,2026-08-04T10:20:00Z,NEFT,False,
BANK-TXN-00007404,ACCOUNT-001607,ACCOUNT-000048,13700,2026-07-24T17:23:00Z,IMPS,False,
BANK-TXN-00007405,ACCOUNT-001770,ACCOUNT-000288,6700,2026-08-19T19:07:00Z,UPI,False,
BANK-TXN-00007406,ACCOUNT-000436,ACCOUNT-001316,83900,2026-06-09T13:33:00Z,UPI,False,
BANK-TXN-00007407,ACCOUNT-001843,ACCOUNT-000348,8200,2026-08-21T09:13:00Z,UPI,False,
BANK-TXN-00007408,ACCOUNT-001792,ACCOUNT-000244,8200,2026-08-16T17:59:00Z,UPI,False,
BANK-TXN-00007409,ACCOUNT-001213,ACCOUNT-001260,95000,2026-06-25T16:12:00Z,NEFT,False,
BANK-TXN-00007410,ACCOUNT-000084,ACCOUNT-000215,18900,2026-07-12T03:11:00Z,NEFT,False,
BANK-TXN-00007411,ACCOUNT-001004,ACCOUNT-000873,4700,2026-08-18T12:12:00Z,IMPS,False,
BANK-TXN-00007412,ACCOUNT-000796,ACCOUNT-001051,10700,2026-08-24T01:58:00Z,UPI,False,
BANK-TXN-00007413,ACCOUNT-000670,ACCOUNT-001398,50800,2026-05-31T15:34:00Z,UPI,False,
BANK-TXN-00007414,ACCOUNT-001436,ACCOUNT-001575,15400,2026-08-03T17:05:00Z,NEFT,False,
BANK-TXN-00007415,ACCOUNT-000853,ACCOUNT-000002,5600,2026-07-14T11:48:00Z,IMPS,False,
BANK-TXN-00007416,ACCOUNT-000221,ACCOUNT-000246,82300,2026-07-15T15:39:00Z,IMPS,False,
BANK-TXN-00007417,ACCOUNT-001325,ACCOUNT-001277,40200,2026-08-12T09:12:00Z,IMPS,False,
BANK-TXN-00007418,ACCOUNT-000221,ACCOUNT-001222,90900,2026-07-11T04:04:00Z,IMPS,False,
BANK-TXN-00007419,ACCOUNT-001234,ACCOUNT-001771,3200,2026-08-20T15:42:00Z,IMPS,False,
BANK-TXN-00007420,ACCOUNT-000650,ACCOUNT-001433,24600,2026-06-17T17:02:00Z,UPI,False,
BANK-TXN-00007421,ACCOUNT-001300,ACCOUNT-000418,500,2026-07-09T22:24:00Z,UPI,False,
BANK-TXN-00007422,ACCOUNT-001065,ACCOUNT-000028,9700,2026-08-15T06:39:00Z,UPI,False,
BANK-TXN-00007423,ACCOUNT-001279,ACCOUNT-000789,15000,2026-07-22T16:41:00Z,IMPS,False,
BANK-TXN-00007424,ACCOUNT-001833,ACCOUNT-001245,3800,2026-06-26T16:57:00Z,UPI,False,
BANK-TXN-00007425,ACCOUNT-001938,ACCOUNT-000239,2300,2026-07-12T16:48:00Z,UPI,False,
BANK-TXN-00007426,ACCOUNT-001627,ACCOUNT-001580,6900,2026-07-15T01:13:00Z,IMPS,False,
BANK-TXN-00007427,ACCOUNT-001149,ACCOUNT-001120,50800,2026-06-18T08:16:00Z,NEFT,False,
BANK-TXN-00007428,ACCOUNT-000616,ACCOUNT-001221,24100,2026-06-26T21:34:00Z,NEFT,False,
BANK-TXN-00007429,ACCOUNT-000677,ACCOUNT-000661,39500,2026-07-14T00:54:00Z,IMPS,False,
BANK-TXN-00007430,ACCOUNT-000334,ACCOUNT-001470,44300,2026-07-23T22:39:00Z,IMPS,False,
BANK-TXN-00007431,ACCOUNT-001601,ACCOUNT-000593,60400,2026-08-16T19:20:00Z,UPI,False,
BANK-TXN-00007432,ACCOUNT-001161,ACCOUNT-000202,53700,2026-06-09T23:28:00Z,IMPS,False,
BANK-TXN-00007433,ACCOUNT-001668,ACCOUNT-001576,4000,2026-07-08T11:17:00Z,NEFT,False,
BANK-TXN-00007434,ACCOUNT-000738,ACCOUNT-000318,22900,2026-08-19T00:02:00Z,NEFT,False,
BANK-TXN-00007435,ACCOUNT-000776,ACCOUNT-001087,63300,2026-08-23T15:48:00Z,UPI,False,
BANK-TXN-00007436,ACCOUNT-000029,ACCOUNT-000067,57300,2026-06-24T08:27:00Z,UPI,False,
BANK-TXN-00007437,ACCOUNT-001868,ACCOUNT-001614,38100,2026-06-20T05:40:00Z,IMPS,False,
BANK-TXN-00007438,ACCOUNT-001247,ACCOUNT-001465,1400,2026-06-20T21:30:00Z,UPI,False,
BANK-TXN-00007439,ACCOUNT-000423,ACCOUNT-001540,90400,2026-08-18T17:37:00Z,IMPS,False,
BANK-TXN-00007440,ACCOUNT-001161,ACCOUNT-001316,9400,2026-06-01T14:38:00Z,UPI,False,
BANK-TXN-00007441,ACCOUNT-000517,ACCOUNT-001066,6600,2026-07-01T01:56:00Z,RTGS,False,
BANK-TXN-00007442,ACCOUNT-001481,ACCOUNT-001214,10300,2026-07-15T07:53:00Z,UPI,False,
BANK-TXN-00007443,ACCOUNT-001523,ACCOUNT-000148,26900,2026-06-19T18:15:00Z,UPI,False,
BANK-TXN-00007444,ACCOUNT-000069,ACCOUNT-000005,17700,2026-08-24T01:28:00Z,IMPS,False,
BANK-TXN-00007445,ACCOUNT-000224,ACCOUNT-001483,22900,2026-08-11T07:18:00Z,NEFT,False,
BANK-TXN-00007446,ACCOUNT-000018,ACCOUNT-001792,7000,2026-06-15T14:40:00Z,UPI,False,
BANK-TXN-00007447,ACCOUNT-000510,ACCOUNT-001434,21000,2026-06-16T13:40:00Z,UPI,False,
BANK-TXN-00007448,ACCOUNT-000551,ACCOUNT-000208,77700,2026-08-09T08:15:00Z,UPI,False,
BANK-TXN-00007449,ACCOUNT-000129,ACCOUNT-001867,5700,2026-08-21T09:18:00Z,UPI,False,
BANK-TXN-00007450,ACCOUNT-001206,ACCOUNT-000524,800,2026-08-15T11:33:00Z,UPI,False,
BANK-TXN-00007451,ACCOUNT-001743,ACCOUNT-000631,10900,2026-06-24T01:50:00Z,IMPS,False,
BANK-TXN-00007452,ACCOUNT-001535,ACCOUNT-000703,900,2026-08-11T02:34:00Z,UPI,False,
BANK-TXN-00007453,ACCOUNT-001675,ACCOUNT-001614,23200,2026-07-07T00:24:00Z,UPI,False,
BANK-TXN-00007454,ACCOUNT-001440,ACCOUNT-001732,1100,2026-06-08T20:56:00Z,IMPS,False,
BANK-TXN-00007455,ACCOUNT-000450,ACCOUNT-001426,92200,2026-08-26T17:31:00Z,UPI,False,
BANK-TXN-00007456,ACCOUNT-000756,ACCOUNT-001282,6100,2026-07-10T08:03:00Z,UPI,False,
BANK-TXN-00007457,ACCOUNT-001489,ACCOUNT-001326,1900,2026-08-04T13:41:00Z,UPI,False,
BANK-TXN-00007458,ACCOUNT-000577,ACCOUNT-000806,4800,2026-08-07T16:28:00Z,UPI,False,
BANK-TXN-00007459,ACCOUNT-001357,ACCOUNT-001235,84500,2026-06-07T21:48:00Z,RTGS,False,
BANK-TXN-00007460,ACCOUNT-001496,ACCOUNT-001171,68800,2026-06-07T23:14:00Z,UPI,False,
BANK-TXN-00007461,ACCOUNT-001564,ACCOUNT-001851,2800,2026-07-25T17:19:00Z,UPI,False,
BANK-TXN-00007462,ACCOUNT-000814,ACCOUNT-000313,5500,2026-07-17T01:29:00Z,UPI,False,
BANK-TXN-00007463,ACCOUNT-001028,ACCOUNT-001005,400,2026-08-05T11:01:00Z,NEFT,False,
BANK-TXN-00007464,ACCOUNT-000764,ACCOUNT-001194,21700,2026-08-18T02:02:00Z,NEFT,False,
BANK-TXN-00007465,ACCOUNT-001173,ACCOUNT-001043,3600,2026-08-18T13:39:00Z,UPI,False,
BANK-TXN-00007466,ACCOUNT-000732,ACCOUNT-001471,16300,2026-07-12T17:33:00Z,IMPS,False,
BANK-TXN-00007467,ACCOUNT-000288,ACCOUNT-000283,65600,2026-08-16T11:52:00Z,UPI,False,
BANK-TXN-00007468,ACCOUNT-001592,ACCOUNT-001075,8600,2026-06-28T02:18:00Z,UPI,False,
BANK-TXN-00007469,ACCOUNT-001359,ACCOUNT-000332,4200,2026-08-26T03:21:00Z,NEFT,False,
BANK-TXN-00007470,ACCOUNT-000353,ACCOUNT-000787,9600,2026-07-19T06:19:00Z,UPI,False,
BANK-TXN-00007471,ACCOUNT-000068,ACCOUNT-000640,88500,2026-06-09T14:29:00Z,UPI,False,
BANK-TXN-00007472,ACCOUNT-000501,ACCOUNT-000219,28500,2026-07-22T13:12:00Z,IMPS,False,
BANK-TXN-00007473,ACCOUNT-000466,ACCOUNT-000125,11600,2026-08-01T20:52:00Z,UPI,False,
BANK-TXN-00007474,ACCOUNT-000032,ACCOUNT-000237,32700,2026-08-14T16:42:00Z,NEFT,False,
BANK-TXN-00007475,ACCOUNT-000379,ACCOUNT-000172,37800,2026-07-23T15:19:00Z,IMPS,False,
BANK-TXN-00007476,ACCOUNT-001387,ACCOUNT-000057,57000,2026-07-12T14:02:00Z,IMPS,False,
BANK-TXN-00007477,ACCOUNT-001826,ACCOUNT-000980,7700,2026-06-29T22:18:00Z,UPI,False,
BANK-TXN-00007478,ACCOUNT-000627,ACCOUNT-001154,40600,2026-06-30T12:01:00Z,IMPS,False,
BANK-TXN-00007479,ACCOUNT-001062,ACCOUNT-001919,42100,2026-07-02T07:38:00Z,IMPS,False,
BANK-TXN-00007480,ACCOUNT-001328,ACCOUNT-001597,10300,2026-07-20T19:47:00Z,NEFT,False,
BANK-TXN-00007481,ACCOUNT-001416,ACCOUNT-000890,29200,2026-07-22T09:36:00Z,IMPS,False,
BANK-TXN-00007482,ACCOUNT-001448,ACCOUNT-000826,51300,2026-08-04T16:34:00Z,NEFT,False,
BANK-TXN-00007483,ACCOUNT-000908,ACCOUNT-000232,33000,2026-08-15T09:42:00Z,UPI,False,
BANK-TXN-00007484,ACCOUNT-001944,ACCOUNT-001600,700,2026-07-14T08:52:00Z,UPI,False,
BANK-TXN-00007485,ACCOUNT-001812,ACCOUNT-001728,13600,2026-06-28T06:00:00Z,UPI,False,
BANK-TXN-00007486,ACCOUNT-001433,ACCOUNT-000757,6300,2026-06-17T07:45:00Z,IMPS,False,
BANK-TXN-00007487,ACCOUNT-000176,ACCOUNT-001656,47900,2026-07-21T15:53:00Z,RTGS,False,
BANK-TXN-00007488,ACCOUNT-000153,ACCOUNT-000884,32800,2026-07-08T06:21:00Z,IMPS,False,
BANK-TXN-00007489,ACCOUNT-001867,ACCOUNT-001798,27900,2026-07-07T09:58:00Z,UPI,False,
BANK-TXN-00007490,ACCOUNT-001080,ACCOUNT-001653,800,2026-06-15T14:56:00Z,UPI,False,
BANK-TXN-00007491,ACCOUNT-001117,ACCOUNT-001849,1300,2026-07-01T17:23:00Z,UPI,False,
BANK-TXN-00007492,ACCOUNT-000660,ACCOUNT-001326,25200,2026-07-12T02:27:00Z,UPI,False,
BANK-TXN-00007493,ACCOUNT-000618,ACCOUNT-000267,18600,2026-08-02T12:49:00Z,IMPS,False,
BANK-TXN-00007494,ACCOUNT-001102,ACCOUNT-001478,93500,2026-07-23T07:13:00Z,UPI,False,
BANK-TXN-00007495,ACCOUNT-000142,ACCOUNT-001664,33800,2026-07-24T11:25:00Z,NEFT,False,
BANK-TXN-00007496,ACCOUNT-001064,ACCOUNT-001373,41000,2026-08-26T13:16:00Z,UPI,False,
BANK-TXN-00007497,ACCOUNT-001821,ACCOUNT-001678,17100,2026-06-26T10:20:00Z,UPI,False,
BANK-TXN-00007498,ACCOUNT-000320,ACCOUNT-001502,80800,2026-06-27T05:11:00Z,UPI,False,
BANK-TXN-00007499,ACCOUNT-000566,ACCOUNT-000629,7500,2026-07-30T12:08:00Z,UPI,False,
BANK-TXN-00007500,ACCOUNT-000107,ACCOUNT-000587,27900,2026-07-20T10:35:00Z,UPI,False,
BANK-TXN-00007501,ACCOUNT-001074,ACCOUNT-000156,43300,2026-07-07T20:50:00Z,UPI,False,
BANK-TXN-00007502,ACCOUNT-000452,ACCOUNT-000606,36200,2026-07-02T11:23:00Z,RTGS,False,
BANK-TXN-00007503,ACCOUNT-001518,ACCOUNT-000598,9400,2026-07-12T07:31:00Z,RTGS,False,
BANK-TXN-00007504,ACCOUNT-001316,ACCOUNT-001299,55300,2026-06-08T18:27:00Z,UPI,False,
BANK-TXN-00007505,ACCOUNT-001015,ACCOUNT-000670,17000,2026-07-23T17:47:00Z,IMPS,False,
BANK-TXN-00007506,ACCOUNT-001791,ACCOUNT-001297,73300,2026-07-14T13:32:00Z,IMPS,False,
BANK-TXN-00007507,ACCOUNT-000062,ACCOUNT-001483,3100,2026-07-01T09:14:00Z,NEFT,False,
BANK-TXN-00007508,ACCOUNT-001315,ACCOUNT-000114,15300,2026-07-20T08:37:00Z,UPI,False,
BANK-TXN-00007509,ACCOUNT-000041,ACCOUNT-000146,12600,2026-06-27T16:11:00Z,UPI,False,
BANK-TXN-00007510,ACCOUNT-000353,ACCOUNT-000720,8600,2026-06-14T16:20:00Z,IMPS,False,
BANK-TXN-00007511,ACCOUNT-000732,ACCOUNT-000783,2400,2026-07-02T07:44:00Z,UPI,False,
BANK-TXN-00007512,ACCOUNT-001615,ACCOUNT-001323,3200,2026-06-09T17:06:00Z,UPI,False,
BANK-TXN-00007513,ACCOUNT-001300,ACCOUNT-001090,32800,2026-07-14T12:51:00Z,NEFT,False,
BANK-TXN-00007514,ACCOUNT-001556,ACCOUNT-001801,8200,2026-07-25T16:41:00Z,IMPS,False,
BANK-TXN-00007515,ACCOUNT-001602,ACCOUNT-000316,11800,2026-08-25T16:57:00Z,UPI,False,
BANK-TXN-00007516,ACCOUNT-000600,ACCOUNT-001853,7400,2026-06-16T12:31:00Z,UPI,False,
BANK-TXN-00007517,ACCOUNT-001463,ACCOUNT-000127,73600,2026-06-02T18:43:00Z,UPI,False,
BANK-TXN-00007518,ACCOUNT-001276,ACCOUNT-000843,7300,2026-07-02T01:32:00Z,UPI,False,
BANK-TXN-00007519,ACCOUNT-001175,ACCOUNT-000489,67500,2026-08-08T01:13:00Z,UPI,False,
BANK-TXN-00007520,ACCOUNT-001720,ACCOUNT-001275,10000,2026-08-04T06:57:00Z,UPI,False,
BANK-TXN-00007521,ACCOUNT-000712,ACCOUNT-000086,4400,2026-07-09T03:36:00Z,IMPS,False,
BANK-TXN-00007522,ACCOUNT-000688,ACCOUNT-001875,13200,2026-06-20T10:43:00Z,UPI,False,
BANK-TXN-00007523,ACCOUNT-000513,ACCOUNT-001189,300,2026-07-26T20:03:00Z,IMPS,False,
BANK-TXN-00007524,ACCOUNT-001388,ACCOUNT-000350,35300,2026-08-24T10:36:00Z,IMPS,False,
BANK-TXN-00007525,ACCOUNT-000610,ACCOUNT-000120,2400,2026-07-07T17:49:00Z,UPI,False,
BANK-TXN-00007526,ACCOUNT-001701,ACCOUNT-000955,40100,2026-07-19T17:36:00Z,IMPS,False,
BANK-TXN-00007527,ACCOUNT-001824,ACCOUNT-001181,34000,2026-07-07T22:27:00Z,UPI,False,
BANK-TXN-00007528,ACCOUNT-001945,ACCOUNT-000555,6100,2026-06-03T05:43:00Z,UPI,False,
BANK-TXN-00007529,ACCOUNT-001694,ACCOUNT-000096,3000,2026-07-23T16:10:00Z,UPI,False,
BANK-TXN-00007530,ACCOUNT-000340,ACCOUNT-000294,94500,2026-06-18T11:21:00Z,UPI,False,
BANK-TXN-00007531,ACCOUNT-001038,ACCOUNT-001161,14200,2026-08-04T07:29:00Z,UPI,False,
BANK-TXN-00007532,ACCOUNT-000815,ACCOUNT-000068,42000,2026-08-18T11:35:00Z,NEFT,False,
BANK-TXN-00007533,ACCOUNT-000923,ACCOUNT-000438,800,2026-06-25T06:27:00Z,UPI,False,
BANK-TXN-00007534,ACCOUNT-001652,ACCOUNT-000424,57700,2026-08-24T08:49:00Z,NEFT,False,
BANK-TXN-00007535,ACCOUNT-001085,ACCOUNT-000456,6300,2026-07-13T02:50:00Z,UPI,False,
BANK-TXN-00007536,ACCOUNT-000687,ACCOUNT-000091,2600,2026-07-25T14:27:00Z,IMPS,False,
BANK-TXN-00007537,ACCOUNT-001289,ACCOUNT-000384,70400,2026-07-26T15:17:00Z,UPI,False,
BANK-TXN-00007538,ACCOUNT-000840,ACCOUNT-000071,7600,2026-07-24T04:01:00Z,UPI,False,
BANK-TXN-00007539,ACCOUNT-001483,ACCOUNT-001523,7900,2026-07-13T14:41:00Z,IMPS,False,
BANK-TXN-00007540,ACCOUNT-000403,ACCOUNT-001349,5700,2026-06-14T09:57:00Z,NEFT,False,
BANK-TXN-00007541,ACCOUNT-000610,ACCOUNT-001373,92400,2026-07-11T19:36:00Z,IMPS,False,
BANK-TXN-00007542,ACCOUNT-000072,ACCOUNT-000639,1000,2026-06-29T08:56:00Z,RTGS,False,
BANK-TXN-00007543,ACCOUNT-001756,ACCOUNT-000876,16700,2026-06-05T06:19:00Z,UPI,False,
BANK-TXN-00007544,ACCOUNT-001203,ACCOUNT-001533,8100,2026-08-23T06:44:00Z,UPI,False,
BANK-TXN-00007545,ACCOUNT-000068,ACCOUNT-000342,2200,2026-06-10T08:31:00Z,UPI,False,
BANK-TXN-00007546,ACCOUNT-000659,ACCOUNT-000847,9800,2026-08-07T15:32:00Z,UPI,False,
BANK-TXN-00007547,ACCOUNT-001368,ACCOUNT-000550,25200,2026-07-18T00:09:00Z,UPI,False,
BANK-TXN-00007548,ACCOUNT-001557,ACCOUNT-001838,80300,2026-07-14T03:55:00Z,UPI,False,
BANK-TXN-00007549,ACCOUNT-000829,ACCOUNT-000656,9300,2026-07-09T07:49:00Z,UPI,False,
BANK-TXN-00007550,ACCOUNT-001240,ACCOUNT-000146,67200,2026-08-14T19:29:00Z,UPI,False,
BANK-TXN-00007551,ACCOUNT-000712,ACCOUNT-001235,53900,2026-08-07T07:49:00Z,UPI,False,
BANK-TXN-00007552,ACCOUNT-000597,ACCOUNT-001934,57200,2026-08-11T06:52:00Z,NEFT,False,
BANK-TXN-00007553,ACCOUNT-000506,ACCOUNT-001119,22200,2026-07-27T20:32:00Z,RTGS,False,
BANK-TXN-00007554,ACCOUNT-000800,ACCOUNT-000178,29100,2026-06-27T12:17:00Z,UPI,False,
BANK-TXN-00007555,ACCOUNT-000530,ACCOUNT-001768,100000,2026-07-13T04:03:00Z,NEFT,False,
BANK-TXN-00007556,ACCOUNT-000483,ACCOUNT-000893,61000,2026-07-04T23:23:00Z,UPI,False,
BANK-TXN-00007557,ACCOUNT-001358,ACCOUNT-000579,8000,2026-08-22T10:14:00Z,UPI,False,
BANK-TXN-00007558,ACCOUNT-000804,ACCOUNT-001742,59300,2026-06-08T18:07:00Z,NEFT,False,
BANK-TXN-00007559,ACCOUNT-000850,ACCOUNT-001070,3500,2026-07-08T13:27:00Z,NEFT,False,
BANK-TXN-00007560,ACCOUNT-000986,ACCOUNT-001206,200,2026-07-12T12:45:00Z,UPI,False,
BANK-TXN-00007561,ACCOUNT-001663,ACCOUNT-000294,60300,2026-06-27T01:00:00Z,IMPS,False,
BANK-TXN-00007562,ACCOUNT-001350,ACCOUNT-001668,4000,2026-08-26T15:05:00Z,UPI,False,
BANK-TXN-00007563,ACCOUNT-000074,ACCOUNT-000481,13600,2026-07-31T12:55:00Z,IMPS,False,
BANK-TXN-00007564,ACCOUNT-000443,ACCOUNT-001648,8100,2026-06-29T14:08:00Z,NEFT,False,
BANK-TXN-00007565,ACCOUNT-000467,ACCOUNT-001186,43500,2026-08-06T08:17:00Z,IMPS,False,
BANK-TXN-00007566,ACCOUNT-001275,ACCOUNT-000571,46000,2026-06-16T14:50:00Z,UPI,False,
BANK-TXN-00007567,ACCOUNT-001795,ACCOUNT-000258,7500,2026-06-11T15:14:00Z,IMPS,False,
BANK-TXN-00007568,ACCOUNT-001787,ACCOUNT-001047,4400,2026-08-01T17:41:00Z,UPI,False,
BANK-TXN-00007569,ACCOUNT-001635,ACCOUNT-001878,22800,2026-06-24T19:21:00Z,UPI,False,
BANK-TXN-00007570,ACCOUNT-001864,ACCOUNT-001367,51300,2026-07-06T02:18:00Z,IMPS,False,
BANK-TXN-00007571,ACCOUNT-001037,ACCOUNT-001678,1700,2026-08-25T09:25:00Z,UPI,False,
BANK-TXN-00007572,ACCOUNT-000426,ACCOUNT-000474,6700,2026-07-09T07:32:00Z,IMPS,False,
BANK-TXN-00007573,ACCOUNT-000675,ACCOUNT-001698,63200,2026-08-12T16:37:00Z,UPI,False,
BANK-TXN-00007574,ACCOUNT-001001,ACCOUNT-000477,29500,2026-08-11T07:15:00Z,UPI,False,
BANK-TXN-00007575,ACCOUNT-000303,ACCOUNT-000209,7000,2026-07-19T00:45:00Z,UPI,False,
BANK-TXN-00007576,ACCOUNT-000198,ACCOUNT-000804,8600,2026-06-10T04:48:00Z,NEFT,False,
BANK-TXN-00007577,ACCOUNT-000907,ACCOUNT-000520,33600,2026-07-13T18:15:00Z,NEFT,False,
BANK-TXN-00007578,ACCOUNT-001599,ACCOUNT-001601,29400,2026-08-20T12:26:00Z,IMPS,False,
BANK-TXN-00007579,ACCOUNT-000607,ACCOUNT-001707,1500,2026-06-14T06:04:00Z,UPI,False,
BANK-TXN-00007580,ACCOUNT-000871,ACCOUNT-000873,33200,2026-08-28T01:39:00Z,NEFT,False,
BANK-TXN-00007581,ACCOUNT-001314,ACCOUNT-001178,26600,2026-07-08T13:41:00Z,RTGS,False,
BANK-TXN-00007582,ACCOUNT-000192,ACCOUNT-001049,9200,2026-08-18T16:03:00Z,UPI,False,
BANK-TXN-00007583,ACCOUNT-000318,ACCOUNT-000396,3500,2026-06-16T17:15:00Z,UPI,False,
BANK-TXN-00007584,ACCOUNT-000819,ACCOUNT-000676,48900,2026-07-13T04:11:00Z,UPI,False,
BANK-TXN-00007585,ACCOUNT-001189,ACCOUNT-001424,2500,2026-06-04T04:39:00Z,UPI,False,
BANK-TXN-00007586,ACCOUNT-001511,ACCOUNT-001782,24800,2026-07-06T08:37:00Z,UPI,False,
BANK-TXN-00007587,ACCOUNT-001223,ACCOUNT-000777,4800,2026-07-07T09:35:00Z,UPI,False,
BANK-TXN-00007588,ACCOUNT-000405,ACCOUNT-000775,90600,2026-07-24T00:24:00Z,IMPS,False,
BANK-TXN-00007589,ACCOUNT-001406,ACCOUNT-000214,4800,2026-07-22T15:18:00Z,UPI,False,
BANK-TXN-00007590,ACCOUNT-001818,ACCOUNT-001393,55300,2026-07-27T01:42:00Z,NEFT,False,
BANK-TXN-00007591,ACCOUNT-000319,ACCOUNT-000881,44500,2026-08-03T17:31:00Z,UPI,False,
BANK-TXN-00007592,ACCOUNT-001845,ACCOUNT-000560,9300,2026-08-10T16:54:00Z,UPI,False,
BANK-TXN-00007593,ACCOUNT-001323,ACCOUNT-000221,54700,2026-06-14T04:48:00Z,IMPS,False,
BANK-TXN-00007594,ACCOUNT-001790,ACCOUNT-001643,6600,2026-06-02T09:02:00Z,UPI,False,
BANK-TXN-00007595,ACCOUNT-000213,ACCOUNT-000930,8700,2026-07-18T18:18:00Z,NEFT,False,
BANK-TXN-00007596,ACCOUNT-001107,ACCOUNT-000485,6500,2026-06-18T14:28:00Z,UPI,False,
BANK-TXN-00007597,ACCOUNT-000208,ACCOUNT-000050,12200,2026-07-21T14:13:00Z,RTGS,False,
BANK-TXN-00007598,ACCOUNT-000651,ACCOUNT-001332,15700,2026-07-05T07:17:00Z,UPI,False,
BANK-TXN-00007599,ACCOUNT-000901,ACCOUNT-000160,2500,2026-06-12T08:20:00Z,UPI,False,
BANK-TXN-00007600,ACCOUNT-001652,ACCOUNT-000401,4500,2026-07-15T15:20:00Z,UPI,False,
BANK-TXN-00007601,ACCOUNT-000534,ACCOUNT-001773,98300,2026-08-01T15:20:00Z,NEFT,False,
BANK-TXN-00007602,ACCOUNT-000663,ACCOUNT-000620,79200,2026-08-15T11:34:00Z,RTGS,False,
BANK-TXN-00007603,ACCOUNT-001412,ACCOUNT-001381,56800,2026-08-10T22:01:00Z,IMPS,False,
BANK-TXN-00007604,ACCOUNT-001321,ACCOUNT-001213,1200,2026-07-27T13:25:00Z,NEFT,False,
BANK-TXN-00007605,ACCOUNT-001908,ACCOUNT-000622,71300,2026-07-15T11:17:00Z,IMPS,False,
BANK-TXN-00007606,ACCOUNT-001407,ACCOUNT-000205,2800,2026-06-17T08:28:00Z,IMPS,False,
BANK-TXN-00007607,ACCOUNT-000757,ACCOUNT-001929,2000,2026-07-22T09:48:00Z,UPI,False,
BANK-TXN-00007608,ACCOUNT-001495,ACCOUNT-000857,99400,2026-07-16T18:47:00Z,UPI,False,
BANK-TXN-00007609,ACCOUNT-001612,ACCOUNT-000457,27000,2026-07-06T11:42:00Z,UPI,False,
BANK-TXN-00007610,ACCOUNT-000880,ACCOUNT-001692,7800,2026-08-27T14:45:00Z,IMPS,False,
BANK-TXN-00007611,ACCOUNT-000992,ACCOUNT-001541,7400,2026-06-04T05:07:00Z,UPI,False,
BANK-TXN-00007612,ACCOUNT-000261,ACCOUNT-001021,40500,2026-05-31T16:00:00Z,IMPS,False,
BANK-TXN-00007613,ACCOUNT-001750,ACCOUNT-000768,3000,2026-07-29T05:49:00Z,IMPS,False,
BANK-TXN-00007614,ACCOUNT-001670,ACCOUNT-001569,40900,2026-06-13T15:00:00Z,IMPS,False,
BANK-TXN-00007615,ACCOUNT-000288,ACCOUNT-001217,1800,2026-07-05T12:51:00Z,UPI,False,
BANK-TXN-00007616,ACCOUNT-000881,ACCOUNT-000348,4200,2026-06-11T16:21:00Z,UPI,False,
BANK-TXN-00007617,ACCOUNT-000909,ACCOUNT-001131,69700,2026-06-09T12:13:00Z,IMPS,False,
BANK-TXN-00007618,ACCOUNT-001007,ACCOUNT-000530,3900,2026-08-27T03:04:00Z,NEFT,False,
BANK-TXN-00007619,ACCOUNT-001308,ACCOUNT-000745,49900,2026-07-15T15:53:00Z,UPI,False,
BANK-TXN-00007620,ACCOUNT-001637,ACCOUNT-000003,27800,2026-07-26T13:54:00Z,UPI,False,
BANK-TXN-00007621,ACCOUNT-000480,ACCOUNT-001109,28200,2026-07-25T21:22:00Z,NEFT,False,
BANK-TXN-00007622,ACCOUNT-000977,ACCOUNT-000689,82300,2026-07-23T13:34:00Z,UPI,False,
BANK-TXN-00007623,ACCOUNT-000603,ACCOUNT-000183,4000,2026-07-26T17:01:00Z,UPI,False,
BANK-TXN-00007624,ACCOUNT-000403,ACCOUNT-000837,66900,2026-06-03T07:47:00Z,IMPS,False,
BANK-TXN-00007625,ACCOUNT-000329,ACCOUNT-001039,5900,2026-06-23T16:53:00Z,IMPS,False,
BANK-TXN-00007626,ACCOUNT-000876,ACCOUNT-000996,15100,2026-06-24T16:08:00Z,NEFT,False,
BANK-TXN-00007627,ACCOUNT-001098,ACCOUNT-001433,55500,2026-06-02T08:21:00Z,NEFT,False,
BANK-TXN-00007628,ACCOUNT-000949,ACCOUNT-001807,23100,2026-06-30T12:28:00Z,NEFT,False,
BANK-TXN-00007629,ACCOUNT-001441,ACCOUNT-001641,16900,2026-06-05T09:51:00Z,UPI,False,
BANK-TXN-00007630,ACCOUNT-001418,ACCOUNT-000834,75400,2026-08-03T12:49:00Z,UPI,False,
BANK-TXN-00007631,ACCOUNT-000946,ACCOUNT-001664,15400,2026-08-14T01:33:00Z,RTGS,False,
BANK-TXN-00007632,ACCOUNT-000702,ACCOUNT-001223,63700,2026-07-17T13:48:00Z,NEFT,False,
BANK-TXN-00007633,ACCOUNT-001653,ACCOUNT-000098,67200,2026-07-05T08:27:00Z,UPI,False,
BANK-TXN-00007634,ACCOUNT-001347,ACCOUNT-000264,10000,2026-06-12T15:34:00Z,NEFT,False,
BANK-TXN-00007635,ACCOUNT-001243,ACCOUNT-001176,18300,2026-06-30T07:27:00Z,IMPS,False,
BANK-TXN-00007636,ACCOUNT-000567,ACCOUNT-000249,65300,2026-07-02T09:16:00Z,NEFT,False,
BANK-TXN-00007637,ACCOUNT-000175,ACCOUNT-000640,5400,2026-06-17T07:44:00Z,UPI,False,
BANK-TXN-00007638,ACCOUNT-000635,ACCOUNT-001480,28700,2026-08-24T09:31:00Z,UPI,False,
BANK-TXN-00007639,ACCOUNT-000293,ACCOUNT-001127,10500,2026-07-13T11:58:00Z,NEFT,False,
BANK-TXN-00007640,ACCOUNT-000758,ACCOUNT-000326,48700,2026-06-04T07:20:00Z,IMPS,False,
BANK-TXN-00007641,ACCOUNT-000412,ACCOUNT-000755,48900,2026-07-27T02:33:00Z,NEFT,False,
BANK-TXN-00007642,ACCOUNT-001668,ACCOUNT-000475,39600,2026-08-22T01:10:00Z,NEFT,False,
BANK-TXN-00007643,ACCOUNT-001001,ACCOUNT-000657,51400,2026-08-19T09:00:00Z,UPI,False,
BANK-TXN-00007644,ACCOUNT-001343,ACCOUNT-000725,3200,2026-08-16T09:42:00Z,UPI,False,
BANK-TXN-00007645,ACCOUNT-001639,ACCOUNT-000468,2400,2026-07-24T01:34:00Z,IMPS,False,
BANK-TXN-00007646,ACCOUNT-000557,ACCOUNT-000243,8600,2026-08-20T11:28:00Z,UPI,False,
BANK-TXN-00007647,ACCOUNT-000108,ACCOUNT-001204,8900,2026-08-10T05:55:00Z,UPI,False,
BANK-TXN-00007648,ACCOUNT-000368,ACCOUNT-001199,2000,2026-06-01T13:56:00Z,UPI,False,
BANK-TXN-00007649,ACCOUNT-001850,ACCOUNT-001382,4600,2026-07-02T16:24:00Z,UPI,False,
BANK-TXN-00007650,ACCOUNT-000759,ACCOUNT-000660,9400,2026-08-12T15:28:00Z,IMPS,False,
BANK-TXN-00007651,ACCOUNT-000518,ACCOUNT-001256,18000,2026-06-26T13:16:00Z,UPI,False,
BANK-TXN-00007652,ACCOUNT-001115,ACCOUNT-000580,6200,2026-07-23T17:36:00Z,UPI,False,
BANK-TXN-00007653,ACCOUNT-001933,ACCOUNT-000504,20600,2026-06-08T10:03:00Z,UPI,False,
BANK-TXN-00007654,ACCOUNT-001169,ACCOUNT-001882,60200,2026-08-23T16:42:00Z,IMPS,False,
BANK-TXN-00007655,ACCOUNT-001146,ACCOUNT-000283,2800,2026-07-22T19:58:00Z,IMPS,False,
BANK-TXN-00007656,ACCOUNT-000831,ACCOUNT-001356,24800,2026-07-27T08:13:00Z,UPI,False,
BANK-TXN-00007657,ACCOUNT-000750,ACCOUNT-001309,3200,2026-06-17T15:42:00Z,IMPS,False,
BANK-TXN-00007658,ACCOUNT-001515,ACCOUNT-001811,15900,2026-06-09T01:47:00Z,NEFT,False,
BANK-TXN-00007659,ACCOUNT-001452,ACCOUNT-001292,27800,2026-08-23T01:15:00Z,UPI,False,
BANK-TXN-00007660,ACCOUNT-001675,ACCOUNT-000312,5500,2026-08-16T08:26:00Z,NEFT,False,
BANK-TXN-00007661,ACCOUNT-001374,ACCOUNT-000035,6400,2026-07-04T08:24:00Z,UPI,False,
BANK-TXN-00007662,ACCOUNT-001902,ACCOUNT-000771,55800,2026-06-30T00:18:00Z,IMPS,False,
BANK-TXN-00007663,ACCOUNT-001355,ACCOUNT-001650,1000,2026-08-25T10:01:00Z,NEFT,False,
BANK-TXN-00007664,ACCOUNT-000483,ACCOUNT-001881,39700,2026-06-20T10:04:00Z,IMPS,False,
BANK-TXN-00007665,ACCOUNT-001864,ACCOUNT-000013,21500,2026-06-03T17:07:00Z,IMPS,False,
BANK-TXN-00007666,ACCOUNT-000649,ACCOUNT-000492,500,2026-07-14T12:43:00Z,IMPS,False,
BANK-TXN-00007667,ACCOUNT-001396,ACCOUNT-000388,42700,2026-07-15T14:11:00Z,UPI,False,
BANK-TXN-00007668,ACCOUNT-000801,ACCOUNT-000510,29100,2026-06-14T01:16:00Z,UPI,False,
BANK-TXN-00007669,ACCOUNT-000035,ACCOUNT-001359,13600,2026-08-08T15:16:00Z,UPI,False,
BANK-TXN-00007670,ACCOUNT-000145,ACCOUNT-000973,18200,2026-06-08T13:56:00Z,UPI,False,
BANK-TXN-00007671,ACCOUNT-000091,ACCOUNT-001232,84500,2026-06-07T22:48:00Z,UPI,False,
BANK-TXN-00007672,ACCOUNT-000982,ACCOUNT-000284,8900,2026-06-23T03:21:00Z,UPI,False,
BANK-TXN-00007673,ACCOUNT-001181,ACCOUNT-001948,200,2026-06-08T06:04:00Z,UPI,False,
BANK-TXN-00007674,ACCOUNT-001471,ACCOUNT-000985,59400,2026-07-31T16:02:00Z,UPI,False,
BANK-TXN-00007675,ACCOUNT-000656,ACCOUNT-001680,84200,2026-08-01T01:42:00Z,UPI,False,
BANK-TXN-00007676,ACCOUNT-000365,ACCOUNT-001418,81500,2026-07-21T09:35:00Z,IMPS,False,
BANK-TXN-00007677,ACCOUNT-000351,ACCOUNT-000483,14600,2026-06-18T13:38:00Z,UPI,False,
BANK-TXN-00007678,ACCOUNT-000004,ACCOUNT-001393,17900,2026-08-14T00:16:00Z,UPI,False,
BANK-TXN-00007679,ACCOUNT-000632,ACCOUNT-001128,2900,2026-07-20T11:51:00Z,UPI,False,
BANK-TXN-00007680,ACCOUNT-CMP-000001,ACCOUNT-000215,1300,2026-06-01T10:31:00Z,IMPS,False,
BANK-TXN-00007681,ACCOUNT-000349,ACCOUNT-000211,81300,2026-06-06T12:39:00Z,UPI,False,
BANK-TXN-00007682,ACCOUNT-000706,ACCOUNT-001593,98000,2026-07-27T06:20:00Z,RTGS,False,
BANK-TXN-00007683,ACCOUNT-000494,ACCOUNT-001176,5000,2026-08-19T22:47:00Z,IMPS,False,
BANK-TXN-00007684,ACCOUNT-000217,ACCOUNT-001481,8200,2026-08-22T15:29:00Z,IMPS,False,
BANK-TXN-00007685,ACCOUNT-000113,ACCOUNT-000308,21400,2026-06-13T11:22:00Z,UPI,False,
BANK-TXN-00007686,ACCOUNT-000732,ACCOUNT-001812,26400,2026-08-14T17:47:00Z,IMPS,False,
BANK-TXN-00007687,ACCOUNT-001012,ACCOUNT-001562,6300,2026-06-12T12:01:00Z,IMPS,False,
BANK-TXN-00007688,ACCOUNT-001632,ACCOUNT-000371,35900,2026-08-08T13:31:00Z,UPI,False,
BANK-TXN-00007689,ACCOUNT-001091,ACCOUNT-001276,8100,2026-06-11T16:03:00Z,UPI,False,
BANK-TXN-00007690,ACCOUNT-000329,ACCOUNT-000203,95500,2026-08-02T16:37:00Z,IMPS,False,
BANK-TXN-00007691,ACCOUNT-001151,ACCOUNT-000363,48900,2026-06-08T09:37:00Z,UPI,False,
BANK-TXN-00007692,ACCOUNT-000327,ACCOUNT-000131,10800,2026-06-15T01:22:00Z,IMPS,False,
BANK-TXN-00007693,ACCOUNT-001504,ACCOUNT-001161,22700,2026-07-21T03:56:00Z,UPI,False,
BANK-TXN-00007694,ACCOUNT-000427,ACCOUNT-001559,44400,2026-07-03T12:48:00Z,IMPS,False,
BANK-TXN-00007695,ACCOUNT-001455,ACCOUNT-001686,23000,2026-08-06T13:34:00Z,UPI,False,
BANK-TXN-00007696,ACCOUNT-000878,ACCOUNT-001864,39900,2026-07-20T00:33:00Z,UPI,False,
BANK-TXN-00007697,ACCOUNT-001360,ACCOUNT-000663,2100,2026-06-03T11:14:00Z,UPI,False,
BANK-TXN-00007698,ACCOUNT-000834,ACCOUNT-001765,36800,2026-07-13T02:57:00Z,IMPS,False,
BANK-TXN-00007699,ACCOUNT-001586,ACCOUNT-001191,11700,2026-07-07T02:05:00Z,UPI,False,
BANK-TXN-00007700,ACCOUNT-001200,ACCOUNT-001314,20500,2026-08-28T14:52:00Z,UPI,False,
BANK-TXN-00007701,ACCOUNT-000006,ACCOUNT-000636,75500,2026-08-07T12:36:00Z,IMPS,False,
BANK-TXN-00007702,ACCOUNT-000095,ACCOUNT-001737,20100,2026-06-20T21:11:00Z,UPI,False,
BANK-TXN-00007703,ACCOUNT-000014,ACCOUNT-001419,8200,2026-06-09T13:28:00Z,UPI,False,
BANK-TXN-00007704,ACCOUNT-001467,ACCOUNT-000606,33400,2026-08-15T12:12:00Z,UPI,False,
BANK-TXN-00007705,ACCOUNT-001636,ACCOUNT-001290,58000,2026-06-08T17:20:00Z,UPI,False,
BANK-TXN-00007706,ACCOUNT-000358,ACCOUNT-000226,8500,2026-08-05T06:08:00Z,UPI,False,
BANK-TXN-00007707,ACCOUNT-001190,ACCOUNT-001674,50000,2026-06-03T07:44:00Z,RTGS,False,
BANK-TXN-00007708,ACCOUNT-001725,ACCOUNT-000276,1900,2026-06-26T13:40:00Z,UPI,False,
BANK-TXN-00007709,ACCOUNT-000540,ACCOUNT-001209,900,2026-06-29T08:40:00Z,IMPS,False,
BANK-TXN-00007710,ACCOUNT-001942,ACCOUNT-000674,80600,2026-07-24T13:09:00Z,UPI,False,
BANK-TXN-00007711,ACCOUNT-001119,ACCOUNT-000642,7100,2026-07-31T03:05:00Z,UPI,False,
BANK-TXN-00007712,ACCOUNT-001354,ACCOUNT-000601,84900,2026-06-16T09:07:00Z,IMPS,False,
BANK-TXN-00007713,ACCOUNT-001541,ACCOUNT-000137,18600,2026-07-04T09:46:00Z,UPI,False,
BANK-TXN-00007714,ACCOUNT-001127,ACCOUNT-001466,900,2026-06-29T08:40:00Z,RTGS,False,
BANK-TXN-00007715,ACCOUNT-001171,ACCOUNT-001420,42000,2026-08-23T20:55:00Z,UPI,False,
BANK-TXN-00007716,ACCOUNT-001178,ACCOUNT-000937,1900,2026-07-28T06:53:00Z,NEFT,False,
BANK-TXN-00007717,ACCOUNT-000867,ACCOUNT-000490,77700,2026-08-02T12:59:00Z,IMPS,False,
BANK-TXN-00007718,ACCOUNT-000198,ACCOUNT-001904,18200,2026-08-22T15:00:00Z,IMPS,False,
BANK-TXN-00007719,ACCOUNT-000798,ACCOUNT-001301,11500,2026-08-15T09:32:00Z,UPI,False,
BANK-TXN-00007720,ACCOUNT-001444,ACCOUNT-000742,60600,2026-06-11T11:11:00Z,UPI,False,
BANK-TXN-00007721,ACCOUNT-001378,ACCOUNT-000596,5500,2026-07-14T09:43:00Z,UPI,False,
BANK-TXN-00007722,ACCOUNT-000614,ACCOUNT-000334,12200,2026-08-26T08:03:00Z,NEFT,False,
BANK-TXN-00007723,ACCOUNT-000383,ACCOUNT-001117,16900,2026-06-09T02:34:00Z,IMPS,False,
BANK-TXN-00007724,ACCOUNT-001707,ACCOUNT-000953,10800,2026-06-19T12:40:00Z,IMPS,False,
BANK-TXN-00007725,ACCOUNT-000637,ACCOUNT-000245,52400,2026-07-17T00:53:00Z,IMPS,False,
BANK-TXN-00007726,ACCOUNT-000938,ACCOUNT-000758,46200,2026-07-02T07:00:00Z,IMPS,False,
BANK-TXN-00007727,ACCOUNT-000777,ACCOUNT-001347,27300,2026-08-25T00:17:00Z,NEFT,False,
BANK-TXN-00007728,ACCOUNT-000868,ACCOUNT-001203,12500,2026-07-24T18:12:00Z,UPI,False,
BANK-TXN-00007729,ACCOUNT-001110,ACCOUNT-000538,66000,2026-06-18T16:06:00Z,RTGS,False,
BANK-TXN-00007730,ACCOUNT-001608,ACCOUNT-000738,8100,2026-06-14T05:26:00Z,UPI,False,
BANK-TXN-00007731,ACCOUNT-000127,ACCOUNT-001420,5800,2026-07-07T09:06:00Z,UPI,False,
BANK-TXN-00007732,ACCOUNT-001718,ACCOUNT-001345,84400,2026-08-14T05:36:00Z,IMPS,False,
BANK-TXN-00007733,ACCOUNT-000516,ACCOUNT-001225,83000,2026-08-25T12:59:00Z,UPI,False,
BANK-TXN-00007734,ACCOUNT-000870,ACCOUNT-000255,7200,2026-08-26T23:15:00Z,NEFT,False,
BANK-TXN-00007735,ACCOUNT-001348,ACCOUNT-000282,19300,2026-08-25T02:12:00Z,RTGS,False,
BANK-TXN-00007736,ACCOUNT-001451,ACCOUNT-001593,30200,2026-07-10T09:39:00Z,IMPS,False,
BANK-TXN-00007737,ACCOUNT-001231,ACCOUNT-000536,30100,2026-08-04T10:01:00Z,UPI,False,
BANK-TXN-00007738,ACCOUNT-000735,ACCOUNT-001162,85400,2026-06-24T07:43:00Z,UPI,False,
BANK-TXN-00007739,ACCOUNT-001500,ACCOUNT-001108,47200,2026-06-29T03:27:00Z,UPI,False,
BANK-TXN-00007740,ACCOUNT-001150,ACCOUNT-001057,800,2026-08-17T08:18:00Z,IMPS,False,
BANK-TXN-00007741,ACCOUNT-000479,ACCOUNT-001631,6300,2026-06-29T09:04:00Z,UPI,False,
BANK-TXN-00007742,ACCOUNT-000545,ACCOUNT-000482,25300,2026-08-07T15:20:00Z,IMPS,False,
BANK-TXN-00007743,ACCOUNT-001799,ACCOUNT-001554,44700,2026-08-16T17:28:00Z,IMPS,False,
BANK-TXN-00007744,ACCOUNT-000492,ACCOUNT-000504,83000,2026-06-24T11:08:00Z,UPI,False,
BANK-TXN-00007745,ACCOUNT-001050,ACCOUNT-001485,9700,2026-08-20T16:49:00Z,UPI,False,
BANK-TXN-00007746,ACCOUNT-001040,ACCOUNT-001922,17200,2026-08-10T16:57:00Z,UPI,False,
BANK-TXN-00007747,ACCOUNT-001350,ACCOUNT-001668,75100,2026-07-29T04:53:00Z,UPI,False,
BANK-TXN-00007748,ACCOUNT-001796,ACCOUNT-001594,25000,2026-06-18T18:04:00Z,UPI,False,
BANK-TXN-00007749,ACCOUNT-000229,ACCOUNT-001645,10400,2026-08-24T05:51:00Z,UPI,False,
BANK-TXN-00007750,ACCOUNT-001602,ACCOUNT-001773,5800,2026-06-09T16:42:00Z,UPI,False,
BANK-TXN-00007751,ACCOUNT-000200,ACCOUNT-001022,9000,2026-08-23T07:26:00Z,IMPS,False,
BANK-TXN-00007752,ACCOUNT-000489,ACCOUNT-001013,10800,2026-06-26T08:47:00Z,UPI,False,
BANK-TXN-00007753,ACCOUNT-001823,ACCOUNT-001859,39600,2026-08-21T04:13:00Z,UPI,False,
BANK-TXN-00007754,ACCOUNT-001449,ACCOUNT-001653,6500,2026-06-08T19:46:00Z,NEFT,False,
BANK-TXN-00007755,ACCOUNT-001067,ACCOUNT-000236,5300,2026-07-30T12:50:00Z,UPI,False,
BANK-TXN-00007756,ACCOUNT-001800,ACCOUNT-000686,40700,2026-08-09T09:01:00Z,UPI,False,
BANK-TXN-00007757,ACCOUNT-000754,ACCOUNT-000590,49300,2026-07-08T16:55:00Z,UPI,False,
BANK-TXN-00007758,ACCOUNT-001299,ACCOUNT-000110,5600,2026-07-06T17:28:00Z,NEFT,False,
BANK-TXN-00007759,ACCOUNT-000549,ACCOUNT-000021,36000,2026-07-01T04:18:00Z,UPI,False,
BANK-TXN-00007760,ACCOUNT-001304,ACCOUNT-001303,28900,2026-07-16T08:47:00Z,NEFT,False,
BANK-TXN-00007761,ACCOUNT-000262,ACCOUNT-000239,11100,2026-05-31T15:14:00Z,IMPS,False,
BANK-TXN-00007762,ACCOUNT-000206,ACCOUNT-000215,69300,2026-07-29T15:01:00Z,UPI,False,
BANK-TXN-00007763,ACCOUNT-001411,ACCOUNT-001807,8600,2026-06-15T14:23:00Z,UPI,False,
BANK-TXN-00007764,ACCOUNT-001691,ACCOUNT-001079,63100,2026-07-23T11:23:00Z,UPI,False,
BANK-TXN-00007765,ACCOUNT-001370,ACCOUNT-001867,28600,2026-06-15T15:22:00Z,UPI,False,
BANK-TXN-00007766,ACCOUNT-000955,ACCOUNT-001726,1900,2026-08-10T08:12:00Z,UPI,False,
BANK-TXN-00007767,ACCOUNT-001612,ACCOUNT-001709,2900,2026-07-20T00:17:00Z,NEFT,False,
BANK-TXN-00007768,ACCOUNT-000844,ACCOUNT-000473,19800,2026-06-17T16:00:00Z,UPI,False,
BANK-TXN-00007769,ACCOUNT-001788,ACCOUNT-000581,22400,2026-07-21T15:34:00Z,UPI,False,
BANK-TXN-00007770,ACCOUNT-000140,ACCOUNT-001635,13400,2026-07-22T06:50:00Z,IMPS,False,
BANK-TXN-00007771,ACCOUNT-001048,ACCOUNT-001549,32600,2026-06-24T10:09:00Z,UPI,False,
BANK-TXN-00007772,ACCOUNT-001771,ACCOUNT-000036,1700,2026-06-18T09:03:00Z,UPI,False,
BANK-TXN-00007773,ACCOUNT-000169,ACCOUNT-000975,8800,2026-06-18T14:56:00Z,UPI,False,
BANK-TXN-00007774,ACCOUNT-001592,ACCOUNT-000895,16600,2026-05-31T09:29:00Z,UPI,False,
BANK-TXN-00007775,ACCOUNT-001261,ACCOUNT-000440,9700,2026-06-27T11:03:00Z,IMPS,False,
BANK-TXN-00007776,ACCOUNT-000904,ACCOUNT-001512,6000,2026-08-13T00:44:00Z,UPI,False,
BANK-TXN-00007777,ACCOUNT-000337,ACCOUNT-000650,84600,2026-08-28T07:06:00Z,UPI,False,
BANK-TXN-00007778,ACCOUNT-001551,ACCOUNT-000201,6400,2026-08-05T14:52:00Z,RTGS,False,
BANK-TXN-00007779,ACCOUNT-001753,ACCOUNT-000933,3900,2026-08-10T21:41:00Z,UPI,False,
BANK-TXN-00007780,ACCOUNT-000444,ACCOUNT-001686,2800,2026-06-28T21:17:00Z,UPI,False,
BANK-TXN-00007781,ACCOUNT-000481,ACCOUNT-001221,96200,2026-06-12T10:20:00Z,UPI,False,
BANK-TXN-00007782,ACCOUNT-000934,ACCOUNT-000430,100,2026-07-31T01:50:00Z,UPI,False,
BANK-TXN-00007783,ACCOUNT-001877,ACCOUNT-001085,19100,2026-08-04T01:31:00Z,IMPS,False,
BANK-TXN-00007784,ACCOUNT-001119,ACCOUNT-001828,5500,2026-08-06T01:46:00Z,UPI,False,
BANK-TXN-00007785,ACCOUNT-000576,ACCOUNT-001639,3600,2026-07-12T03:14:00Z,UPI,False,
BANK-TXN-00007786,ACCOUNT-001568,ACCOUNT-001040,99800,2026-06-17T07:23:00Z,IMPS,False,
BANK-TXN-00007787,ACCOUNT-000192,ACCOUNT-001081,81700,2026-08-13T02:09:00Z,UPI,False,
BANK-TXN-00007788,ACCOUNT-001150,ACCOUNT-000246,62000,2026-06-26T05:15:00Z,UPI,False,
BANK-TXN-00007789,ACCOUNT-001598,ACCOUNT-001316,9200,2026-08-28T12:48:00Z,NEFT,False,
BANK-TXN-00007790,ACCOUNT-001527,ACCOUNT-001344,15000,2026-07-19T14:09:00Z,UPI,False,
BANK-TXN-00007791,ACCOUNT-001155,ACCOUNT-001387,72700,2026-07-01T07:11:00Z,UPI,False,
BANK-TXN-00007792,ACCOUNT-000026,ACCOUNT-000554,84500,2026-08-22T05:05:00Z,NEFT,False,
BANK-TXN-00007793,ACCOUNT-000380,ACCOUNT-000597,200,2026-08-10T15:48:00Z,IMPS,False,
BANK-TXN-00007794,ACCOUNT-000166,ACCOUNT-001395,6400,2026-07-01T16:36:00Z,UPI,False,
BANK-TXN-00007795,ACCOUNT-001327,ACCOUNT-000466,44500,2026-08-28T08:19:00Z,RTGS,False,
BANK-TXN-00007796,ACCOUNT-000627,ACCOUNT-000522,87700,2026-06-28T11:07:00Z,UPI,False,
BANK-TXN-00007797,ACCOUNT-000996,ACCOUNT-000244,7300,2026-08-11T19:03:00Z,UPI,False,
BANK-TXN-00007798,ACCOUNT-001662,ACCOUNT-001106,400,2026-06-14T12:22:00Z,UPI,False,
BANK-TXN-00007799,ACCOUNT-001744,ACCOUNT-000229,8000,2026-06-17T00:07:00Z,IMPS,False,
BANK-TXN-00007800,ACCOUNT-000576,ACCOUNT-000596,2900,2026-06-06T08:49:00Z,UPI,False,
BANK-TXN-00007801,ACCOUNT-001194,ACCOUNT-001288,60700,2026-08-19T13:08:00Z,UPI,False,
BANK-TXN-00007802,ACCOUNT-001913,ACCOUNT-001586,68200,2026-06-17T11:28:00Z,UPI,False,
BANK-TXN-00007803,ACCOUNT-000831,ACCOUNT-000734,52400,2026-08-21T02:04:00Z,UPI,False,
BANK-TXN-00007804,ACCOUNT-000566,ACCOUNT-000608,34900,2026-08-26T06:31:00Z,UPI,False,
BANK-TXN-00007805,ACCOUNT-001363,ACCOUNT-001773,7100,2026-08-12T16:36:00Z,NEFT,False,
BANK-TXN-00007806,ACCOUNT-000754,ACCOUNT-000189,7400,2026-08-25T00:59:00Z,NEFT,False,
BANK-TXN-00007807,ACCOUNT-001537,ACCOUNT-001101,8700,2026-07-15T11:41:00Z,IMPS,False,
BANK-TXN-00007808,ACCOUNT-000973,ACCOUNT-001317,49800,2026-07-29T10:06:00Z,IMPS,False,
BANK-TXN-00007809,ACCOUNT-001627,ACCOUNT-000187,22800,2026-06-01T10:09:00Z,UPI,False,
BANK-TXN-00007810,ACCOUNT-000796,ACCOUNT-000465,8700,2026-08-22T02:54:00Z,NEFT,False,
BANK-TXN-00007811,ACCOUNT-001098,ACCOUNT-000326,49800,2026-08-04T12:06:00Z,UPI,False,
BANK-TXN-00007812,ACCOUNT-001691,ACCOUNT-000232,97800,2026-08-17T17:18:00Z,UPI,False,
BANK-TXN-00007813,ACCOUNT-001783,ACCOUNT-000422,6400,2026-08-17T21:36:00Z,UPI,False,
BANK-TXN-00007814,ACCOUNT-000744,ACCOUNT-000076,24200,2026-07-10T06:17:00Z,IMPS,False,
BANK-TXN-00007815,ACCOUNT-000358,ACCOUNT-001386,58100,2026-07-15T17:51:00Z,UPI,False,
BANK-TXN-00007816,ACCOUNT-001739,ACCOUNT-001823,22600,2026-07-09T14:08:00Z,UPI,False,
BANK-TXN-00007817,ACCOUNT-001663,ACCOUNT-000158,19000,2026-07-04T09:41:00Z,NEFT,False,
BANK-TXN-00007818,ACCOUNT-001951,ACCOUNT-001726,7200,2026-08-22T16:39:00Z,RTGS,False,
BANK-TXN-00007819,ACCOUNT-001896,ACCOUNT-001748,7800,2026-07-23T17:01:00Z,UPI,False,
BANK-TXN-00007820,ACCOUNT-000524,ACCOUNT-000895,6000,2026-07-05T12:36:00Z,UPI,False,
BANK-TXN-00007821,ACCOUNT-001430,ACCOUNT-000987,40000,2026-07-10T20:41:00Z,UPI,False,
BANK-TXN-00007822,ACCOUNT-001649,ACCOUNT-000729,6800,2026-07-17T02:12:00Z,IMPS,False,
BANK-TXN-00007823,ACCOUNT-000350,ACCOUNT-001418,31600,2026-08-23T13:10:00Z,RTGS,False,
BANK-TXN-00007824,ACCOUNT-000302,ACCOUNT-CMP-000001,2500,2026-07-23T09:26:00Z,UPI,False,
BANK-TXN-00007825,ACCOUNT-000988,ACCOUNT-000171,26000,2026-06-10T04:19:00Z,IMPS,False,
BANK-TXN-00007826,ACCOUNT-000388,ACCOUNT-000595,5400,2026-06-24T09:02:00Z,UPI,False,
BANK-TXN-00007827,ACCOUNT-000096,ACCOUNT-000252,8600,2026-07-15T13:39:00Z,IMPS,False,
BANK-TXN-00007828,ACCOUNT-000380,ACCOUNT-001899,17100,2026-08-17T18:13:00Z,NEFT,False,
BANK-TXN-00007829,ACCOUNT-000523,ACCOUNT-000010,15400,2026-08-17T13:17:00Z,NEFT,False,
BANK-TXN-00007830,ACCOUNT-000953,ACCOUNT-001252,51300,2026-08-21T07:34:00Z,UPI,False,
BANK-TXN-00007831,ACCOUNT-001049,ACCOUNT-000494,19000,2026-07-16T10:13:00Z,RTGS,False,
BANK-TXN-00007832,ACCOUNT-001321,ACCOUNT-001941,24300,2026-07-31T12:40:00Z,UPI,False,
BANK-TXN-00007833,ACCOUNT-001568,ACCOUNT-001256,31600,2026-07-02T09:11:00Z,UPI,False,
BANK-TXN-00007834,ACCOUNT-001503,ACCOUNT-000599,4700,2026-08-08T08:19:00Z,IMPS,False,
BANK-TXN-00007835,ACCOUNT-000622,ACCOUNT-000437,33300,2026-07-10T10:09:00Z,UPI,False,
BANK-TXN-00007836,ACCOUNT-000524,ACCOUNT-001199,11500,2026-06-26T03:27:00Z,NEFT,False,
BANK-TXN-00007837,ACCOUNT-001823,ACCOUNT-001888,48200,2026-07-02T10:19:00Z,NEFT,False,
BANK-TXN-00007838,ACCOUNT-001898,ACCOUNT-000372,55400,2026-07-19T15:12:00Z,UPI,False,
BANK-TXN-00007839,ACCOUNT-000012,ACCOUNT-001113,63300,2026-07-08T01:27:00Z,UPI,False,
BANK-TXN-00007840,ACCOUNT-000221,ACCOUNT-001733,6800,2026-06-12T03:17:00Z,UPI,False,
BANK-TXN-00007841,ACCOUNT-000146,ACCOUNT-001323,7900,2026-06-07T10:23:00Z,UPI,False,
BANK-TXN-00007842,ACCOUNT-000444,ACCOUNT-000900,9600,2026-08-15T23:00:00Z,IMPS,False,
BANK-TXN-00007843,ACCOUNT-001622,ACCOUNT-000754,11800,2026-06-11T08:48:00Z,NEFT,False,
BANK-TXN-00007844,ACCOUNT-001146,ACCOUNT-001736,15200,2026-06-27T13:57:00Z,NEFT,False,
BANK-TXN-00007845,ACCOUNT-000086,ACCOUNT-001153,500,2026-07-28T13:46:00Z,UPI,False,
BANK-TXN-00007846,ACCOUNT-001653,ACCOUNT-000835,99000,2026-07-24T06:54:00Z,UPI,False,
BANK-TXN-00007847,ACCOUNT-001455,ACCOUNT-001156,1400,2026-06-05T14:18:00Z,UPI,False,
BANK-TXN-00007848,ACCOUNT-000672,ACCOUNT-001087,5900,2026-08-27T13:11:00Z,IMPS,False,
BANK-TXN-00007849,ACCOUNT-001582,ACCOUNT-001584,500,2026-06-22T03:43:00Z,RTGS,False,
BANK-TXN-00007850,ACCOUNT-000935,ACCOUNT-000159,9500,2026-08-04T03:12:00Z,UPI,False,
BANK-TXN-00007851,ACCOUNT-001268,ACCOUNT-000942,40100,2026-08-16T10:34:00Z,UPI,False,
BANK-TXN-00007852,ACCOUNT-000953,ACCOUNT-000976,2700,2026-05-31T15:47:00Z,NEFT,False,
BANK-TXN-00007853,ACCOUNT-001628,ACCOUNT-000294,32900,2026-07-02T13:50:00Z,UPI,False,
BANK-TXN-00007854,ACCOUNT-000097,ACCOUNT-000173,96600,2026-08-23T23:35:00Z,IMPS,False,
BANK-TXN-00007855,ACCOUNT-000907,ACCOUNT-000964,26400,2026-07-22T21:22:00Z,UPI,False,
BANK-TXN-00007856,ACCOUNT-000442,ACCOUNT-000271,34700,2026-07-12T08:16:00Z,IMPS,False,
BANK-TXN-00007857,ACCOUNT-000147,ACCOUNT-001115,96600,2026-08-27T14:00:00Z,UPI,False,
BANK-TXN-00007858,ACCOUNT-000500,ACCOUNT-001661,200,2026-07-01T21:29:00Z,UPI,False,
BANK-TXN-00007859,ACCOUNT-001883,ACCOUNT-000307,9400,2026-08-11T17:53:00Z,UPI,False,
BANK-TXN-00007860,ACCOUNT-001698,ACCOUNT-000447,800,2026-06-11T21:54:00Z,NEFT,False,
BANK-TXN-00007861,ACCOUNT-001705,ACCOUNT-000157,39400,2026-06-20T02:14:00Z,UPI,False,
BANK-TXN-00007862,ACCOUNT-000551,ACCOUNT-001488,48400,2026-06-14T18:10:00Z,UPI,False,
BANK-TXN-00007863,ACCOUNT-001262,ACCOUNT-001062,1900,2026-06-28T04:58:00Z,IMPS,False,
BANK-TXN-00007864,ACCOUNT-000163,ACCOUNT-000168,57600,2026-07-05T15:49:00Z,IMPS,False,
BANK-TXN-00007865,ACCOUNT-000744,ACCOUNT-000230,8700,2026-06-17T13:11:00Z,NEFT,False,
BANK-TXN-00007866,ACCOUNT-001039,ACCOUNT-001293,5600,2026-07-10T17:32:00Z,UPI,False,
BANK-TXN-00007867,ACCOUNT-001791,ACCOUNT-000993,16400,2026-08-26T04:51:00Z,NEFT,False,
BANK-TXN-00007868,ACCOUNT-001612,ACCOUNT-001669,1100,2026-06-13T13:40:00Z,IMPS,False,
BANK-TXN-00007869,ACCOUNT-001892,ACCOUNT-001514,83900,2026-08-08T03:55:00Z,RTGS,False,
BANK-TXN-00007870,ACCOUNT-000291,ACCOUNT-001876,52500,2026-07-18T04:44:00Z,UPI,False,
BANK-TXN-00007871,ACCOUNT-000956,ACCOUNT-001941,1100,2026-07-15T09:39:00Z,UPI,False,
BANK-TXN-00007872,ACCOUNT-000516,ACCOUNT-001333,14500,2026-08-11T12:45:00Z,UPI,False,
BANK-TXN-00007873,ACCOUNT-001351,ACCOUNT-000949,37700,2026-06-09T14:28:00Z,NEFT,False,
BANK-TXN-00007874,ACCOUNT-001729,ACCOUNT-001406,2600,2026-08-04T17:51:00Z,UPI,False,
BANK-TXN-00007875,ACCOUNT-000423,ACCOUNT-001261,5000,2026-06-08T17:45:00Z,UPI,False,
BANK-TXN-00007876,ACCOUNT-000921,ACCOUNT-000872,6100,2026-06-30T15:27:00Z,UPI,False,
BANK-TXN-00007877,ACCOUNT-001002,ACCOUNT-001136,53100,2026-08-27T11:48:00Z,UPI,False,
BANK-TXN-00007878,ACCOUNT-001709,ACCOUNT-001841,4500,2026-07-21T09:46:00Z,IMPS,False,
BANK-TXN-00007879,ACCOUNT-000792,ACCOUNT-000855,29400,2026-07-09T04:12:00Z,IMPS,False,
BANK-TXN-00007880,ACCOUNT-000065,ACCOUNT-001296,93400,2026-08-08T01:15:00Z,UPI,False,
BANK-TXN-00007881,ACCOUNT-001333,ACCOUNT-000639,1700,2026-06-11T09:02:00Z,IMPS,False,
BANK-TXN-00007882,ACCOUNT-001010,ACCOUNT-000252,16500,2026-07-06T14:22:00Z,RTGS,False,
BANK-TXN-00007883,ACCOUNT-000657,ACCOUNT-001307,20400,2026-06-25T04:14:00Z,UPI,False,
BANK-TXN-00007884,ACCOUNT-000946,ACCOUNT-001469,27800,2026-08-13T15:08:00Z,UPI,False,
BANK-TXN-00007885,ACCOUNT-000522,ACCOUNT-000343,9000,2026-06-30T11:23:00Z,NEFT,False,
BANK-TXN-00007886,ACCOUNT-001068,ACCOUNT-001862,7900,2026-06-30T06:51:00Z,IMPS,False,
BANK-TXN-00007887,ACCOUNT-000873,ACCOUNT-000657,13200,2026-07-27T06:26:00Z,UPI,False,
BANK-TXN-00007888,ACCOUNT-000625,ACCOUNT-001574,42600,2026-06-13T06:42:00Z,UPI,False,
BANK-TXN-00007889,ACCOUNT-001287,ACCOUNT-000564,4700,2026-06-07T20:03:00Z,UPI,False,
BANK-TXN-00007890,ACCOUNT-001318,ACCOUNT-000206,24400,2026-07-21T15:34:00Z,UPI,False,
BANK-TXN-00007891,ACCOUNT-001842,ACCOUNT-001875,6300,2026-08-03T10:25:00Z,UPI,False,
BANK-TXN-00007892,ACCOUNT-000510,ACCOUNT-000626,19900,2026-07-17T07:47:00Z,UPI,False,
BANK-TXN-00007893,ACCOUNT-001657,ACCOUNT-000332,99300,2026-08-12T06:27:00Z,IMPS,False,
BANK-TXN-00007894,ACCOUNT-000851,ACCOUNT-001672,17700,2026-07-13T06:18:00Z,IMPS,False,
BANK-TXN-00007895,ACCOUNT-001300,ACCOUNT-000305,9400,2026-06-04T23:10:00Z,IMPS,False,
BANK-TXN-00007896,ACCOUNT-000002,ACCOUNT-000232,41300,2026-08-03T15:20:00Z,UPI,False,
BANK-TXN-00007897,ACCOUNT-001623,ACCOUNT-001253,37300,2026-08-19T03:17:00Z,RTGS,False,
BANK-TXN-00007898,ACCOUNT-000204,ACCOUNT-001873,2300,2026-07-20T03:53:00Z,IMPS,False,
BANK-TXN-00007899,ACCOUNT-001083,ACCOUNT-000222,5400,2026-06-08T13:51:00Z,UPI,False,
BANK-TXN-00007900,ACCOUNT-001249,ACCOUNT-000560,23900,2026-08-08T10:53:00Z,UPI,False,
BANK-TXN-00007901,ACCOUNT-001480,ACCOUNT-001884,2500,2026-07-08T14:24:00Z,UPI,False,
BANK-TXN-00007902,ACCOUNT-001230,ACCOUNT-000919,45900,2026-06-08T13:37:00Z,IMPS,False,
BANK-TXN-00007903,ACCOUNT-001543,ACCOUNT-001609,11600,2026-08-11T17:09:00Z,UPI,False,
BANK-TXN-00007904,ACCOUNT-001923,ACCOUNT-001237,4200,2026-06-18T05:57:00Z,IMPS,False,
BANK-TXN-00007905,ACCOUNT-000543,ACCOUNT-000604,37400,2026-07-31T23:52:00Z,UPI,False,
BANK-TXN-00007906,ACCOUNT-001537,ACCOUNT-000029,64800,2026-06-03T13:35:00Z,UPI,False,
BANK-TXN-00007907,ACCOUNT-001318,ACCOUNT-000846,58800,2026-06-09T17:00:00Z,UPI,False,
BANK-TXN-00007908,ACCOUNT-000405,ACCOUNT-001914,35600,2026-08-07T03:09:00Z,IMPS,False,
BANK-TXN-00007909,ACCOUNT-001424,ACCOUNT-001314,4800,2026-08-16T19:45:00Z,UPI,False,
BANK-TXN-00007910,ACCOUNT-000696,ACCOUNT-000469,27000,2026-06-13T11:06:00Z,UPI,False,
BANK-TXN-00007911,ACCOUNT-000546,ACCOUNT-001742,13400,2026-08-05T12:03:00Z,IMPS,False,
BANK-TXN-00007912,ACCOUNT-000063,ACCOUNT-001627,19700,2026-07-11T08:09:00Z,NEFT,False,
BANK-TXN-00007913,ACCOUNT-000577,ACCOUNT-001927,94600,2026-08-03T11:48:00Z,IMPS,False,
BANK-TXN-00007914,ACCOUNT-000846,ACCOUNT-001019,87100,2026-07-21T07:52:00Z,IMPS,False,
BANK-TXN-00007915,ACCOUNT-000641,ACCOUNT-001861,64500,2026-07-20T03:38:00Z,IMPS,False,
BANK-TXN-00007916,ACCOUNT-000532,ACCOUNT-000505,47400,2026-06-18T06:42:00Z,UPI,False,
BANK-TXN-00007917,ACCOUNT-001632,ACCOUNT-001041,9100,2026-06-14T11:08:00Z,UPI,False,
BANK-TXN-00007918,ACCOUNT-001673,ACCOUNT-001244,77800,2026-07-01T02:25:00Z,UPI,False,
BANK-TXN-00007919,ACCOUNT-001896,ACCOUNT-001634,10600,2026-07-23T13:16:00Z,IMPS,False,
BANK-TXN-00007920,ACCOUNT-001921,ACCOUNT-000573,2000,2026-08-09T18:00:00Z,IMPS,False,
BANK-TXN-00007921,ACCOUNT-001252,ACCOUNT-000819,36400,2026-08-13T18:07:00Z,UPI,False,
BANK-TXN-00007922,ACCOUNT-001639,ACCOUNT-000573,4700,2026-07-12T16:13:00Z,UPI,False,
BANK-TXN-00007923,ACCOUNT-001441,ACCOUNT-001270,9700,2026-06-20T13:01:00Z,UPI,False,
BANK-TXN-00007924,ACCOUNT-000362,ACCOUNT-001740,9600,2026-08-01T15:39:00Z,NEFT,False,
BANK-TXN-00007925,ACCOUNT-000067,ACCOUNT-001528,18900,2026-06-04T08:52:00Z,NEFT,False,
BANK-TXN-00007926,ACCOUNT-001219,ACCOUNT-000686,20200,2026-06-05T16:20:00Z,IMPS,False,
BANK-TXN-00007927,ACCOUNT-000931,ACCOUNT-001726,1200,2026-06-27T08:47:00Z,NEFT,False,
BANK-TXN-00007928,ACCOUNT-000324,ACCOUNT-000638,45600,2026-07-13T10:07:00Z,UPI,False,
BANK-TXN-00007929,ACCOUNT-000453,ACCOUNT-000195,3200,2026-08-14T20:38:00Z,UPI,False,
BANK-TXN-00007930,ACCOUNT-000423,ACCOUNT-000748,24400,2026-06-18T16:51:00Z,IMPS,False,
BANK-TXN-00007931,ACCOUNT-000255,ACCOUNT-000690,17900,2026-08-17T13:23:00Z,UPI,False,
BANK-TXN-00007932,ACCOUNT-001015,ACCOUNT-001815,1500,2026-06-19T11:31:00Z,UPI,False,
BANK-TXN-00007933,ACCOUNT-001402,ACCOUNT-001811,84800,2026-06-12T16:03:00Z,IMPS,False,
BANK-TXN-00007934,ACCOUNT-001870,ACCOUNT-000116,95900,2026-07-15T06:43:00Z,IMPS,False,
BANK-TXN-00007935,ACCOUNT-000357,ACCOUNT-000678,30400,2026-07-04T17:02:00Z,IMPS,False,
BANK-TXN-00007936,ACCOUNT-001610,ACCOUNT-000575,2800,2026-08-03T08:48:00Z,UPI,False,
BANK-TXN-00007937,ACCOUNT-000316,ACCOUNT-000001,71500,2026-06-07T09:51:00Z,IMPS,False,
BANK-TXN-00007938,ACCOUNT-001355,ACCOUNT-001480,37300,2026-06-29T10:51:00Z,UPI,False,
BANK-TXN-00007939,ACCOUNT-000645,ACCOUNT-000456,5300,2026-07-09T08:10:00Z,IMPS,False,
BANK-TXN-00007940,ACCOUNT-000901,ACCOUNT-001764,40700,2026-07-14T22:36:00Z,IMPS,False,
BANK-TXN-00007941,ACCOUNT-001401,ACCOUNT-001912,66000,2026-06-07T17:14:00Z,RTGS,False,
BANK-TXN-00007942,ACCOUNT-001512,ACCOUNT-000811,17400,2026-06-23T14:05:00Z,UPI,False,
BANK-TXN-00007943,ACCOUNT-000585,ACCOUNT-001683,600,2026-06-16T15:54:00Z,UPI,False,
BANK-TXN-00007944,ACCOUNT-001550,ACCOUNT-001306,7400,2026-06-20T14:59:00Z,IMPS,False,
BANK-TXN-00007945,ACCOUNT-000257,ACCOUNT-000204,4600,2026-06-23T21:15:00Z,UPI,False,
BANK-TXN-00007946,ACCOUNT-000838,ACCOUNT-000512,3600,2026-08-07T15:37:00Z,UPI,False,
BANK-TXN-00007947,ACCOUNT-000352,ACCOUNT-000297,20200,2026-06-13T08:33:00Z,UPI,False,
BANK-TXN-00007948,ACCOUNT-001424,ACCOUNT-001834,8900,2026-08-21T04:13:00Z,UPI,False,
BANK-TXN-00007949,ACCOUNT-000897,ACCOUNT-000161,18200,2026-06-07T08:28:00Z,RTGS,False,
BANK-TXN-00007950,ACCOUNT-000631,ACCOUNT-001892,18600,2026-08-03T22:31:00Z,NEFT,False,
BANK-TXN-00007951,ACCOUNT-001564,ACCOUNT-001838,13100,2026-07-02T06:30:00Z,IMPS,False,
BANK-TXN-00007952,ACCOUNT-000602,ACCOUNT-001841,12500,2026-07-06T05:13:00Z,UPI,False,
BANK-TXN-00007953,ACCOUNT-000199,ACCOUNT-000823,15600,2026-07-28T16:49:00Z,NEFT,False,
BANK-TXN-00007954,ACCOUNT-001949,ACCOUNT-001821,2200,2026-07-28T07:48:00Z,UPI,False,
BANK-TXN-00007955,ACCOUNT-000724,ACCOUNT-000949,47300,2026-06-01T11:36:00Z,UPI,False,
BANK-TXN-00007956,ACCOUNT-000120,ACCOUNT-000383,35900,2026-07-16T22:14:00Z,UPI,False,
BANK-TXN-00007957,ACCOUNT-001918,ACCOUNT-000792,3300,2026-06-16T08:38:00Z,NEFT,False,
BANK-TXN-00007958,ACCOUNT-001458,ACCOUNT-000304,38100,2026-07-05T19:57:00Z,IMPS,False,
BANK-TXN-00007959,ACCOUNT-000763,ACCOUNT-000709,22700,2026-08-02T17:12:00Z,UPI,False,
BANK-TXN-00007960,ACCOUNT-000220,ACCOUNT-001329,10300,2026-07-26T20:17:00Z,IMPS,False,
BANK-TXN-00007961,ACCOUNT-001716,ACCOUNT-000533,23100,2026-08-03T09:27:00Z,NEFT,False,
BANK-TXN-00007962,ACCOUNT-000652,ACCOUNT-001195,3600,2026-07-10T22:00:00Z,IMPS,False,
BANK-TXN-00007963,ACCOUNT-000319,ACCOUNT-000016,8300,2026-06-24T11:36:00Z,NEFT,False,
BANK-TXN-00007964,ACCOUNT-000250,ACCOUNT-001214,8000,2026-08-01T07:23:00Z,UPI,False,
BANK-TXN-00007965,ACCOUNT-000195,ACCOUNT-001037,93000,2026-06-14T09:46:00Z,NEFT,False,
BANK-TXN-00007966,ACCOUNT-001251,ACCOUNT-001095,2700,2026-06-28T03:52:00Z,UPI,False,
BANK-TXN-00007967,ACCOUNT-000200,ACCOUNT-001737,21600,2026-06-22T01:31:00Z,UPI,False,
BANK-TXN-00007968,ACCOUNT-000017,ACCOUNT-000211,43200,2026-06-24T22:27:00Z,UPI,False,
BANK-TXN-00007969,ACCOUNT-001725,ACCOUNT-000655,12200,2026-08-12T17:52:00Z,UPI,False,
BANK-TXN-00007970,ACCOUNT-001406,ACCOUNT-001062,2600,2026-06-11T16:28:00Z,NEFT,False,
BANK-TXN-00007971,ACCOUNT-000691,ACCOUNT-001626,5400,2026-08-18T11:29:00Z,UPI,False,
BANK-TXN-00007972,ACCOUNT-001733,ACCOUNT-001259,5700,2026-07-01T03:24:00Z,UPI,False,
BANK-TXN-00007973,ACCOUNT-000282,ACCOUNT-001461,10000,2026-06-27T08:33:00Z,NEFT,False,
BANK-TXN-00007974,ACCOUNT-000702,ACCOUNT-001264,11600,2026-07-28T01:33:00Z,UPI,False,
BANK-TXN-00007975,ACCOUNT-001063,ACCOUNT-001799,41000,2026-08-12T14:12:00Z,IMPS,False,
BANK-TXN-00007976,ACCOUNT-000226,ACCOUNT-000786,8000,2026-08-01T09:31:00Z,UPI,False,
BANK-TXN-00007977,ACCOUNT-000676,ACCOUNT-000516,8400,2026-06-21T07:34:00Z,UPI,False,
BANK-TXN-00007978,ACCOUNT-001512,ACCOUNT-001936,10600,2026-08-04T14:46:00Z,UPI,False,
BANK-TXN-00007979,ACCOUNT-000581,ACCOUNT-000824,71200,2026-08-27T07:41:00Z,NEFT,False,
BANK-TXN-00007980,ACCOUNT-001035,ACCOUNT-000904,20900,2026-07-18T12:19:00Z,IMPS,False,
BANK-TXN-00007981,ACCOUNT-000624,ACCOUNT-001452,93300,2026-07-27T10:53:00Z,NEFT,False,
BANK-TXN-00007982,ACCOUNT-001001,ACCOUNT-000446,5600,2026-06-11T01:18:00Z,IMPS,False,
BANK-TXN-00007983,ACCOUNT-001832,ACCOUNT-000676,32100,2026-07-18T10:29:00Z,NEFT,False,
BANK-TXN-00007984,ACCOUNT-001843,ACCOUNT-001596,2200,2026-07-15T20:11:00Z,UPI,False,
BANK-TXN-00007985,ACCOUNT-000636,ACCOUNT-001565,86000,2026-06-04T13:57:00Z,IMPS,False,
BANK-TXN-00007986,ACCOUNT-000662,ACCOUNT-001420,42600,2026-07-06T09:02:00Z,IMPS,False,
BANK-TXN-00007987,ACCOUNT-001118,ACCOUNT-001005,27000,2026-07-25T14:04:00Z,UPI,False,
BANK-TXN-00007988,ACCOUNT-000178,ACCOUNT-000339,92700,2026-07-16T06:19:00Z,IMPS,False,
BANK-TXN-00007989,ACCOUNT-001847,ACCOUNT-001591,200,2026-06-08T15:05:00Z,UPI,False,
BANK-TXN-00007990,ACCOUNT-001591,ACCOUNT-000940,98300,2026-08-11T09:14:00Z,UPI,False,
BANK-TXN-00007991,ACCOUNT-001719,ACCOUNT-000784,2700,2026-07-13T12:50:00Z,NEFT,False,
BANK-TXN-00007992,ACCOUNT-001294,ACCOUNT-000101,7400,2026-07-29T03:46:00Z,UPI,False,
BANK-TXN-00007993,ACCOUNT-001393,ACCOUNT-000998,300,2026-07-01T15:06:00Z,NEFT,False,
BANK-TXN-00007994,ACCOUNT-001835,ACCOUNT-001401,48000,2026-06-18T15:23:00Z,UPI,False,
BANK-TXN-00007995,ACCOUNT-001582,ACCOUNT-001561,100,2026-08-14T10:15:00Z,UPI,False,
BANK-TXN-00007996,ACCOUNT-001879,ACCOUNT-001874,7100,2026-07-24T22:13:00Z,IMPS,False,
BANK-TXN-00007997,ACCOUNT-001047,ACCOUNT-000376,30000,2026-06-28T06:53:00Z,IMPS,False,
BANK-TXN-00007998,ACCOUNT-001887,ACCOUNT-000277,2800,2026-08-22T16:18:00Z,UPI,False,
BANK-TXN-00007999,ACCOUNT-000577,ACCOUNT-001846,97700,2026-07-04T07:54:00Z,UPI,False,
BANK-TXN-00008000,ACCOUNT-001042,ACCOUNT-001620,73900,2026-06-24T11:03:00Z,UPI,False,
BANK-TXN-00008001,ACCOUNT-001049,ACCOUNT-000624,40800,2026-07-15T04:20:00Z,IMPS,False,
BANK-TXN-00008002,ACCOUNT-000729,ACCOUNT-000953,1900,2026-05-31T09:55:00Z,NEFT,False,
BANK-TXN-00008003,ACCOUNT-000178,ACCOUNT-000939,4200,2026-06-12T04:34:00Z,NEFT,False,
BANK-TXN-00008004,ACCOUNT-000111,ACCOUNT-001907,6400,2026-07-11T09:02:00Z,IMPS,False,
BANK-TXN-00008005,ACCOUNT-001170,ACCOUNT-001645,5800,2026-07-14T18:26:00Z,IMPS,False,
BANK-TXN-00008006,ACCOUNT-001374,ACCOUNT-001059,38800,2026-07-09T13:06:00Z,RTGS,False,
BANK-TXN-00008007,ACCOUNT-001242,ACCOUNT-001171,1500,2026-06-22T14:59:00Z,UPI,False,
BANK-TXN-00008008,ACCOUNT-000790,ACCOUNT-001924,2100,2026-07-17T20:46:00Z,NEFT,False,
BANK-TXN-00008009,ACCOUNT-000536,ACCOUNT-000193,4700,2026-08-16T15:50:00Z,UPI,False,
BANK-TXN-00008010,ACCOUNT-000834,ACCOUNT-000766,7100,2026-08-16T00:46:00Z,UPI,False,
BANK-TXN-00008011,ACCOUNT-001153,ACCOUNT-000579,1600,2026-06-13T13:33:00Z,IMPS,False,
BANK-TXN-00008012,ACCOUNT-001292,ACCOUNT-001543,200,2026-06-17T12:16:00Z,UPI,False,
BANK-TXN-00008013,ACCOUNT-001611,ACCOUNT-001929,74400,2026-06-09T07:50:00Z,UPI,False,
BANK-TXN-00008014,ACCOUNT-001583,ACCOUNT-000650,72700,2026-08-02T10:33:00Z,UPI,False,
BANK-TXN-00008015,ACCOUNT-000294,ACCOUNT-001423,28800,2026-06-17T12:29:00Z,UPI,False,
BANK-TXN-00008016,ACCOUNT-001304,ACCOUNT-001926,20300,2026-08-03T14:20:00Z,IMPS,False,
BANK-TXN-00008017,ACCOUNT-000575,ACCOUNT-001478,15000,2026-07-30T00:53:00Z,NEFT,False,
BANK-TXN-00008018,ACCOUNT-001877,ACCOUNT-001049,24200,2026-06-09T16:04:00Z,NEFT,False,
BANK-TXN-00008019,ACCOUNT-001313,ACCOUNT-001181,5400,2026-06-14T07:37:00Z,UPI,False,
BANK-TXN-00008020,ACCOUNT-001869,ACCOUNT-000104,97200,2026-08-24T10:39:00Z,UPI,False,
BANK-TXN-00008021,ACCOUNT-000098,ACCOUNT-001595,4400,2026-08-25T04:43:00Z,UPI,False,
BANK-TXN-00008022,ACCOUNT-000441,ACCOUNT-000829,43500,2026-07-27T16:45:00Z,UPI,False,
BANK-TXN-00008023,ACCOUNT-000159,ACCOUNT-000419,11600,2026-07-21T05:51:00Z,UPI,False,
BANK-TXN-00008024,ACCOUNT-001283,ACCOUNT-000901,47300,2026-08-13T05:24:00Z,NEFT,False,
BANK-TXN-00008025,ACCOUNT-000333,ACCOUNT-001731,40500,2026-08-19T06:10:00Z,NEFT,False,
BANK-TXN-00008026,ACCOUNT-001351,ACCOUNT-001669,59000,2026-07-22T07:19:00Z,UPI,False,
BANK-TXN-00008027,ACCOUNT-001671,ACCOUNT-000213,23800,2026-06-26T17:03:00Z,IMPS,False,
BANK-TXN-00008028,ACCOUNT-000166,ACCOUNT-001452,44600,2026-07-16T03:03:00Z,UPI,False,
BANK-TXN-00008029,ACCOUNT-000041,ACCOUNT-001500,5500,2026-06-27T07:34:00Z,UPI,False,
BANK-TXN-00008030,ACCOUNT-000561,ACCOUNT-001408,25000,2026-08-21T08:14:00Z,UPI,False,
BANK-TXN-00008031,ACCOUNT-000165,ACCOUNT-001275,12300,2026-07-06T07:20:00Z,IMPS,False,
BANK-TXN-00008032,ACCOUNT-000804,ACCOUNT-000352,26300,2026-06-28T19:38:00Z,RTGS,False,
BANK-TXN-00008033,ACCOUNT-000649,ACCOUNT-001897,44900,2026-06-01T10:16:00Z,UPI,False,
BANK-TXN-00008034,ACCOUNT-000334,ACCOUNT-001712,36800,2026-08-01T12:37:00Z,UPI,False,
BANK-TXN-00008035,ACCOUNT-001811,ACCOUNT-000949,79200,2026-08-13T16:24:00Z,RTGS,False,
BANK-TXN-00008036,ACCOUNT-001750,ACCOUNT-001422,3200,2026-06-06T03:10:00Z,UPI,False,
BANK-TXN-00008037,ACCOUNT-001522,ACCOUNT-000980,41300,2026-08-28T08:12:00Z,UPI,False,
BANK-TXN-00008038,ACCOUNT-000261,ACCOUNT-000351,44800,2026-06-07T12:05:00Z,UPI,False,
BANK-TXN-00008039,ACCOUNT-000567,ACCOUNT-000627,15000,2026-07-16T16:28:00Z,UPI,False,
BANK-TXN-00008040,ACCOUNT-000022,ACCOUNT-000450,2700,2026-06-12T10:28:00Z,RTGS,False,
BANK-TXN-00008041,ACCOUNT-000588,ACCOUNT-000868,54400,2026-07-16T04:41:00Z,IMPS,False,
BANK-TXN-00008042,ACCOUNT-001752,ACCOUNT-001107,23000,2026-07-06T10:14:00Z,UPI,False,
BANK-TXN-00008043,ACCOUNT-000557,ACCOUNT-001234,9600,2026-08-04T08:00:00Z,IMPS,False,
BANK-TXN-00008044,ACCOUNT-000342,ACCOUNT-000775,74100,2026-06-19T04:35:00Z,UPI,False,
BANK-TXN-00008045,ACCOUNT-001403,ACCOUNT-000424,38600,2026-06-29T13:13:00Z,UPI,False,
BANK-TXN-00008046,ACCOUNT-001759,ACCOUNT-000588,47700,2026-07-18T11:16:00Z,UPI,False,
BANK-TXN-00008047,ACCOUNT-000009,ACCOUNT-001188,15200,2026-08-10T15:34:00Z,UPI,False,
BANK-TXN-00008048,ACCOUNT-001035,ACCOUNT-000229,21700,2026-07-31T17:49:00Z,UPI,False,
BANK-TXN-00008049,ACCOUNT-000530,ACCOUNT-000156,16100,2026-08-11T17:35:00Z,IMPS,False,
BANK-TXN-00008050,ACCOUNT-000765,ACCOUNT-001497,19400,2026-08-28T09:07:00Z,RTGS,False,
BANK-TXN-00008051,ACCOUNT-001325,ACCOUNT-001320,57700,2026-07-03T15:42:00Z,IMPS,False,
BANK-TXN-00008052,ACCOUNT-000869,ACCOUNT-000865,22500,2026-08-06T17:18:00Z,UPI,False,
BANK-TXN-00008053,ACCOUNT-000005,ACCOUNT-000413,53000,2026-06-18T17:17:00Z,UPI,False,
BANK-TXN-00008054,ACCOUNT-000144,ACCOUNT-000125,89500,2026-08-22T17:40:00Z,NEFT,False,
BANK-TXN-00008055,ACCOUNT-001082,ACCOUNT-001387,41700,2026-07-05T15:20:00Z,IMPS,False,
BANK-TXN-00008056,ACCOUNT-001225,ACCOUNT-001235,9200,2026-07-10T09:22:00Z,NEFT,False,
BANK-TXN-00008057,ACCOUNT-001601,ACCOUNT-001616,89200,2026-06-08T16:10:00Z,UPI,False,
BANK-TXN-00008058,ACCOUNT-001036,ACCOUNT-000401,39100,2026-08-03T10:08:00Z,UPI,False,
BANK-TXN-00008059,ACCOUNT-001130,ACCOUNT-001474,57600,2026-07-08T10:10:00Z,UPI,False,
BANK-TXN-00008060,ACCOUNT-000252,ACCOUNT-000917,49700,2026-08-02T10:14:00Z,UPI,False,
BANK-TXN-00008061,ACCOUNT-001866,ACCOUNT-000776,7100,2026-07-15T16:51:00Z,UPI,False,
BANK-TXN-00008062,ACCOUNT-001656,ACCOUNT-001696,62000,2026-06-08T09:15:00Z,UPI,False,
BANK-TXN-00008063,ACCOUNT-001005,ACCOUNT-000477,80900,2026-06-09T13:53:00Z,UPI,False,
BANK-TXN-00008064,ACCOUNT-000772,ACCOUNT-001930,70600,2026-06-23T15:02:00Z,UPI,False,
BANK-TXN-00008065,ACCOUNT-000404,ACCOUNT-001904,96500,2026-08-02T02:49:00Z,NEFT,False,
BANK-TXN-00008066,ACCOUNT-001264,ACCOUNT-001485,28900,2026-07-15T20:35:00Z,RTGS,False,
BANK-TXN-00008067,ACCOUNT-000316,ACCOUNT-000837,54500,2026-06-05T08:49:00Z,NEFT,False,
BANK-TXN-00008068,ACCOUNT-000921,ACCOUNT-000828,93600,2026-07-03T11:32:00Z,UPI,False,
BANK-TXN-00008069,ACCOUNT-000908,ACCOUNT-001374,3500,2026-07-30T07:30:00Z,RTGS,False,
BANK-TXN-00008070,ACCOUNT-001247,ACCOUNT-000093,21000,2026-07-14T08:32:00Z,UPI,False,
BANK-TXN-00008071,ACCOUNT-001613,ACCOUNT-001176,15500,2026-06-17T15:58:00Z,IMPS,False,
BANK-TXN-00008072,ACCOUNT-000575,ACCOUNT-000088,7400,2026-06-04T12:44:00Z,UPI,False,
BANK-TXN-00008073,ACCOUNT-001453,ACCOUNT-000483,37700,2026-07-29T17:25:00Z,UPI,False,
BANK-TXN-00008074,ACCOUNT-000718,ACCOUNT-000223,55600,2026-06-22T10:11:00Z,IMPS,False,
BANK-TXN-00008075,ACCOUNT-001688,ACCOUNT-000838,65400,2026-07-09T19:51:00Z,UPI,False,
BANK-TXN-00008076,ACCOUNT-000488,ACCOUNT-001935,21900,2026-07-13T01:49:00Z,UPI,False,
BANK-TXN-00008077,ACCOUNT-000418,ACCOUNT-001228,7500,2026-06-19T13:12:00Z,IMPS,False,
BANK-TXN-00008078,ACCOUNT-001072,ACCOUNT-000662,97500,2026-08-24T23:52:00Z,IMPS,False,
BANK-TXN-00008079,ACCOUNT-000613,ACCOUNT-001728,23400,2026-07-30T11:15:00Z,IMPS,False,
BANK-TXN-00008080,ACCOUNT-001623,ACCOUNT-000017,96700,2026-08-25T09:09:00Z,UPI,False,
BANK-TXN-00008081,ACCOUNT-000889,ACCOUNT-001842,10000,2026-06-02T02:24:00Z,IMPS,False,
BANK-TXN-00008082,ACCOUNT-000549,ACCOUNT-001321,11600,2026-07-19T07:01:00Z,NEFT,False,
BANK-TXN-00008083,ACCOUNT-001263,ACCOUNT-000059,7200,2026-07-20T11:31:00Z,IMPS,False,
BANK-TXN-00008084,ACCOUNT-000999,ACCOUNT-000768,16000,2026-07-25T16:42:00Z,RTGS,False,
BANK-TXN-00008085,ACCOUNT-001723,ACCOUNT-000602,3200,2026-06-10T10:54:00Z,UPI,False,
BANK-TXN-00008086,ACCOUNT-001881,ACCOUNT-001176,5900,2026-06-12T08:31:00Z,UPI,False,
BANK-TXN-00008087,ACCOUNT-001429,ACCOUNT-000880,4900,2026-07-20T03:36:00Z,RTGS,False,
BANK-TXN-00008088,ACCOUNT-001914,ACCOUNT-000496,8100,2026-07-29T02:00:00Z,UPI,False,
BANK-TXN-00008089,ACCOUNT-000943,ACCOUNT-001588,46500,2026-07-13T06:06:00Z,UPI,False,
BANK-TXN-00008090,ACCOUNT-001789,ACCOUNT-001253,42700,2026-06-29T06:16:00Z,IMPS,False,
BANK-TXN-00008091,ACCOUNT-001754,ACCOUNT-001101,1700,2026-06-01T21:40:00Z,UPI,False,
BANK-TXN-00008092,ACCOUNT-001784,ACCOUNT-001135,800,2026-07-11T08:17:00Z,NEFT,False,
BANK-TXN-00008093,ACCOUNT-001057,ACCOUNT-001825,3200,2026-08-19T17:04:00Z,UPI,False,
BANK-TXN-00008094,ACCOUNT-000014,ACCOUNT-000112,85000,2026-08-25T12:06:00Z,UPI,False,
BANK-TXN-00008095,ACCOUNT-000713,ACCOUNT-000750,61200,2026-06-22T03:38:00Z,NEFT,False,
BANK-TXN-00008096,ACCOUNT-001831,ACCOUNT-001356,16500,2026-08-08T04:05:00Z,UPI,False,
BANK-TXN-00008097,ACCOUNT-001934,ACCOUNT-000894,5600,2026-07-16T16:49:00Z,UPI,False,
BANK-TXN-00008098,ACCOUNT-001098,ACCOUNT-001260,8900,2026-07-20T15:55:00Z,NEFT,False,
BANK-TXN-00008099,ACCOUNT-001172,ACCOUNT-001177,35200,2026-07-12T08:02:00Z,IMPS,False,
BANK-TXN-00008100,ACCOUNT-000408,ACCOUNT-000428,21100,2026-08-22T15:55:00Z,IMPS,False,
BANK-TXN-00008101,ACCOUNT-001203,ACCOUNT-001869,40300,2026-08-23T11:38:00Z,UPI,False,
BANK-TXN-00008102,ACCOUNT-000134,ACCOUNT-000027,48100,2026-07-04T05:47:00Z,UPI,False,
BANK-TXN-00008103,ACCOUNT-001609,ACCOUNT-000131,11000,2026-08-11T10:29:00Z,IMPS,False,
BANK-TXN-00008104,ACCOUNT-001030,ACCOUNT-001328,5100,2026-08-14T20:08:00Z,IMPS,False,
BANK-TXN-00008105,ACCOUNT-001184,ACCOUNT-001628,5400,2026-06-13T15:27:00Z,UPI,False,
BANK-TXN-00008106,ACCOUNT-000272,ACCOUNT-001117,79800,2026-07-03T03:09:00Z,IMPS,False,
BANK-TXN-00008107,ACCOUNT-001189,ACCOUNT-001821,99200,2026-06-17T12:28:00Z,NEFT,False,
BANK-TXN-00008108,ACCOUNT-000016,ACCOUNT-001600,2400,2026-06-07T16:42:00Z,UPI,False,
BANK-TXN-00008109,ACCOUNT-001030,ACCOUNT-000736,3600,2026-08-22T14:05:00Z,NEFT,False,
BANK-TXN-00008110,ACCOUNT-001524,ACCOUNT-000219,26300,2026-06-16T18:19:00Z,UPI,False,
BANK-TXN-00008111,ACCOUNT-001495,ACCOUNT-001119,71500,2026-07-14T06:27:00Z,UPI,False,
BANK-TXN-00008112,ACCOUNT-001256,ACCOUNT-001917,10300,2026-06-19T20:43:00Z,IMPS,False,
BANK-TXN-00008113,ACCOUNT-000496,ACCOUNT-001114,26700,2026-07-05T13:41:00Z,IMPS,False,
BANK-TXN-00008114,ACCOUNT-000383,ACCOUNT-001853,16400,2026-06-26T08:57:00Z,UPI,False,
BANK-TXN-00008115,ACCOUNT-000627,ACCOUNT-001085,28900,2026-06-29T22:35:00Z,UPI,False,
BANK-TXN-00008116,ACCOUNT-001757,ACCOUNT-001610,3800,2026-08-22T04:35:00Z,IMPS,False,
BANK-TXN-00008117,ACCOUNT-000633,ACCOUNT-000558,10200,2026-06-09T13:54:00Z,NEFT,False,
BANK-TXN-00008118,ACCOUNT-000284,ACCOUNT-001721,11300,2026-06-03T06:46:00Z,UPI,False,
BANK-TXN-00008119,ACCOUNT-001287,ACCOUNT-000768,10700,2026-07-11T12:57:00Z,RTGS,False,
BANK-TXN-00008120,ACCOUNT-001265,ACCOUNT-000043,21700,2026-06-24T04:19:00Z,UPI,False,
BANK-TXN-00008121,ACCOUNT-000993,ACCOUNT-001102,39600,2026-06-16T16:09:00Z,IMPS,False,
BANK-TXN-00008122,ACCOUNT-000510,ACCOUNT-001196,31800,2026-08-16T02:41:00Z,UPI,False,
BANK-TXN-00008123,ACCOUNT-000312,ACCOUNT-001795,7000,2026-06-17T04:58:00Z,NEFT,False,
BANK-TXN-00008124,ACCOUNT-000170,ACCOUNT-001422,45600,2026-06-17T07:01:00Z,NEFT,False,
BANK-TXN-00008125,ACCOUNT-001214,ACCOUNT-000256,22700,2026-08-25T17:33:00Z,UPI,False,
BANK-TXN-00008126,ACCOUNT-001566,ACCOUNT-001576,6000,2026-07-20T16:17:00Z,UPI,False,
BANK-TXN-00008127,ACCOUNT-000153,ACCOUNT-001666,41500,2026-06-09T09:52:00Z,UPI,False,
BANK-TXN-00008128,ACCOUNT-001380,ACCOUNT-000274,55500,2026-07-29T11:48:00Z,IMPS,False,
BANK-TXN-00008129,ACCOUNT-001943,ACCOUNT-001754,62400,2026-07-28T23:03:00Z,UPI,False,
BANK-TXN-00008130,ACCOUNT-000539,ACCOUNT-000758,1400,2026-08-08T15:26:00Z,UPI,False,
BANK-TXN-00008131,ACCOUNT-000445,ACCOUNT-001639,72600,2026-08-03T06:49:00Z,UPI,False,
BANK-TXN-00008132,ACCOUNT-000315,ACCOUNT-001645,70100,2026-07-13T12:35:00Z,UPI,False,
BANK-TXN-00008133,ACCOUNT-001089,ACCOUNT-000070,52000,2026-06-05T01:02:00Z,UPI,False,
BANK-TXN-00008134,ACCOUNT-001466,ACCOUNT-000738,8400,2026-06-18T09:38:00Z,UPI,False,
BANK-TXN-00008135,ACCOUNT-000961,ACCOUNT-001705,2100,2026-07-12T04:57:00Z,UPI,False,
BANK-TXN-00008136,ACCOUNT-001403,ACCOUNT-001114,38800,2026-06-01T06:39:00Z,UPI,False,
BANK-TXN-00008137,ACCOUNT-001302,ACCOUNT-000102,12700,2026-06-28T11:02:00Z,IMPS,False,
BANK-TXN-00008138,ACCOUNT-001803,ACCOUNT-001087,12900,2026-06-23T03:53:00Z,RTGS,False,
BANK-TXN-00008139,ACCOUNT-000556,ACCOUNT-000876,67400,2026-07-07T19:22:00Z,UPI,False,
BANK-TXN-00008140,ACCOUNT-000931,ACCOUNT-000191,48500,2026-08-24T23:07:00Z,UPI,False,
BANK-TXN-00008141,ACCOUNT-001728,ACCOUNT-000290,68500,2026-07-09T13:26:00Z,UPI,False,
BANK-TXN-00008142,ACCOUNT-001606,ACCOUNT-000643,30600,2026-06-04T14:11:00Z,UPI,False,
BANK-TXN-00008143,ACCOUNT-001644,ACCOUNT-001017,95500,2026-07-05T12:22:00Z,UPI,False,
BANK-TXN-00008144,ACCOUNT-001228,ACCOUNT-000094,13300,2026-08-07T08:43:00Z,UPI,False,
BANK-TXN-00008145,ACCOUNT-001643,ACCOUNT-001150,7400,2026-08-15T04:49:00Z,UPI,False,
BANK-TXN-00008146,ACCOUNT-000552,ACCOUNT-001046,83100,2026-07-20T09:54:00Z,UPI,False,
BANK-TXN-00008147,ACCOUNT-000640,ACCOUNT-000789,30500,2026-08-08T10:46:00Z,IMPS,False,
BANK-TXN-00008148,ACCOUNT-001101,ACCOUNT-001927,6200,2026-08-21T08:12:00Z,UPI,False,
BANK-TXN-00008149,ACCOUNT-000739,ACCOUNT-000169,7200,2026-06-09T16:17:00Z,UPI,False,
BANK-TXN-00008150,ACCOUNT-001670,ACCOUNT-000224,37900,2026-07-03T03:50:00Z,UPI,False,
BANK-TXN-00008151,ACCOUNT-000385,ACCOUNT-000609,90300,2026-07-20T11:07:00Z,UPI,False,
BANK-TXN-00008152,ACCOUNT-000350,ACCOUNT-001533,3100,2026-08-06T15:21:00Z,IMPS,False,
BANK-TXN-00008153,ACCOUNT-000156,ACCOUNT-001250,58200,2026-05-31T01:34:00Z,NEFT,False,
BANK-TXN-00008154,ACCOUNT-000710,ACCOUNT-001070,15000,2026-06-20T13:27:00Z,UPI,False,
BANK-TXN-00008155,ACCOUNT-001300,ACCOUNT-001445,32700,2026-07-19T07:17:00Z,UPI,False,
BANK-TXN-00008156,ACCOUNT-000917,ACCOUNT-000630,29900,2026-07-02T15:05:00Z,IMPS,False,
BANK-TXN-00008157,ACCOUNT-000311,ACCOUNT-001177,33800,2026-06-09T12:13:00Z,UPI,False,
BANK-TXN-00008158,ACCOUNT-000900,ACCOUNT-000994,2500,2026-06-14T09:06:00Z,UPI,False,
BANK-TXN-00008159,ACCOUNT-001840,ACCOUNT-000498,600,2026-07-22T15:39:00Z,UPI,False,
BANK-TXN-00008160,ACCOUNT-001224,ACCOUNT-000648,95900,2026-07-26T14:56:00Z,NEFT,False,
BANK-TXN-00008161,ACCOUNT-000259,ACCOUNT-000593,99000,2026-08-15T13:52:00Z,UPI,False,
BANK-TXN-00008162,ACCOUNT-000638,ACCOUNT-001121,4300,2026-07-27T23:33:00Z,UPI,False,
BANK-TXN-00008163,ACCOUNT-001825,ACCOUNT-001704,96500,2026-06-06T08:44:00Z,UPI,False,
BANK-TXN-00008164,ACCOUNT-000627,ACCOUNT-000667,14500,2026-08-01T00:29:00Z,UPI,False,
BANK-TXN-00008165,ACCOUNT-001678,ACCOUNT-000737,49000,2026-07-11T09:43:00Z,IMPS,False,
BANK-TXN-00008166,ACCOUNT-000778,ACCOUNT-001403,30800,2026-07-21T00:38:00Z,UPI,False,
BANK-TXN-00008167,ACCOUNT-000872,ACCOUNT-001835,54500,2026-06-23T15:14:00Z,UPI,False,
BANK-TXN-00008168,ACCOUNT-000147,ACCOUNT-001289,50200,2026-06-27T12:00:00Z,UPI,False,
BANK-TXN-00008169,ACCOUNT-001176,ACCOUNT-000767,18800,2026-06-28T08:18:00Z,UPI,False,
BANK-TXN-00008170,ACCOUNT-001194,ACCOUNT-000735,18300,2026-08-16T15:06:00Z,UPI,False,
BANK-TXN-00008171,ACCOUNT-000388,ACCOUNT-001112,51800,2026-06-27T04:36:00Z,RTGS,False,
BANK-TXN-00008172,ACCOUNT-000957,ACCOUNT-000359,3400,2026-06-13T13:14:00Z,UPI,False,
BANK-TXN-00008173,ACCOUNT-000527,ACCOUNT-000495,46100,2026-06-23T10:56:00Z,UPI,False,
BANK-TXN-00008174,ACCOUNT-001085,ACCOUNT-000287,3900,2026-06-30T07:48:00Z,IMPS,False,
BANK-TXN-00008175,ACCOUNT-000934,ACCOUNT-001901,32000,2026-08-26T06:14:00Z,UPI,False,
BANK-TXN-00008176,ACCOUNT-000007,ACCOUNT-000484,1700,2026-08-26T08:36:00Z,UPI,False,
BANK-TXN-00008177,ACCOUNT-001483,ACCOUNT-000255,54200,2026-06-03T09:57:00Z,NEFT,False,
BANK-TXN-00008178,ACCOUNT-000982,ACCOUNT-000473,41300,2026-08-01T21:49:00Z,NEFT,False,
BANK-TXN-00008179,ACCOUNT-000490,ACCOUNT-001464,6000,2026-08-11T05:31:00Z,UPI,False,
BANK-TXN-00008180,ACCOUNT-001017,ACCOUNT-000455,1700,2026-07-05T09:40:00Z,NEFT,False,
BANK-TXN-00008181,ACCOUNT-000300,ACCOUNT-001878,24900,2026-06-06T13:58:00Z,UPI,False,
BANK-TXN-00008182,ACCOUNT-000951,ACCOUNT-000479,6000,2026-07-14T16:07:00Z,UPI,False,
BANK-TXN-00008183,ACCOUNT-001689,ACCOUNT-001346,4900,2026-07-13T15:47:00Z,UPI,False,
BANK-TXN-00008184,ACCOUNT-000429,ACCOUNT-001154,19400,2026-06-30T03:11:00Z,UPI,False,
BANK-TXN-00008185,ACCOUNT-001387,ACCOUNT-001349,32500,2026-07-15T05:23:00Z,UPI,False,
BANK-TXN-00008186,ACCOUNT-000122,ACCOUNT-001298,4000,2026-07-11T05:15:00Z,IMPS,False,
BANK-TXN-00008187,ACCOUNT-001448,ACCOUNT-000939,4500,2026-08-08T11:04:00Z,UPI,False,
BANK-TXN-00008188,ACCOUNT-000530,ACCOUNT-001341,32400,2026-05-31T15:02:00Z,UPI,False,
BANK-TXN-00008189,ACCOUNT-000142,ACCOUNT-001246,7700,2026-06-11T04:16:00Z,UPI,False,
BANK-TXN-00008190,ACCOUNT-000636,ACCOUNT-001469,9400,2026-08-22T01:12:00Z,UPI,False,
BANK-TXN-00008191,ACCOUNT-000591,ACCOUNT-001813,28200,2026-08-06T12:58:00Z,UPI,False,
BANK-TXN-00008192,ACCOUNT-001323,ACCOUNT-001178,63200,2026-06-05T16:48:00Z,UPI,False,
BANK-TXN-00008193,ACCOUNT-001743,ACCOUNT-000948,83000,2026-06-12T02:48:00Z,IMPS,False,
BANK-TXN-00008194,ACCOUNT-001892,ACCOUNT-001174,78900,2026-07-21T13:03:00Z,UPI,False,
BANK-TXN-00008195,ACCOUNT-000668,ACCOUNT-000131,33200,2026-06-07T11:05:00Z,UPI,False,
BANK-TXN-00008196,ACCOUNT-000555,ACCOUNT-001276,18000,2026-07-03T11:35:00Z,UPI,False,
BANK-TXN-00008197,ACCOUNT-001055,ACCOUNT-001733,21100,2026-06-24T08:21:00Z,UPI,False,
BANK-TXN-00008198,ACCOUNT-000386,ACCOUNT-000877,26400,2026-06-27T12:38:00Z,UPI,False,
BANK-TXN-00008199,ACCOUNT-001506,ACCOUNT-000007,1600,2026-08-18T17:20:00Z,UPI,False,
BANK-TXN-00008200,ACCOUNT-001557,ACCOUNT-001911,15300,2026-05-31T01:29:00Z,IMPS,False,
BANK-TXN-00008201,ACCOUNT-001394,ACCOUNT-001609,23000,2026-07-26T16:41:00Z,UPI,False,
BANK-TXN-00008202,ACCOUNT-001624,ACCOUNT-000688,21600,2026-07-23T08:12:00Z,UPI,False,
BANK-TXN-00008203,ACCOUNT-001038,ACCOUNT-001079,99600,2026-06-09T15:33:00Z,UPI,False,
BANK-TXN-00008204,ACCOUNT-001420,ACCOUNT-000261,15500,2026-07-13T17:05:00Z,UPI,False,
BANK-TXN-00008205,ACCOUNT-001756,ACCOUNT-000394,14400,2026-07-16T07:01:00Z,RTGS,False,
BANK-TXN-00008206,ACCOUNT-000721,ACCOUNT-000130,35700,2026-06-27T16:42:00Z,NEFT,False,
BANK-TXN-00008207,ACCOUNT-000044,ACCOUNT-001926,82700,2026-07-04T01:14:00Z,IMPS,False,
BANK-TXN-00008208,ACCOUNT-001460,ACCOUNT-001506,27600,2026-08-09T01:44:00Z,RTGS,False,
BANK-TXN-00008209,ACCOUNT-000975,ACCOUNT-001597,3500,2026-07-18T12:54:00Z,UPI,False,
BANK-TXN-00008210,ACCOUNT-001864,ACCOUNT-000158,1100,2026-08-24T05:08:00Z,UPI,False,
BANK-TXN-00008211,ACCOUNT-000211,ACCOUNT-001466,12700,2026-08-11T16:39:00Z,UPI,False,
BANK-TXN-00008212,ACCOUNT-001762,ACCOUNT-001666,6200,2026-07-06T09:46:00Z,UPI,False,
BANK-TXN-00008213,ACCOUNT-000728,ACCOUNT-001867,7600,2026-07-26T18:52:00Z,NEFT,False,
BANK-TXN-00008214,ACCOUNT-001286,ACCOUNT-000273,5700,2026-07-07T06:13:00Z,UPI,False,
BANK-TXN-00008215,ACCOUNT-000655,ACCOUNT-000416,1800,2026-06-29T18:19:00Z,UPI,False,
BANK-TXN-00008216,ACCOUNT-001710,ACCOUNT-001266,37600,2026-07-09T11:05:00Z,IMPS,False,
BANK-TXN-00008217,ACCOUNT-001659,ACCOUNT-000067,12500,2026-08-18T08:20:00Z,UPI,False,
BANK-TXN-00008218,ACCOUNT-000866,ACCOUNT-001100,9500,2026-07-21T16:02:00Z,IMPS,False,
BANK-TXN-00008219,ACCOUNT-000390,ACCOUNT-000692,84800,2026-07-14T05:34:00Z,UPI,False,
BANK-TXN-00008220,ACCOUNT-000394,ACCOUNT-001469,5500,2026-07-10T05:24:00Z,UPI,False,
BANK-TXN-00008221,ACCOUNT-001800,ACCOUNT-001747,31300,2026-07-16T12:24:00Z,UPI,False,
BANK-TXN-00008222,ACCOUNT-001441,ACCOUNT-001123,13500,2026-08-16T13:39:00Z,UPI,False,
BANK-TXN-00008223,ACCOUNT-001924,ACCOUNT-001146,9000,2026-06-29T12:11:00Z,UPI,False,
BANK-TXN-00008224,ACCOUNT-001802,ACCOUNT-000374,4400,2026-08-01T14:42:00Z,IMPS,False,
BANK-TXN-00008225,ACCOUNT-000030,ACCOUNT-001275,38000,2026-06-11T06:26:00Z,IMPS,False,
BANK-TXN-00008226,ACCOUNT-000161,ACCOUNT-001229,72300,2026-07-12T23:16:00Z,UPI,False,
BANK-TXN-00008227,ACCOUNT-001166,ACCOUNT-000803,9200,2026-06-17T09:24:00Z,UPI,False,
BANK-TXN-00008228,ACCOUNT-000222,ACCOUNT-001167,64800,2026-06-07T17:03:00Z,IMPS,False,
BANK-TXN-00008229,ACCOUNT-001676,ACCOUNT-001867,1200,2026-06-02T11:36:00Z,UPI,False,
BANK-TXN-00008230,ACCOUNT-001351,ACCOUNT-000171,1000,2026-06-13T08:00:00Z,UPI,False,
BANK-TXN-00008231,ACCOUNT-000742,ACCOUNT-000690,23300,2026-08-14T11:02:00Z,IMPS,False,
BANK-TXN-00008232,ACCOUNT-001856,ACCOUNT-000446,6000,2026-07-02T16:47:00Z,NEFT,False,
BANK-TXN-00008233,ACCOUNT-000071,ACCOUNT-000268,70500,2026-06-25T06:23:00Z,UPI,False,
BANK-TXN-00008234,ACCOUNT-000890,ACCOUNT-001028,68800,2026-07-04T05:01:00Z,NEFT,False,
BANK-TXN-00008235,ACCOUNT-001707,ACCOUNT-001528,29100,2026-07-25T16:55:00Z,NEFT,False,
BANK-TXN-00008236,ACCOUNT-000122,ACCOUNT-001459,2000,2026-06-04T07:38:00Z,IMPS,False,
BANK-TXN-00008237,ACCOUNT-000519,ACCOUNT-001726,43700,2026-06-30T16:21:00Z,UPI,False,
BANK-TXN-00008238,ACCOUNT-001619,ACCOUNT-000595,21200,2026-08-03T19:39:00Z,UPI,False,
BANK-TXN-00008239,ACCOUNT-001358,ACCOUNT-000093,7900,2026-08-02T07:18:00Z,UPI,False,
BANK-TXN-00008240,ACCOUNT-000849,ACCOUNT-000085,89000,2026-06-18T02:26:00Z,UPI,False,
BANK-TXN-00008241,ACCOUNT-000785,ACCOUNT-001249,65300,2026-07-02T09:39:00Z,UPI,False,
BANK-TXN-00008242,ACCOUNT-001847,ACCOUNT-000330,18500,2026-08-04T18:24:00Z,UPI,False,
BANK-TXN-00008243,ACCOUNT-000208,ACCOUNT-000346,72100,2026-07-15T07:01:00Z,UPI,False,
BANK-TXN-00008244,ACCOUNT-000285,ACCOUNT-001317,55500,2026-08-28T06:03:00Z,IMPS,False,
BANK-TXN-00008245,ACCOUNT-001397,ACCOUNT-000559,79900,2026-08-22T08:05:00Z,UPI,False,
BANK-TXN-00008246,ACCOUNT-000255,ACCOUNT-001635,2300,2026-07-21T06:42:00Z,IMPS,False,
BANK-TXN-00008247,ACCOUNT-001144,ACCOUNT-000715,9300,2026-08-27T08:15:00Z,UPI,False,
BANK-TXN-00008248,ACCOUNT-001289,ACCOUNT-000559,48200,2026-08-08T01:16:00Z,UPI,False,
BANK-TXN-00008249,ACCOUNT-000850,ACCOUNT-000522,32700,2026-08-19T03:50:00Z,UPI,False,
BANK-TXN-00008250,ACCOUNT-000656,ACCOUNT-001418,87800,2026-07-25T07:16:00Z,NEFT,False,
BANK-TXN-00008251,ACCOUNT-000585,ACCOUNT-000698,25300,2026-08-01T09:14:00Z,NEFT,False,
BANK-TXN-00008252,ACCOUNT-000260,ACCOUNT-000520,32200,2026-08-25T10:55:00Z,IMPS,False,
BANK-TXN-00008253,ACCOUNT-000567,ACCOUNT-000284,85800,2026-07-12T08:01:00Z,IMPS,False,
BANK-TXN-00008254,ACCOUNT-001500,ACCOUNT-001649,7800,2026-07-08T10:39:00Z,IMPS,False,
BANK-TXN-00008255,ACCOUNT-001940,ACCOUNT-000886,55000,2026-06-25T04:59:00Z,UPI,False,
BANK-TXN-00008256,ACCOUNT-001125,ACCOUNT-000210,34900,2026-08-07T17:10:00Z,UPI,False,
BANK-TXN-00008257,ACCOUNT-000532,ACCOUNT-001810,3900,2026-08-08T06:26:00Z,NEFT,False,
BANK-TXN-00008258,ACCOUNT-000004,ACCOUNT-000331,40000,2026-08-27T09:07:00Z,IMPS,False,
BANK-TXN-00008259,ACCOUNT-001244,ACCOUNT-000892,4400,2026-06-03T15:05:00Z,UPI,False,
BANK-TXN-00008260,ACCOUNT-000159,ACCOUNT-000154,5700,2026-06-29T13:47:00Z,UPI,False,
BANK-TXN-00008261,ACCOUNT-000278,ACCOUNT-001374,40300,2026-07-15T03:45:00Z,UPI,False,
BANK-TXN-00008262,ACCOUNT-001089,ACCOUNT-000798,7900,2026-08-22T14:19:00Z,IMPS,False,
BANK-TXN-00008263,ACCOUNT-001887,ACCOUNT-000708,15000,2026-06-19T11:11:00Z,UPI,False,
BANK-TXN-00008264,ACCOUNT-001009,ACCOUNT-000284,6500,2026-08-24T07:40:00Z,UPI,False,
BANK-TXN-00008265,ACCOUNT-000016,ACCOUNT-000409,96700,2026-08-05T14:36:00Z,NEFT,False,
BANK-TXN-00008266,ACCOUNT-000557,ACCOUNT-000912,6500,2026-07-27T02:56:00Z,UPI,False,
BANK-TXN-00008267,ACCOUNT-000206,ACCOUNT-000731,8900,2026-08-17T09:28:00Z,UPI,False,
BANK-TXN-00008268,ACCOUNT-001105,ACCOUNT-001538,41700,2026-06-01T14:51:00Z,UPI,False,
BANK-TXN-00008269,ACCOUNT-000178,ACCOUNT-000754,95000,2026-07-21T03:59:00Z,NEFT,False,
BANK-TXN-00008270,ACCOUNT-000061,ACCOUNT-000423,56000,2026-06-07T01:41:00Z,UPI,False,
BANK-TXN-00008271,ACCOUNT-000729,ACCOUNT-001682,36000,2026-07-11T08:48:00Z,UPI,False,
BANK-TXN-00008272,ACCOUNT-000425,ACCOUNT-000822,7100,2026-07-20T12:02:00Z,UPI,False,
BANK-TXN-00008273,ACCOUNT-001901,ACCOUNT-000618,6300,2026-07-18T17:28:00Z,UPI,False,
BANK-TXN-00008274,ACCOUNT-000666,ACCOUNT-001407,14700,2026-08-01T04:28:00Z,NEFT,False,
BANK-TXN-00008275,ACCOUNT-001220,ACCOUNT-000916,20400,2026-06-11T09:15:00Z,UPI,False,
BANK-TXN-00008276,ACCOUNT-000898,ACCOUNT-000935,7200,2026-07-19T10:19:00Z,UPI,False,
BANK-TXN-00008277,ACCOUNT-001371,ACCOUNT-001245,32500,2026-06-26T23:17:00Z,UPI,False,
BANK-TXN-00008278,ACCOUNT-000888,ACCOUNT-000591,2100,2026-08-17T17:01:00Z,UPI,False,
BANK-TXN-00008279,ACCOUNT-000319,ACCOUNT-000632,5000,2026-07-26T01:28:00Z,NEFT,False,
BANK-TXN-00008280,ACCOUNT-000927,ACCOUNT-001823,5900,2026-07-17T23:35:00Z,UPI,False,
BANK-TXN-00008281,ACCOUNT-000043,ACCOUNT-000389,12600,2026-06-06T15:53:00Z,NEFT,False,
BANK-TXN-00008282,ACCOUNT-001384,ACCOUNT-000710,30100,2026-08-12T13:22:00Z,NEFT,False,
BANK-TXN-00008283,ACCOUNT-000847,ACCOUNT-001914,9600,2026-07-21T17:01:00Z,UPI,False,
BANK-TXN-00008284,ACCOUNT-001867,ACCOUNT-001790,17200,2026-07-08T01:44:00Z,UPI,False,
BANK-TXN-00008285,ACCOUNT-000997,ACCOUNT-000857,40600,2026-06-24T08:11:00Z,RTGS,False,
BANK-TXN-00008286,ACCOUNT-000981,ACCOUNT-001350,7400,2026-07-20T13:20:00Z,IMPS,False,
BANK-TXN-00008287,ACCOUNT-000837,ACCOUNT-001453,4500,2026-08-04T23:10:00Z,UPI,False,
BANK-TXN-00008288,ACCOUNT-000452,ACCOUNT-000272,98500,2026-06-27T09:25:00Z,UPI,False,
BANK-TXN-00008289,ACCOUNT-000194,ACCOUNT-001700,42000,2026-07-02T23:19:00Z,NEFT,False,
BANK-TXN-00008290,ACCOUNT-000248,ACCOUNT-001235,64400,2026-06-17T13:42:00Z,IMPS,False,
BANK-TXN-00008291,ACCOUNT-001756,ACCOUNT-001107,34000,2026-07-14T17:13:00Z,UPI,False,
BANK-TXN-00008292,ACCOUNT-000253,ACCOUNT-000852,24900,2026-08-23T05:26:00Z,NEFT,False,
BANK-TXN-00008293,ACCOUNT-001416,ACCOUNT-000308,95000,2026-07-09T22:34:00Z,UPI,False,
BANK-TXN-00008294,ACCOUNT-000323,ACCOUNT-001028,26800,2026-07-01T09:15:00Z,UPI,False,
BANK-TXN-00008295,ACCOUNT-000174,ACCOUNT-001543,26700,2026-08-27T10:36:00Z,IMPS,False,
BANK-TXN-00008296,ACCOUNT-000755,ACCOUNT-001260,9600,2026-08-07T09:48:00Z,UPI,False,
BANK-TXN-00008297,ACCOUNT-001945,ACCOUNT-000926,75800,2026-06-22T09:02:00Z,UPI,False,
BANK-TXN-00008298,ACCOUNT-001813,ACCOUNT-000089,4600,2026-07-05T09:48:00Z,NEFT,False,
BANK-TXN-00008299,ACCOUNT-000456,ACCOUNT-000585,600,2026-06-28T06:08:00Z,UPI,False,
BANK-TXN-00008300,ACCOUNT-000282,ACCOUNT-000961,6400,2026-08-01T22:07:00Z,NEFT,False,
BANK-TXN-00008301,ACCOUNT-001281,ACCOUNT-001670,12400,2026-07-13T08:07:00Z,IMPS,False,
BANK-TXN-00008302,ACCOUNT-000286,ACCOUNT-001214,28900,2026-06-09T17:58:00Z,UPI,False,
BANK-TXN-00008303,ACCOUNT-000094,ACCOUNT-001617,57600,2026-08-02T15:13:00Z,UPI,False,
BANK-TXN-00008304,ACCOUNT-001181,ACCOUNT-001108,4500,2026-06-10T08:56:00Z,UPI,False,
BANK-TXN-00008305,ACCOUNT-000494,ACCOUNT-001284,48500,2026-06-10T09:12:00Z,IMPS,False,
BANK-TXN-00008306,ACCOUNT-001109,ACCOUNT-001687,39100,2026-06-05T11:50:00Z,RTGS,False,
BANK-TXN-00008307,ACCOUNT-000799,ACCOUNT-000897,25100,2026-06-21T05:45:00Z,IMPS,False,
BANK-TXN-00008308,ACCOUNT-001463,ACCOUNT-000601,45700,2026-08-05T17:11:00Z,NEFT,False,
BANK-TXN-00008309,ACCOUNT-001737,ACCOUNT-001713,16600,2026-07-07T14:41:00Z,IMPS,False,
BANK-TXN-00008310,ACCOUNT-000772,ACCOUNT-000694,28900,2026-07-01T15:59:00Z,NEFT,False,
BANK-TXN-00008311,ACCOUNT-000783,ACCOUNT-001082,82500,2026-08-20T14:17:00Z,UPI,False,
BANK-TXN-00008312,ACCOUNT-001160,ACCOUNT-001259,28600,2026-06-09T17:28:00Z,UPI,False,
BANK-TXN-00008313,ACCOUNT-001727,ACCOUNT-001209,4900,2026-06-24T19:47:00Z,UPI,False,
BANK-TXN-00008314,ACCOUNT-000557,ACCOUNT-000487,12100,2026-06-07T16:53:00Z,IMPS,False,
BANK-TXN-00008315,ACCOUNT-001126,ACCOUNT-000238,40100,2026-08-19T07:20:00Z,UPI,False,
BANK-TXN-00008316,ACCOUNT-001829,ACCOUNT-000400,44200,2026-08-26T09:00:00Z,RTGS,False,
BANK-TXN-00008317,ACCOUNT-001171,ACCOUNT-000696,6000,2026-08-22T03:42:00Z,UPI,False,
BANK-TXN-00008318,ACCOUNT-001692,ACCOUNT-001722,1000,2026-06-14T17:25:00Z,IMPS,False,
BANK-TXN-00008319,ACCOUNT-000576,ACCOUNT-001949,2700,2026-06-06T15:01:00Z,UPI,False,
BANK-TXN-00008320,ACCOUNT-000774,ACCOUNT-001213,6700,2026-08-01T01:34:00Z,NEFT,False,
BANK-TXN-00008321,ACCOUNT-001065,ACCOUNT-001518,4200,2026-06-22T06:05:00Z,IMPS,False,
BANK-TXN-00008322,ACCOUNT-000477,ACCOUNT-000272,25300,2026-07-29T11:48:00Z,RTGS,False,
BANK-TXN-00008323,ACCOUNT-001508,ACCOUNT-000656,300,2026-06-28T07:42:00Z,UPI,False,
BANK-TXN-00008324,ACCOUNT-000842,ACCOUNT-001899,16800,2026-08-08T16:06:00Z,UPI,False,
BANK-TXN-00008325,ACCOUNT-000669,ACCOUNT-000264,60700,2026-07-13T02:10:00Z,UPI,False,
BANK-TXN-00008326,ACCOUNT-000172,ACCOUNT-001644,53700,2026-07-04T15:29:00Z,RTGS,False,
BANK-TXN-00008327,ACCOUNT-000243,ACCOUNT-000843,35500,2026-07-23T06:43:00Z,NEFT,False,
BANK-TXN-00008328,ACCOUNT-000563,ACCOUNT-001651,9300,2026-06-28T18:48:00Z,NEFT,False,
BANK-TXN-00008329,ACCOUNT-000121,ACCOUNT-001623,8800,2026-08-16T06:04:00Z,IMPS,False,
BANK-TXN-00008330,ACCOUNT-001925,ACCOUNT-000694,13000,2026-06-23T06:01:00Z,NEFT,False,
BANK-TXN-00008331,ACCOUNT-001129,ACCOUNT-000753,700,2026-06-22T19:53:00Z,UPI,False,
BANK-TXN-00008332,ACCOUNT-000094,ACCOUNT-000270,7100,2026-08-04T06:37:00Z,IMPS,False,
BANK-TXN-00008333,ACCOUNT-001213,ACCOUNT-000814,700,2026-06-24T17:23:00Z,IMPS,False,
BANK-TXN-00008334,ACCOUNT-000099,ACCOUNT-001102,7100,2026-08-14T04:16:00Z,UPI,False,
BANK-TXN-00008335,ACCOUNT-001664,ACCOUNT-000168,26200,2026-07-08T11:36:00Z,UPI,False,
BANK-TXN-00008336,ACCOUNT-000195,ACCOUNT-000814,95800,2026-06-18T09:31:00Z,IMPS,False,
BANK-TXN-00008337,ACCOUNT-001139,ACCOUNT-000563,49500,2026-06-30T10:17:00Z,UPI,False,
BANK-TXN-00008338,ACCOUNT-000158,ACCOUNT-001749,6900,2026-06-11T16:26:00Z,UPI,False,
BANK-TXN-00008339,ACCOUNT-001840,ACCOUNT-000909,4200,2026-08-23T13:55:00Z,NEFT,False,
BANK-TXN-00008340,ACCOUNT-001520,ACCOUNT-001468,51500,2026-07-27T12:00:00Z,UPI,False,
BANK-TXN-00008341,ACCOUNT-001060,ACCOUNT-000338,4500,2026-08-16T16:15:00Z,UPI,False,
BANK-TXN-00008342,ACCOUNT-001047,ACCOUNT-000354,4800,2026-07-20T08:06:00Z,UPI,False,
BANK-TXN-00008343,ACCOUNT-000480,ACCOUNT-000043,39500,2026-07-24T06:41:00Z,UPI,False,
BANK-TXN-00008344,ACCOUNT-001284,ACCOUNT-001206,71100,2026-07-22T17:40:00Z,UPI,False,
BANK-TXN-00008345,ACCOUNT-001188,ACCOUNT-001909,3800,2026-08-26T06:01:00Z,UPI,False,
BANK-TXN-00008346,ACCOUNT-001078,ACCOUNT-001475,10100,2026-06-12T16:43:00Z,UPI,False,
BANK-TXN-00008347,ACCOUNT-000213,ACCOUNT-001267,9000,2026-07-13T19:55:00Z,UPI,False,
BANK-TXN-00008348,ACCOUNT-000054,ACCOUNT-000908,25100,2026-07-10T04:56:00Z,UPI,False,
BANK-TXN-00008349,ACCOUNT-001905,ACCOUNT-000218,87500,2026-07-10T07:35:00Z,UPI,False,
BANK-TXN-00008350,ACCOUNT-000848,ACCOUNT-000637,10000,2026-06-01T10:02:00Z,IMPS,False,
BANK-TXN-00008351,ACCOUNT-000064,ACCOUNT-001907,65800,2026-06-13T10:52:00Z,IMPS,False,
BANK-TXN-00008352,ACCOUNT-001882,ACCOUNT-001707,39600,2026-08-19T10:26:00Z,UPI,False,
BANK-TXN-00008353,ACCOUNT-000287,ACCOUNT-000464,2100,2026-07-24T15:44:00Z,UPI,False,
BANK-TXN-00008354,ACCOUNT-000292,ACCOUNT-001743,5500,2026-07-20T11:31:00Z,IMPS,False,
BANK-TXN-00008355,ACCOUNT-001599,ACCOUNT-001169,28900,2026-07-07T04:19:00Z,UPI,False,
BANK-TXN-00008356,ACCOUNT-001194,ACCOUNT-000153,24900,2026-07-07T23:18:00Z,IMPS,False,
BANK-TXN-00008357,ACCOUNT-000604,ACCOUNT-001950,6200,2026-08-14T11:16:00Z,UPI,False,
BANK-TXN-00008358,ACCOUNT-001279,ACCOUNT-000059,35800,2026-08-20T12:16:00Z,RTGS,False,
BANK-TXN-00008359,ACCOUNT-001080,ACCOUNT-001888,5600,2026-07-11T15:32:00Z,IMPS,False,
BANK-TXN-00008360,ACCOUNT-001626,ACCOUNT-000744,23100,2026-06-18T09:07:00Z,NEFT,False,
BANK-TXN-00008361,ACCOUNT-001489,ACCOUNT-001474,22300,2026-06-06T21:09:00Z,UPI,False,
BANK-TXN-00008362,ACCOUNT-001771,ACCOUNT-001901,7600,2026-07-13T07:55:00Z,UPI,False,
BANK-TXN-00008363,ACCOUNT-000710,ACCOUNT-000787,33000,2026-06-01T15:17:00Z,UPI,False,
BANK-TXN-00008364,ACCOUNT-000860,ACCOUNT-000938,600,2026-08-16T14:11:00Z,NEFT,False,
BANK-TXN-00008365,ACCOUNT-000288,ACCOUNT-000080,4500,2026-06-26T23:27:00Z,UPI,False,
BANK-TXN-00008366,ACCOUNT-001079,ACCOUNT-001573,71600,2026-06-17T16:37:00Z,UPI,False,
BANK-TXN-00008367,ACCOUNT-001208,ACCOUNT-001656,29600,2026-08-05T05:04:00Z,UPI,False,
BANK-TXN-00008368,ACCOUNT-001785,ACCOUNT-000695,2300,2026-08-11T13:34:00Z,UPI,False,
BANK-TXN-00008369,ACCOUNT-001459,ACCOUNT-001876,90800,2026-07-29T16:05:00Z,IMPS,False,
BANK-TXN-00008370,ACCOUNT-001323,ACCOUNT-000529,26600,2026-06-21T21:27:00Z,UPI,False,
BANK-TXN-00008371,ACCOUNT-001377,ACCOUNT-001557,9800,2026-06-04T07:27:00Z,UPI,False,
BANK-TXN-00008372,ACCOUNT-000518,ACCOUNT-000419,80800,2026-07-24T01:50:00Z,NEFT,False,
BANK-TXN-00008373,ACCOUNT-001723,ACCOUNT-001016,4500,2026-06-20T13:52:00Z,IMPS,False,
BANK-TXN-00008374,ACCOUNT-000133,ACCOUNT-001459,78900,2026-07-29T16:23:00Z,NEFT,False,
BANK-TXN-00008375,ACCOUNT-000020,ACCOUNT-001158,8100,2026-08-27T15:57:00Z,NEFT,False,
BANK-TXN-00008376,ACCOUNT-001792,ACCOUNT-000861,83800,2026-07-15T10:07:00Z,NEFT,False,
BANK-TXN-00008377,ACCOUNT-000218,ACCOUNT-001827,33500,2026-07-21T21:39:00Z,IMPS,False,
BANK-TXN-00008378,ACCOUNT-000304,ACCOUNT-001709,4400,2026-07-14T12:29:00Z,IMPS,False,
BANK-TXN-00008379,ACCOUNT-001641,ACCOUNT-001225,1000,2026-08-23T09:21:00Z,IMPS,False,
BANK-TXN-00008380,ACCOUNT-000945,ACCOUNT-001507,29900,2026-06-12T10:43:00Z,UPI,False,
BANK-TXN-00008381,ACCOUNT-001759,ACCOUNT-000140,3400,2026-06-13T06:02:00Z,IMPS,False,
BANK-TXN-00008382,ACCOUNT-001574,ACCOUNT-001069,59600,2026-07-06T03:27:00Z,UPI,False,
BANK-TXN-00008383,ACCOUNT-000837,ACCOUNT-001202,7400,2026-07-06T19:16:00Z,RTGS,False,
BANK-TXN-00008384,ACCOUNT-001376,ACCOUNT-000973,33100,2026-08-20T11:15:00Z,UPI,False,
BANK-TXN-00008385,ACCOUNT-000842,ACCOUNT-001467,9400,2026-06-02T09:41:00Z,UPI,False,
BANK-TXN-00008386,ACCOUNT-000204,ACCOUNT-000733,73600,2026-07-25T07:20:00Z,NEFT,False,
BANK-TXN-00008387,ACCOUNT-001115,ACCOUNT-001493,4500,2026-08-17T08:44:00Z,UPI,False,
BANK-TXN-00008388,ACCOUNT-000672,ACCOUNT-001705,25900,2026-08-08T05:12:00Z,UPI,False,
BANK-TXN-00008389,ACCOUNT-001624,ACCOUNT-001093,2100,2026-06-29T14:39:00Z,UPI,False,
BANK-TXN-00008390,ACCOUNT-000544,ACCOUNT-000605,77200,2026-06-21T19:13:00Z,IMPS,False,
BANK-TXN-00008391,ACCOUNT-001874,ACCOUNT-000790,10600,2026-07-03T10:23:00Z,UPI,False,
BANK-TXN-00008392,ACCOUNT-001817,ACCOUNT-001176,73600,2026-08-14T02:48:00Z,UPI,False,
BANK-TXN-00008393,ACCOUNT-001887,ACCOUNT-000571,700,2026-08-18T14:50:00Z,UPI,False,
BANK-TXN-00008394,ACCOUNT-001713,ACCOUNT-001277,15400,2026-06-05T06:06:00Z,IMPS,False,
BANK-TXN-00008395,ACCOUNT-001818,ACCOUNT-001531,2000,2026-08-06T10:12:00Z,UPI,False,
BANK-TXN-00008396,ACCOUNT-000800,ACCOUNT-000363,10000,2026-07-20T11:33:00Z,UPI,False,
BANK-TXN-00008397,ACCOUNT-000902,ACCOUNT-001899,8000,2026-08-05T16:18:00Z,NEFT,False,
BANK-TXN-00008398,ACCOUNT-000477,ACCOUNT-000098,6900,2026-06-25T09:00:00Z,UPI,False,
BANK-TXN-00008399,ACCOUNT-000608,ACCOUNT-000635,9800,2026-07-09T08:42:00Z,UPI,False,
BANK-TXN-00008400,ACCOUNT-000129,ACCOUNT-001531,17500,2026-08-23T04:22:00Z,RTGS,False,
BANK-TXN-00008401,ACCOUNT-000793,ACCOUNT-001152,5300,2026-07-06T18:31:00Z,IMPS,False,
BANK-TXN-00008402,ACCOUNT-000968,ACCOUNT-001160,81200,2026-08-28T09:56:00Z,IMPS,False,
BANK-TXN-00008403,ACCOUNT-001297,ACCOUNT-001336,20100,2026-06-25T04:08:00Z,UPI,False,
BANK-TXN-00008404,ACCOUNT-000140,ACCOUNT-000954,600,2026-08-26T09:37:00Z,IMPS,False,
BANK-TXN-00008405,ACCOUNT-000442,ACCOUNT-001464,22300,2026-07-15T12:50:00Z,IMPS,False,
BANK-TXN-00008406,ACCOUNT-000273,ACCOUNT-000142,51700,2026-08-21T01:14:00Z,UPI,False,
BANK-TXN-00008407,ACCOUNT-000053,ACCOUNT-000710,99800,2026-07-01T06:05:00Z,IMPS,False,
BANK-TXN-00008408,ACCOUNT-000766,ACCOUNT-000048,17600,2026-08-25T05:12:00Z,UPI,False,
BANK-TXN-00008409,ACCOUNT-000706,ACCOUNT-000874,21400,2026-07-11T07:58:00Z,NEFT,False,
BANK-TXN-00008410,ACCOUNT-001018,ACCOUNT-000764,5100,2026-07-04T17:04:00Z,UPI,False,
BANK-TXN-00008411,ACCOUNT-000924,ACCOUNT-000654,60800,2026-06-20T09:08:00Z,IMPS,False,
BANK-TXN-00008412,ACCOUNT-000045,ACCOUNT-000657,9100,2026-08-04T11:53:00Z,UPI,False,
BANK-TXN-00008413,ACCOUNT-000804,ACCOUNT-001439,29700,2026-08-25T01:18:00Z,UPI,False,
BANK-TXN-00008414,ACCOUNT-001707,ACCOUNT-000444,81100,2026-08-09T03:43:00Z,UPI,False,
BANK-TXN-00008415,ACCOUNT-001590,ACCOUNT-000289,48400,2026-07-30T08:03:00Z,UPI,False,
BANK-TXN-00008416,ACCOUNT-001007,ACCOUNT-000975,34900,2026-06-11T02:01:00Z,NEFT,False,
BANK-TXN-00008417,ACCOUNT-000666,ACCOUNT-000419,22900,2026-08-05T15:12:00Z,UPI,False,
BANK-TXN-00008418,ACCOUNT-000858,ACCOUNT-001331,3200,2026-06-18T09:25:00Z,UPI,False,
BANK-TXN-00008419,ACCOUNT-000976,ACCOUNT-001779,23500,2026-06-08T02:33:00Z,UPI,False,
BANK-TXN-00008420,ACCOUNT-001536,ACCOUNT-000900,19300,2026-06-19T13:08:00Z,UPI,False,
BANK-TXN-00008421,ACCOUNT-001425,ACCOUNT-001192,62300,2026-08-06T15:32:00Z,UPI,False,
BANK-TXN-00008422,ACCOUNT-001103,ACCOUNT-001396,98700,2026-08-12T04:21:00Z,UPI,False,
BANK-TXN-00008423,ACCOUNT-000817,ACCOUNT-000709,49900,2026-08-10T16:27:00Z,NEFT,False,
BANK-TXN-00008424,ACCOUNT-000669,ACCOUNT-000221,70100,2026-08-17T10:30:00Z,UPI,False,
BANK-TXN-00008425,ACCOUNT-001285,ACCOUNT-000140,42000,2026-07-24T14:03:00Z,UPI,False,
BANK-TXN-00008426,ACCOUNT-000616,ACCOUNT-000912,41800,2026-07-07T06:23:00Z,IMPS,False,
BANK-TXN-00008427,ACCOUNT-000038,ACCOUNT-000396,8100,2026-08-20T10:32:00Z,UPI,False,
BANK-TXN-00008428,ACCOUNT-001165,ACCOUNT-001944,42000,2026-07-06T01:05:00Z,UPI,False,
BANK-TXN-00008429,ACCOUNT-001628,ACCOUNT-001069,14400,2026-06-04T13:18:00Z,RTGS,False,
BANK-TXN-00008430,ACCOUNT-000677,ACCOUNT-001406,22000,2026-05-31T22:08:00Z,UPI,False,
BANK-TXN-00008431,ACCOUNT-000607,ACCOUNT-000827,30300,2026-08-06T17:56:00Z,UPI,False,
BANK-TXN-00008432,ACCOUNT-000834,ACCOUNT-000677,12900,2026-08-17T10:35:00Z,UPI,False,
BANK-TXN-00008433,ACCOUNT-000176,ACCOUNT-000272,9500,2026-08-20T14:56:00Z,UPI,False,
BANK-TXN-00008434,ACCOUNT-001288,ACCOUNT-001262,52400,2026-06-25T08:30:00Z,UPI,False,
BANK-TXN-00008435,ACCOUNT-001702,ACCOUNT-001499,12700,2026-07-04T08:33:00Z,NEFT,False,
BANK-TXN-00008436,ACCOUNT-000520,ACCOUNT-000895,3200,2026-07-07T05:10:00Z,UPI,False,
BANK-TXN-00008437,ACCOUNT-001570,ACCOUNT-001512,36800,2026-07-15T09:21:00Z,UPI,False,
BANK-TXN-00008438,ACCOUNT-001838,ACCOUNT-001669,6100,2026-06-01T14:16:00Z,UPI,False,
BANK-TXN-00008439,ACCOUNT-000160,ACCOUNT-001512,18500,2026-08-11T15:36:00Z,UPI,False,
BANK-TXN-00008440,ACCOUNT-001348,ACCOUNT-001916,73100,2026-06-13T13:29:00Z,RTGS,False,
BANK-TXN-00008441,ACCOUNT-001911,ACCOUNT-000401,5800,2026-07-19T17:26:00Z,UPI,False,
BANK-TXN-00008442,ACCOUNT-001672,ACCOUNT-000369,600,2026-08-08T05:31:00Z,UPI,False,
BANK-TXN-00008443,ACCOUNT-000166,ACCOUNT-001025,23200,2026-08-22T20:55:00Z,UPI,False,
BANK-TXN-00008444,ACCOUNT-001475,ACCOUNT-001567,18500,2026-06-21T15:17:00Z,UPI,False,
BANK-TXN-00008445,ACCOUNT-001402,ACCOUNT-000996,5900,2026-07-28T14:19:00Z,IMPS,False,
BANK-TXN-00008446,ACCOUNT-000469,ACCOUNT-001810,3600,2026-06-12T20:52:00Z,IMPS,False,
BANK-TXN-00008447,ACCOUNT-001300,ACCOUNT-000494,23200,2026-07-06T13:09:00Z,UPI,False,
BANK-TXN-00008448,ACCOUNT-001204,ACCOUNT-001051,40300,2026-06-07T23:43:00Z,UPI,False,
BANK-TXN-00008449,ACCOUNT-001544,ACCOUNT-001019,47800,2026-08-02T17:10:00Z,UPI,False,
BANK-TXN-00008450,ACCOUNT-000559,ACCOUNT-001551,4200,2026-07-17T12:30:00Z,UPI,False,
BANK-TXN-00008451,ACCOUNT-000110,ACCOUNT-001281,46700,2026-08-10T15:41:00Z,IMPS,False,
BANK-TXN-00008452,ACCOUNT-000567,ACCOUNT-000713,3900,2026-06-17T10:21:00Z,UPI,False,
BANK-TXN-00008453,ACCOUNT-000818,ACCOUNT-001905,60100,2026-08-25T09:31:00Z,RTGS,False,
BANK-TXN-00008454,ACCOUNT-001672,ACCOUNT-000854,20300,2026-08-10T02:33:00Z,IMPS,False,
BANK-TXN-00008455,ACCOUNT-000680,ACCOUNT-001029,75500,2026-06-21T02:23:00Z,UPI,False,
BANK-TXN-00008456,ACCOUNT-000549,ACCOUNT-001555,1000,2026-07-21T13:45:00Z,IMPS,False,
BANK-TXN-00008457,ACCOUNT-001402,ACCOUNT-000574,98400,2026-08-11T07:58:00Z,UPI,False,
BANK-TXN-00008458,ACCOUNT-000627,ACCOUNT-001200,3800,2026-07-28T07:08:00Z,UPI,False,
BANK-TXN-00008459,ACCOUNT-001404,ACCOUNT-000164,2200,2026-08-10T17:49:00Z,IMPS,False,
BANK-TXN-00008460,ACCOUNT-000284,ACCOUNT-001322,7400,2026-06-02T11:55:00Z,UPI,False,
BANK-TXN-00008461,ACCOUNT-000066,ACCOUNT-000665,42100,2026-07-22T04:15:00Z,UPI,False,
BANK-TXN-00008462,ACCOUNT-000471,ACCOUNT-001001,37700,2026-08-27T23:26:00Z,UPI,False,
BANK-TXN-00008463,ACCOUNT-000159,ACCOUNT-001259,6000,2026-08-22T06:47:00Z,RTGS,False,
BANK-TXN-00008464,ACCOUNT-000883,ACCOUNT-000055,38000,2026-06-29T15:12:00Z,IMPS,False,
BANK-TXN-00008465,ACCOUNT-000492,ACCOUNT-000330,65800,2026-07-05T11:44:00Z,UPI,False,
BANK-TXN-00008466,ACCOUNT-001303,ACCOUNT-000449,5800,2026-08-19T06:08:00Z,UPI,False,
BANK-TXN-00008467,ACCOUNT-000476,ACCOUNT-001116,16200,2026-06-05T05:09:00Z,UPI,False,
BANK-TXN-00008468,ACCOUNT-000891,ACCOUNT-001822,24000,2026-06-28T15:13:00Z,UPI,False,
BANK-TXN-00008469,ACCOUNT-000357,ACCOUNT-000159,18700,2026-06-10T12:13:00Z,IMPS,False,
BANK-TXN-00008470,ACCOUNT-001255,ACCOUNT-000860,5500,2026-06-20T17:43:00Z,NEFT,False,
BANK-TXN-00008471,ACCOUNT-001394,ACCOUNT-001363,75600,2026-08-18T17:37:00Z,IMPS,False,
BANK-TXN-00008472,ACCOUNT-000401,ACCOUNT-001507,3100,2026-06-11T17:47:00Z,UPI,False,
BANK-TXN-00008473,ACCOUNT-000548,ACCOUNT-000228,21900,2026-08-12T02:11:00Z,UPI,False,
BANK-TXN-00008474,ACCOUNT-000845,ACCOUNT-000923,86000,2026-08-21T11:07:00Z,IMPS,False,
BANK-TXN-00008475,ACCOUNT-001474,ACCOUNT-001336,16400,2026-06-07T16:07:00Z,NEFT,False,
BANK-TXN-00008476,ACCOUNT-001676,ACCOUNT-000704,21200,2026-07-21T06:30:00Z,UPI,False,
BANK-TXN-00008477,ACCOUNT-000473,ACCOUNT-001720,45400,2026-08-14T13:12:00Z,UPI,False,
BANK-TXN-00008478,ACCOUNT-000997,ACCOUNT-000432,14000,2026-08-14T08:52:00Z,UPI,False,
BANK-TXN-00008479,ACCOUNT-000606,ACCOUNT-000650,8600,2026-06-13T07:33:00Z,NEFT,False,
BANK-TXN-00008480,ACCOUNT-000876,ACCOUNT-001083,100,2026-07-23T13:47:00Z,NEFT,False,
BANK-TXN-00008481,ACCOUNT-000030,ACCOUNT-000394,86400,2026-07-15T10:38:00Z,UPI,False,
BANK-TXN-00008482,ACCOUNT-000775,ACCOUNT-000390,33900,2026-06-02T16:09:00Z,UPI,False,
BANK-TXN-00008483,ACCOUNT-000384,ACCOUNT-001006,32800,2026-06-08T20:51:00Z,UPI,False,
BANK-TXN-00008484,ACCOUNT-001528,ACCOUNT-000014,45800,2026-08-06T15:11:00Z,UPI,False,
BANK-TXN-00008485,ACCOUNT-001750,ACCOUNT-001058,49900,2026-06-19T22:45:00Z,UPI,False,
BANK-TXN-00008486,ACCOUNT-001511,ACCOUNT-001825,2500,2026-06-08T14:29:00Z,IMPS,False,
BANK-TXN-00008487,ACCOUNT-001689,ACCOUNT-000641,3700,2026-06-15T08:00:00Z,NEFT,False,
BANK-TXN-00008488,ACCOUNT-001358,ACCOUNT-001292,7200,2026-07-25T16:18:00Z,UPI,False,
BANK-TXN-00008489,ACCOUNT-000387,ACCOUNT-001191,500,2026-07-17T06:49:00Z,NEFT,False,
BANK-TXN-00008490,ACCOUNT-001808,ACCOUNT-001913,100,2026-06-24T11:17:00Z,UPI,False,
BANK-TXN-00008491,ACCOUNT-001786,ACCOUNT-000287,16000,2026-08-06T17:57:00Z,UPI,False,
BANK-TXN-00008492,ACCOUNT-000342,ACCOUNT-000088,19800,2026-06-20T09:24:00Z,RTGS,False,
BANK-TXN-00008493,ACCOUNT-000101,ACCOUNT-001084,34800,2026-06-16T10:42:00Z,UPI,False,
BANK-TXN-00008494,ACCOUNT-000916,ACCOUNT-000239,47100,2026-08-27T04:42:00Z,UPI,False,
BANK-TXN-00008495,ACCOUNT-000540,ACCOUNT-001657,81400,2026-06-30T05:03:00Z,IMPS,False,
BANK-TXN-00008496,ACCOUNT-001575,ACCOUNT-000250,35700,2026-06-27T16:58:00Z,UPI,False,
BANK-TXN-00008497,ACCOUNT-001508,ACCOUNT-000826,68600,2026-06-24T10:14:00Z,UPI,False,
BANK-TXN-00008498,ACCOUNT-000880,ACCOUNT-001596,5700,2026-08-24T16:02:00Z,UPI,False,
BANK-TXN-00008499,ACCOUNT-000489,ACCOUNT-001699,18700,2026-07-15T21:16:00Z,UPI,False,
BANK-TXN-00008500,ACCOUNT-001685,ACCOUNT-001950,4500,2026-08-03T17:31:00Z,IMPS,False,
BANK-TXN-00008501,ACCOUNT-000716,ACCOUNT-000317,40500,2026-07-24T02:18:00Z,NEFT,False,
BANK-TXN-00008502,ACCOUNT-001594,ACCOUNT-001570,19700,2026-06-08T06:33:00Z,UPI,False,
BANK-TXN-00008503,ACCOUNT-000776,ACCOUNT-000957,20500,2026-07-09T06:01:00Z,IMPS,False,
BANK-TXN-00008504,ACCOUNT-001921,ACCOUNT-000246,10200,2026-07-24T17:28:00Z,UPI,False,
BANK-TXN-00008505,ACCOUNT-001914,ACCOUNT-001852,9800,2026-08-27T04:53:00Z,NEFT,False,
BANK-TXN-00008506,ACCOUNT-000909,ACCOUNT-000539,43700,2026-08-04T12:43:00Z,UPI,False,
BANK-TXN-00008507,ACCOUNT-001553,ACCOUNT-000973,6100,2026-07-29T11:49:00Z,UPI,False,
BANK-TXN-00008508,ACCOUNT-001735,ACCOUNT-001482,6400,2026-06-05T07:16:00Z,UPI,False,
BANK-TXN-00008509,ACCOUNT-001599,ACCOUNT-001579,9600,2026-08-07T08:51:00Z,UPI,False,
BANK-TXN-00008510,ACCOUNT-000675,ACCOUNT-000091,37600,2026-08-14T13:53:00Z,UPI,False,
BANK-TXN-00008511,ACCOUNT-000946,ACCOUNT-001104,300,2026-07-06T00:33:00Z,IMPS,False,
BANK-TXN-00008512,ACCOUNT-000104,ACCOUNT-000074,800,2026-08-26T03:22:00Z,UPI,False,
BANK-TXN-00008513,ACCOUNT-000781,ACCOUNT-000334,88500,2026-06-07T07:29:00Z,UPI,False,
BANK-TXN-00008514,ACCOUNT-000441,ACCOUNT-001282,54300,2026-08-02T01:28:00Z,UPI,False,
BANK-TXN-00008515,ACCOUNT-000263,ACCOUNT-000809,5500,2026-06-14T08:36:00Z,RTGS,False,
BANK-TXN-00008516,ACCOUNT-001433,ACCOUNT-000712,4200,2026-06-08T13:27:00Z,UPI,False,
BANK-TXN-00008517,ACCOUNT-000985,ACCOUNT-000759,12500,2026-06-26T06:31:00Z,NEFT,False,
BANK-TXN-00008518,ACCOUNT-000435,ACCOUNT-000225,56900,2026-06-24T02:46:00Z,NEFT,False,
BANK-TXN-00008519,ACCOUNT-001006,ACCOUNT-000112,16500,2026-06-04T06:43:00Z,UPI,False,
BANK-TXN-00008520,ACCOUNT-001911,ACCOUNT-001308,9000,2026-07-19T23:18:00Z,UPI,False,
BANK-TXN-00008521,ACCOUNT-000501,ACCOUNT-001038,12700,2026-07-13T07:03:00Z,UPI,False,
BANK-TXN-00008522,ACCOUNT-000633,ACCOUNT-000363,18200,2026-06-11T16:35:00Z,UPI,False,
BANK-TXN-00008523,ACCOUNT-000135,ACCOUNT-000963,41900,2026-07-02T15:07:00Z,UPI,False,
BANK-TXN-00008524,ACCOUNT-000097,ACCOUNT-000865,17500,2026-07-13T16:58:00Z,IMPS,False,
BANK-TXN-00008525,ACCOUNT-001693,ACCOUNT-001158,61900,2026-06-27T19:30:00Z,UPI,False,
BANK-TXN-00008526,ACCOUNT-000078,ACCOUNT-001094,36900,2026-08-09T03:50:00Z,UPI,False,
BANK-TXN-00008527,ACCOUNT-001740,ACCOUNT-001587,2800,2026-06-13T09:21:00Z,IMPS,False,
BANK-TXN-00008528,ACCOUNT-000616,ACCOUNT-000238,25200,2026-06-25T12:08:00Z,IMPS,False,
BANK-TXN-00008529,ACCOUNT-000737,ACCOUNT-000787,4800,2026-07-08T04:54:00Z,NEFT,False,
BANK-TXN-00008530,ACCOUNT-000383,ACCOUNT-001128,3100,2026-06-16T17:55:00Z,UPI,False,
BANK-TXN-00008531,ACCOUNT-000883,ACCOUNT-000624,5100,2026-07-31T13:09:00Z,IMPS,False,
BANK-TXN-00008532,ACCOUNT-000659,ACCOUNT-000458,1700,2026-08-03T07:48:00Z,IMPS,False,
BANK-TXN-00008533,ACCOUNT-001935,ACCOUNT-000276,54800,2026-06-25T08:34:00Z,UPI,False,
BANK-TXN-00008534,ACCOUNT-000828,ACCOUNT-000246,38900,2026-06-05T11:19:00Z,UPI,False,
BANK-TXN-00008535,ACCOUNT-000513,ACCOUNT-001847,99100,2026-07-19T08:09:00Z,UPI,False,
BANK-TXN-00008536,ACCOUNT-000573,ACCOUNT-001368,45700,2026-06-02T17:59:00Z,NEFT,False,
BANK-TXN-00008537,ACCOUNT-001163,ACCOUNT-001825,23500,2026-06-16T08:39:00Z,IMPS,False,
BANK-TXN-00008538,ACCOUNT-000112,ACCOUNT-000023,53000,2026-08-03T05:38:00Z,IMPS,False,
BANK-TXN-00008539,ACCOUNT-001450,ACCOUNT-001131,6600,2026-07-01T13:20:00Z,IMPS,False,
BANK-TXN-00008540,ACCOUNT-001264,ACCOUNT-000199,6800,2026-08-23T11:38:00Z,RTGS,False,
BANK-TXN-00008541,ACCOUNT-001874,ACCOUNT-001119,92600,2026-07-29T02:03:00Z,IMPS,False,
BANK-TXN-00008542,ACCOUNT-000382,ACCOUNT-000903,37900,2026-08-08T02:06:00Z,IMPS,False,
BANK-TXN-00008543,ACCOUNT-000591,ACCOUNT-000097,5800,2026-06-26T09:17:00Z,NEFT,False,
BANK-TXN-00008544,ACCOUNT-001028,ACCOUNT-000162,27200,2026-06-18T19:18:00Z,NEFT,False,
BANK-TXN-00008545,ACCOUNT-001006,ACCOUNT-000926,6800,2026-06-04T20:00:00Z,UPI,False,
BANK-TXN-00008546,ACCOUNT-000110,ACCOUNT-001877,3200,2026-06-27T03:33:00Z,UPI,False,
BANK-TXN-00008547,ACCOUNT-000932,ACCOUNT-001551,53300,2026-07-26T18:20:00Z,UPI,False,
BANK-TXN-00008548,ACCOUNT-001309,ACCOUNT-001083,4900,2026-08-28T23:57:00Z,UPI,False,
BANK-TXN-00008549,ACCOUNT-001692,ACCOUNT-000185,9600,2026-07-30T15:07:00Z,UPI,False,
BANK-TXN-00008550,ACCOUNT-001689,ACCOUNT-001122,600,2026-06-14T23:02:00Z,UPI,False,
BANK-TXN-00008551,ACCOUNT-001682,ACCOUNT-001838,58200,2026-07-28T04:11:00Z,UPI,False,
BANK-TXN-00008552,ACCOUNT-001353,ACCOUNT-001304,3800,2026-06-18T04:04:00Z,UPI,False,
BANK-TXN-00008553,ACCOUNT-001573,ACCOUNT-001008,43100,2026-08-10T15:45:00Z,UPI,False,
BANK-TXN-00008554,ACCOUNT-000592,ACCOUNT-000661,20900,2026-07-11T19:14:00Z,IMPS,False,
BANK-TXN-00008555,ACCOUNT-001822,ACCOUNT-000203,88100,2026-07-12T03:20:00Z,NEFT,False,
BANK-TXN-00008556,ACCOUNT-000423,ACCOUNT-001868,32900,2026-07-09T01:21:00Z,UPI,False,
BANK-TXN-00008557,ACCOUNT-000092,ACCOUNT-001906,23100,2026-06-09T01:54:00Z,UPI,False,
BANK-TXN-00008558,ACCOUNT-001409,ACCOUNT-000244,88500,2026-06-12T16:17:00Z,UPI,False,
BANK-TXN-00008559,ACCOUNT-001047,ACCOUNT-001615,9700,2026-07-31T16:27:00Z,UPI,False,
BANK-TXN-00008560,ACCOUNT-000865,ACCOUNT-000249,69300,2026-06-17T11:20:00Z,UPI,False,
BANK-TXN-00008561,ACCOUNT-000145,ACCOUNT-000278,79700,2026-07-11T12:17:00Z,UPI,False,
BANK-TXN-00008562,ACCOUNT-001495,ACCOUNT-001733,9600,2026-06-16T04:05:00Z,IMPS,False,
BANK-TXN-00008563,ACCOUNT-000938,ACCOUNT-001781,91500,2026-07-02T08:17:00Z,IMPS,False,
BANK-TXN-00008564,ACCOUNT-001426,ACCOUNT-001608,23700,2026-07-11T13:02:00Z,IMPS,False,
BANK-TXN-00008565,ACCOUNT-000761,ACCOUNT-001721,21800,2026-06-13T12:18:00Z,UPI,False,
BANK-TXN-00008566,ACCOUNT-000988,ACCOUNT-000439,50800,2026-06-01T08:09:00Z,UPI,False,
BANK-TXN-00008567,ACCOUNT-000947,ACCOUNT-000652,56800,2026-08-24T07:34:00Z,UPI,False,
BANK-TXN-00008568,ACCOUNT-001498,ACCOUNT-000509,8600,2026-06-29T15:03:00Z,UPI,False,
BANK-TXN-00008569,ACCOUNT-000958,ACCOUNT-001582,7700,2026-07-23T07:01:00Z,UPI,False,
BANK-TXN-00008570,ACCOUNT-001025,ACCOUNT-000829,9100,2026-07-16T12:32:00Z,NEFT,False,
BANK-TXN-00008571,ACCOUNT-001853,ACCOUNT-001925,4800,2026-07-12T15:35:00Z,IMPS,False,
BANK-TXN-00008572,ACCOUNT-000737,ACCOUNT-000319,5800,2026-08-18T01:04:00Z,UPI,False,
BANK-TXN-00008573,ACCOUNT-000447,ACCOUNT-000007,42400,2026-06-08T14:09:00Z,IMPS,False,
BANK-TXN-00008574,ACCOUNT-000343,ACCOUNT-001637,1100,2026-06-09T11:04:00Z,RTGS,False,
BANK-TXN-00008575,ACCOUNT-001589,ACCOUNT-001385,18500,2026-08-08T09:08:00Z,IMPS,False,
BANK-TXN-00008576,ACCOUNT-001784,ACCOUNT-001674,5300,2026-06-26T12:12:00Z,UPI,False,
BANK-TXN-00008577,ACCOUNT-001101,ACCOUNT-000441,40300,2026-06-26T05:58:00Z,IMPS,False,
BANK-TXN-00008578,ACCOUNT-001487,ACCOUNT-000141,2700,2026-06-01T08:10:00Z,UPI,False,
BANK-TXN-00008579,ACCOUNT-001403,ACCOUNT-001357,15700,2026-06-06T19:13:00Z,IMPS,False,
BANK-TXN-00008580,ACCOUNT-000602,ACCOUNT-001280,21600,2026-08-18T10:29:00Z,UPI,False,
BANK-TXN-00008581,ACCOUNT-001119,ACCOUNT-001823,28100,2026-07-23T10:35:00Z,UPI,False,
BANK-TXN-00008582,ACCOUNT-000901,ACCOUNT-001546,24900,2026-08-08T14:27:00Z,UPI,False,
BANK-TXN-00008583,ACCOUNT-000525,ACCOUNT-000414,4000,2026-07-05T13:10:00Z,UPI,False,
BANK-TXN-00008584,ACCOUNT-000856,ACCOUNT-001912,49600,2026-08-10T08:11:00Z,UPI,False,
BANK-TXN-00008585,ACCOUNT-000545,ACCOUNT-000023,84000,2026-06-25T09:50:00Z,UPI,False,
BANK-TXN-00008586,ACCOUNT-000171,ACCOUNT-001824,20100,2026-07-28T17:54:00Z,UPI,False,
BANK-TXN-00008587,ACCOUNT-000127,ACCOUNT-000130,73800,2026-06-03T04:56:00Z,UPI,False,
BANK-TXN-00008588,ACCOUNT-000228,ACCOUNT-000015,79300,2026-07-25T06:15:00Z,NEFT,False,
BANK-TXN-00008589,ACCOUNT-000326,ACCOUNT-001468,94300,2026-08-23T11:55:00Z,IMPS,False,
BANK-TXN-00008590,ACCOUNT-001913,ACCOUNT-001369,5600,2026-08-26T17:55:00Z,RTGS,False,
BANK-TXN-00008591,ACCOUNT-001194,ACCOUNT-001327,6900,2026-07-09T22:58:00Z,UPI,False,
BANK-TXN-00008592,ACCOUNT-001778,ACCOUNT-001892,12300,2026-06-08T19:45:00Z,NEFT,False,
BANK-TXN-00008593,ACCOUNT-000989,ACCOUNT-001842,46300,2026-07-27T02:43:00Z,NEFT,False,
BANK-TXN-00008594,ACCOUNT-000746,ACCOUNT-000615,6300,2026-07-18T19:49:00Z,NEFT,False,
BANK-TXN-00008595,ACCOUNT-000697,ACCOUNT-000746,12200,2026-06-14T20:10:00Z,UPI,False,
BANK-TXN-00008596,ACCOUNT-000842,ACCOUNT-000832,30100,2026-08-04T22:48:00Z,UPI,False,
BANK-TXN-00008597,ACCOUNT-000844,ACCOUNT-001465,400,2026-07-20T11:39:00Z,UPI,False,
BANK-TXN-00008598,ACCOUNT-000604,ACCOUNT-000537,10000,2026-08-02T14:03:00Z,UPI,False,
BANK-TXN-00008599,ACCOUNT-001161,ACCOUNT-000180,21800,2026-07-07T13:35:00Z,UPI,False,
BANK-TXN-00008600,ACCOUNT-000805,ACCOUNT-001334,37400,2026-07-04T09:06:00Z,UPI,False,
BANK-TXN-00008601,ACCOUNT-000203,ACCOUNT-001684,13800,2026-08-02T15:41:00Z,UPI,False,
BANK-TXN-00008602,ACCOUNT-001754,ACCOUNT-000565,53300,2026-06-19T02:43:00Z,IMPS,False,
BANK-TXN-00008603,ACCOUNT-000648,ACCOUNT-000443,4300,2026-07-15T02:24:00Z,UPI,False,
BANK-TXN-00008604,ACCOUNT-000720,ACCOUNT-001506,2500,2026-08-19T04:43:00Z,NEFT,False,
BANK-TXN-00008605,ACCOUNT-001226,ACCOUNT-000315,34300,2026-06-13T07:20:00Z,UPI,False,
BANK-TXN-00008606,ACCOUNT-001852,ACCOUNT-000419,300,2026-08-10T02:55:00Z,UPI,False,
BANK-TXN-00008607,ACCOUNT-001343,ACCOUNT-001194,16000,2026-08-15T04:33:00Z,RTGS,False,
BANK-TXN-00008608,ACCOUNT-000544,ACCOUNT-001549,78700,2026-06-29T07:14:00Z,UPI,False,
BANK-TXN-00008609,ACCOUNT-001641,ACCOUNT-000325,54800,2026-06-07T23:57:00Z,RTGS,False,
BANK-TXN-00008610,ACCOUNT-001759,ACCOUNT-000433,9200,2026-07-29T09:13:00Z,UPI,False,
BANK-TXN-00008611,ACCOUNT-001947,ACCOUNT-001640,5800,2026-07-09T17:23:00Z,NEFT,False,
BANK-TXN-00008612,ACCOUNT-000878,ACCOUNT-000740,4500,2026-06-27T06:53:00Z,NEFT,False,
BANK-TXN-00008613,ACCOUNT-001245,ACCOUNT-000346,900,2026-07-22T01:13:00Z,UPI,False,
BANK-TXN-00008614,ACCOUNT-001524,ACCOUNT-001864,29400,2026-08-01T23:59:00Z,NEFT,False,
BANK-TXN-00008615,ACCOUNT-001553,ACCOUNT-001090,58700,2026-08-14T10:02:00Z,UPI,False,
BANK-TXN-00008616,ACCOUNT-000238,ACCOUNT-000849,35200,2026-06-26T09:29:00Z,UPI,False,
BANK-TXN-00008617,ACCOUNT-001465,ACCOUNT-001174,700,2026-07-04T23:21:00Z,UPI,False,
BANK-TXN-00008618,ACCOUNT-001256,ACCOUNT-001944,24400,2026-08-09T15:15:00Z,UPI,False,
BANK-TXN-00008619,ACCOUNT-001499,ACCOUNT-000430,16300,2026-07-13T16:03:00Z,UPI,False,
BANK-TXN-00008620,ACCOUNT-000344,ACCOUNT-001458,9500,2026-06-20T04:14:00Z,UPI,False,
BANK-TXN-00008621,ACCOUNT-000726,ACCOUNT-001430,3700,2026-06-08T22:43:00Z,UPI,False,
BANK-TXN-00008622,ACCOUNT-000546,ACCOUNT-001625,39000,2026-07-02T08:55:00Z,UPI,False,
BANK-TXN-00008623,ACCOUNT-001365,ACCOUNT-001250,6800,2026-06-21T16:26:00Z,UPI,False,
BANK-TXN-00008624,ACCOUNT-001122,ACCOUNT-000330,8800,2026-08-16T12:36:00Z,UPI,False,
BANK-TXN-00008625,ACCOUNT-000435,ACCOUNT-001072,47400,2026-07-04T04:42:00Z,UPI,False,
BANK-TXN-00008626,ACCOUNT-001468,ACCOUNT-000333,14000,2026-08-01T02:52:00Z,NEFT,False,
BANK-TXN-00008627,ACCOUNT-000410,ACCOUNT-000928,88200,2026-06-18T07:35:00Z,UPI,False,
BANK-TXN-00008628,ACCOUNT-000698,ACCOUNT-000515,89800,2026-08-15T14:52:00Z,UPI,False,
BANK-TXN-00008629,ACCOUNT-001666,ACCOUNT-001109,1800,2026-07-24T11:21:00Z,UPI,False,
BANK-TXN-00008630,ACCOUNT-000580,ACCOUNT-001427,6700,2026-08-17T12:41:00Z,UPI,False,
BANK-TXN-00008631,ACCOUNT-000008,ACCOUNT-000705,2500,2026-07-01T09:18:00Z,IMPS,False,
BANK-TXN-00008632,ACCOUNT-000374,ACCOUNT-001548,9000,2026-07-15T16:23:00Z,UPI,False,
BANK-TXN-00008633,ACCOUNT-000613,ACCOUNT-001712,6700,2026-07-25T08:12:00Z,IMPS,False,
BANK-TXN-00008634,ACCOUNT-000244,ACCOUNT-001182,4900,2026-06-14T13:02:00Z,IMPS,False,
BANK-TXN-00008635,ACCOUNT-001429,ACCOUNT-001237,22600,2026-07-02T11:01:00Z,UPI,False,
BANK-TXN-00008636,ACCOUNT-001114,ACCOUNT-001607,25700,2026-08-13T06:18:00Z,NEFT,False,
BANK-TXN-00008637,ACCOUNT-000868,ACCOUNT-000365,4600,2026-07-15T07:00:00Z,UPI,False,
BANK-TXN-00008638,ACCOUNT-000355,ACCOUNT-000384,36300,2026-08-25T14:18:00Z,RTGS,False,
BANK-TXN-00008639,ACCOUNT-000531,ACCOUNT-001255,6800,2026-07-23T10:30:00Z,UPI,False,
BANK-TXN-00008640,ACCOUNT-001197,ACCOUNT-000265,94600,2026-07-05T17:49:00Z,IMPS,False,
BANK-TXN-00008641,ACCOUNT-001390,ACCOUNT-000487,56800,2026-08-28T14:33:00Z,IMPS,False,
BANK-TXN-00008642,ACCOUNT-001762,ACCOUNT-001147,41400,2026-08-22T11:59:00Z,UPI,False,
BANK-TXN-00008643,ACCOUNT-000009,ACCOUNT-001217,5200,2026-06-25T10:49:00Z,IMPS,False,
BANK-TXN-00008644,ACCOUNT-000265,ACCOUNT-000730,64000,2026-08-06T09:00:00Z,IMPS,False,
BANK-TXN-00008645,ACCOUNT-000401,ACCOUNT-001301,54100,2026-07-15T08:29:00Z,UPI,False,
BANK-TXN-00008646,ACCOUNT-001495,ACCOUNT-000322,8700,2026-06-27T04:23:00Z,NEFT,False,
BANK-TXN-00008647,ACCOUNT-001189,ACCOUNT-000024,4400,2026-08-07T14:59:00Z,NEFT,False,
BANK-TXN-00008648,ACCOUNT-000347,ACCOUNT-000982,7300,2026-06-13T10:09:00Z,NEFT,False,
BANK-TXN-00008649,ACCOUNT-001172,ACCOUNT-001618,62600,2026-06-16T05:03:00Z,UPI,False,
BANK-TXN-00008650,ACCOUNT-001255,ACCOUNT-001416,7700,2026-06-04T15:47:00Z,IMPS,False,
BANK-TXN-00008651,ACCOUNT-000476,ACCOUNT-000365,4200,2026-08-07T14:25:00Z,UPI,False,
BANK-TXN-00008652,ACCOUNT-001315,ACCOUNT-000066,55300,2026-08-27T15:11:00Z,UPI,False,
BANK-TXN-00008653,ACCOUNT-001612,ACCOUNT-000711,13700,2026-08-22T03:26:00Z,UPI,False,
BANK-TXN-00008654,ACCOUNT-000028,ACCOUNT-001037,68900,2026-06-24T03:25:00Z,NEFT,False,
BANK-TXN-00008655,ACCOUNT-000332,ACCOUNT-001382,12100,2026-08-22T10:53:00Z,IMPS,False,
BANK-TXN-00008656,ACCOUNT-000288,ACCOUNT-001324,200,2026-06-24T12:36:00Z,RTGS,False,
BANK-TXN-00008657,ACCOUNT-001195,ACCOUNT-001277,64300,2026-07-01T01:42:00Z,NEFT,False,
BANK-TXN-00008658,ACCOUNT-000211,ACCOUNT-001596,1600,2026-07-03T18:23:00Z,UPI,False,
BANK-TXN-00008659,ACCOUNT-001706,ACCOUNT-001887,28200,2026-06-25T07:45:00Z,IMPS,False,
BANK-TXN-00008660,ACCOUNT-001257,ACCOUNT-001379,1000,2026-06-05T06:12:00Z,UPI,False,
BANK-TXN-00008661,ACCOUNT-001180,ACCOUNT-000873,6700,2026-06-25T15:16:00Z,IMPS,False,
BANK-TXN-00008662,ACCOUNT-001431,ACCOUNT-000278,38800,2026-06-17T02:16:00Z,NEFT,False,
BANK-TXN-00008663,ACCOUNT-000874,ACCOUNT-001288,9600,2026-06-27T20:41:00Z,NEFT,False,
BANK-TXN-00008664,ACCOUNT-001413,ACCOUNT-001562,88800,2026-07-16T08:01:00Z,NEFT,False,
BANK-TXN-00008665,ACCOUNT-001645,ACCOUNT-000994,42100,2026-08-18T06:41:00Z,NEFT,False,
BANK-TXN-00008666,ACCOUNT-001018,ACCOUNT-000106,91500,2026-08-23T11:55:00Z,UPI,False,
BANK-TXN-00008667,ACCOUNT-001320,ACCOUNT-001444,7500,2026-08-22T15:48:00Z,NEFT,False,
BANK-TXN-00008668,ACCOUNT-001849,ACCOUNT-000716,29500,2026-06-10T17:20:00Z,UPI,False,
BANK-TXN-00008669,ACCOUNT-000023,ACCOUNT-000694,99200,2026-06-09T19:40:00Z,IMPS,False,
BANK-TXN-00008670,ACCOUNT-001113,ACCOUNT-001323,4300,2026-07-04T12:08:00Z,IMPS,False,
BANK-TXN-00008671,ACCOUNT-001366,ACCOUNT-000454,500,2026-06-20T11:36:00Z,UPI,False,
BANK-TXN-00008672,ACCOUNT-000299,ACCOUNT-001758,88900,2026-08-14T18:03:00Z,UPI,False,
BANK-TXN-00008673,ACCOUNT-001651,ACCOUNT-000693,4000,2026-06-11T15:15:00Z,UPI,False,
BANK-TXN-00008674,ACCOUNT-001455,ACCOUNT-000792,3100,2026-07-18T08:39:00Z,UPI,False,
BANK-TXN-00008675,ACCOUNT-000807,ACCOUNT-001340,1800,2026-07-10T12:25:00Z,UPI,False,
BANK-TXN-00008676,ACCOUNT-000447,ACCOUNT-001616,4500,2026-07-02T03:59:00Z,UPI,False,
BANK-TXN-00008677,ACCOUNT-001120,ACCOUNT-000119,31300,2026-08-14T06:00:00Z,IMPS,False,
BANK-TXN-00008678,ACCOUNT-000372,ACCOUNT-000561,16700,2026-07-25T15:36:00Z,RTGS,False,
BANK-TXN-00008679,ACCOUNT-001165,ACCOUNT-001686,82000,2026-07-19T19:28:00Z,IMPS,False,
BANK-TXN-00008680,ACCOUNT-000247,ACCOUNT-001315,18300,2026-06-15T11:19:00Z,UPI,False,
BANK-TXN-00008681,ACCOUNT-000922,ACCOUNT-001225,7500,2026-08-14T13:05:00Z,IMPS,False,
BANK-TXN-00008682,ACCOUNT-001850,ACCOUNT-001619,6700,2026-08-23T03:03:00Z,UPI,False,
BANK-TXN-00008683,ACCOUNT-001462,ACCOUNT-000526,1900,2026-06-21T01:47:00Z,IMPS,False,
BANK-TXN-00008684,ACCOUNT-000102,ACCOUNT-001075,100,2026-08-23T09:56:00Z,UPI,False,
BANK-TXN-00008685,ACCOUNT-000668,ACCOUNT-000821,85900,2026-06-11T10:22:00Z,UPI,False,
BANK-TXN-00008686,ACCOUNT-001914,ACCOUNT-001834,99100,2026-08-04T19:30:00Z,IMPS,False,
BANK-TXN-00008687,ACCOUNT-000798,ACCOUNT-001637,9500,2026-07-10T14:12:00Z,UPI,False,
BANK-TXN-00008688,ACCOUNT-000711,ACCOUNT-000006,51300,2026-07-16T10:24:00Z,IMPS,False,
BANK-TXN-00008689,ACCOUNT-000882,ACCOUNT-000570,36400,2026-08-26T10:57:00Z,UPI,False,
BANK-TXN-00008690,ACCOUNT-001179,ACCOUNT-000215,200,2026-07-03T08:37:00Z,NEFT,False,
BANK-TXN-00008691,ACCOUNT-000668,ACCOUNT-001240,69500,2026-08-08T05:59:00Z,UPI,False,
BANK-TXN-00008692,ACCOUNT-001484,ACCOUNT-001022,23600,2026-07-22T09:38:00Z,UPI,False,
BANK-TXN-00008693,ACCOUNT-000386,ACCOUNT-000175,34800,2026-06-22T13:07:00Z,IMPS,False,
BANK-TXN-00008694,ACCOUNT-000681,ACCOUNT-000525,49400,2026-06-17T01:44:00Z,UPI,False,
BANK-TXN-00008695,ACCOUNT-001625,ACCOUNT-000303,100,2026-07-07T10:28:00Z,UPI,False,
BANK-TXN-00008696,ACCOUNT-001890,ACCOUNT-001633,43000,2026-06-09T06:05:00Z,IMPS,False,
BANK-TXN-00008697,ACCOUNT-000489,ACCOUNT-000361,4100,2026-08-21T19:31:00Z,NEFT,False,
BANK-TXN-00008698,ACCOUNT-000047,ACCOUNT-001005,43900,2026-06-09T06:53:00Z,UPI,False,
BANK-TXN-00008699,ACCOUNT-000512,ACCOUNT-001472,77800,2026-08-06T14:02:00Z,UPI,False,
BANK-TXN-00008700,ACCOUNT-001325,ACCOUNT-001517,36800,2026-06-10T08:50:00Z,UPI,False,
BANK-TXN-00008701,ACCOUNT-001808,ACCOUNT-000743,94000,2026-08-16T10:32:00Z,UPI,False,
BANK-TXN-00008702,ACCOUNT-000260,ACCOUNT-000540,400,2026-07-10T11:10:00Z,UPI,False,
BANK-TXN-00008703,ACCOUNT-001349,ACCOUNT-001931,72700,2026-08-11T05:38:00Z,NEFT,False,
BANK-TXN-00008704,ACCOUNT-000647,ACCOUNT-001018,18900,2026-08-17T16:44:00Z,UPI,False,
BANK-TXN-00008705,ACCOUNT-001634,ACCOUNT-000903,12200,2026-06-17T08:09:00Z,IMPS,False,
BANK-TXN-00008706,ACCOUNT-000131,ACCOUNT-000521,500,2026-06-16T04:21:00Z,RTGS,False,
BANK-TXN-00008707,ACCOUNT-001351,ACCOUNT-001442,98900,2026-07-26T22:04:00Z,UPI,False,
BANK-TXN-00008708,ACCOUNT-000622,ACCOUNT-001907,71600,2026-06-07T14:06:00Z,UPI,False,
BANK-TXN-00008709,ACCOUNT-001523,ACCOUNT-001892,33900,2026-07-12T17:53:00Z,UPI,False,
BANK-TXN-00008710,ACCOUNT-001850,ACCOUNT-001690,10000,2026-06-11T11:11:00Z,IMPS,False,
BANK-TXN-00008711,ACCOUNT-001813,ACCOUNT-001626,34900,2026-06-03T21:03:00Z,IMPS,False,
BANK-TXN-00008712,ACCOUNT-000996,ACCOUNT-000731,14600,2026-05-31T17:44:00Z,UPI,False,
BANK-TXN-00008713,ACCOUNT-001727,ACCOUNT-000493,22300,2026-08-15T04:11:00Z,IMPS,False,
BANK-TXN-00008714,ACCOUNT-001012,ACCOUNT-000019,53300,2026-07-08T02:38:00Z,UPI,False,
BANK-TXN-00008715,ACCOUNT-000269,ACCOUNT-000569,36200,2026-07-12T06:10:00Z,IMPS,False,
BANK-TXN-00008716,ACCOUNT-000893,ACCOUNT-000459,71500,2026-07-18T21:09:00Z,IMPS,False,
BANK-TXN-00008717,ACCOUNT-000100,ACCOUNT-001791,28000,2026-08-15T09:51:00Z,IMPS,False,
BANK-TXN-00008718,ACCOUNT-000857,ACCOUNT-000851,83000,2026-08-07T16:02:00Z,UPI,False,
BANK-TXN-00008719,ACCOUNT-000370,ACCOUNT-001851,29400,2026-07-06T23:31:00Z,NEFT,False,
BANK-TXN-00008720,ACCOUNT-000704,ACCOUNT-000688,5800,2026-06-25T20:03:00Z,IMPS,False,
BANK-TXN-00008721,ACCOUNT-000891,ACCOUNT-000202,13400,2026-08-04T14:10:00Z,NEFT,False,
BANK-TXN-00008722,ACCOUNT-001886,ACCOUNT-001732,56500,2026-08-28T19:07:00Z,UPI,False,
BANK-TXN-00008723,ACCOUNT-001324,ACCOUNT-001587,400,2026-08-12T08:02:00Z,UPI,False,
BANK-TXN-00008724,ACCOUNT-001766,ACCOUNT-001880,37000,2026-06-02T16:43:00Z,IMPS,False,
BANK-TXN-00008725,ACCOUNT-000035,ACCOUNT-001600,15600,2026-07-01T19:01:00Z,UPI,False,
BANK-TXN-00008726,ACCOUNT-001557,ACCOUNT-000159,61200,2026-07-16T12:16:00Z,UPI,False,
BANK-TXN-00008727,ACCOUNT-000850,ACCOUNT-000364,9300,2026-06-18T03:39:00Z,UPI,False,
BANK-TXN-00008728,ACCOUNT-001043,ACCOUNT-000530,6500,2026-06-20T02:06:00Z,UPI,False,
BANK-TXN-00008729,ACCOUNT-001153,ACCOUNT-000309,71200,2026-08-14T13:08:00Z,UPI,False,
BANK-TXN-00008730,ACCOUNT-001949,ACCOUNT-001067,29900,2026-06-30T06:36:00Z,IMPS,False,
BANK-TXN-00008731,ACCOUNT-000429,ACCOUNT-001472,5600,2026-08-22T16:52:00Z,UPI,False,
BANK-TXN-00008732,ACCOUNT-001131,ACCOUNT-001461,3300,2026-06-24T22:00:00Z,UPI,False,
BANK-TXN-00008733,ACCOUNT-000172,ACCOUNT-001704,18600,2026-05-31T05:04:00Z,UPI,False,
BANK-TXN-00008734,ACCOUNT-001664,ACCOUNT-001687,12500,2026-06-03T19:52:00Z,UPI,False,
BANK-TXN-00008735,ACCOUNT-001116,ACCOUNT-001119,6800,2026-08-04T01:16:00Z,UPI,False,
BANK-TXN-00008736,ACCOUNT-001335,ACCOUNT-000160,96100,2026-06-29T09:56:00Z,UPI,False,
BANK-TXN-00008737,ACCOUNT-001429,ACCOUNT-001453,47900,2026-07-16T08:04:00Z,UPI,False,
BANK-TXN-00008738,ACCOUNT-000796,ACCOUNT-001901,7200,2026-06-15T06:36:00Z,UPI,False,
BANK-TXN-00008739,ACCOUNT-000925,ACCOUNT-001707,5200,2026-08-15T18:53:00Z,UPI,False,
BANK-TXN-00008740,ACCOUNT-000752,ACCOUNT-001414,33700,2026-06-28T07:53:00Z,UPI,False,
BANK-TXN-00008741,ACCOUNT-001767,ACCOUNT-001660,5000,2026-06-10T07:49:00Z,UPI,False,
BANK-TXN-00008742,ACCOUNT-000268,ACCOUNT-000379,7800,2026-07-22T01:52:00Z,UPI,False,
BANK-TXN-00008743,ACCOUNT-000789,ACCOUNT-000638,9700,2026-07-30T00:18:00Z,IMPS,False,
BANK-TXN-00008744,ACCOUNT-001421,ACCOUNT-000729,73100,2026-08-18T05:21:00Z,IMPS,False,
BANK-TXN-00008745,ACCOUNT-000328,ACCOUNT-001880,8900,2026-08-20T20:40:00Z,UPI,False,
BANK-TXN-00008746,ACCOUNT-001541,ACCOUNT-001730,60800,2026-08-27T04:21:00Z,IMPS,False,
BANK-TXN-00008747,ACCOUNT-000864,ACCOUNT-001663,5300,2026-06-29T12:44:00Z,IMPS,False,
BANK-TXN-00008748,ACCOUNT-001463,ACCOUNT-001431,48500,2026-08-14T07:55:00Z,IMPS,False,
BANK-TXN-00008749,ACCOUNT-001421,ACCOUNT-001768,4000,2026-07-28T20:56:00Z,NEFT,False,
BANK-TXN-00008750,ACCOUNT-000064,ACCOUNT-001395,14700,2026-07-26T13:57:00Z,IMPS,False,
BANK-TXN-00008751,ACCOUNT-000096,ACCOUNT-000638,38600,2026-06-15T13:36:00Z,NEFT,False,
BANK-TXN-00008752,ACCOUNT-001455,ACCOUNT-000710,68300,2026-08-17T22:25:00Z,UPI,False,
BANK-TXN-00008753,ACCOUNT-001405,ACCOUNT-001297,61700,2026-08-05T17:11:00Z,NEFT,False,
BANK-TXN-00008754,ACCOUNT-001856,ACCOUNT-000375,6100,2026-06-13T23:39:00Z,UPI,False,
BANK-TXN-00008755,ACCOUNT-001083,ACCOUNT-001114,44700,2026-06-20T04:59:00Z,RTGS,False,
BANK-TXN-00008756,ACCOUNT-001226,ACCOUNT-001674,33000,2026-07-04T13:30:00Z,UPI,False,
BANK-TXN-00008757,ACCOUNT-001172,ACCOUNT-000722,55100,2026-06-13T01:25:00Z,UPI,False,
BANK-TXN-00008758,ACCOUNT-000484,ACCOUNT-001562,18700,2026-08-19T17:19:00Z,IMPS,False,
BANK-TXN-00008759,ACCOUNT-000531,ACCOUNT-000929,500,2026-07-26T09:17:00Z,UPI,False,
BANK-TXN-00008760,ACCOUNT-001490,ACCOUNT-001044,84800,2026-07-26T08:31:00Z,NEFT,False,
BANK-TXN-00008761,ACCOUNT-001143,ACCOUNT-000324,16900,2026-08-10T17:19:00Z,IMPS,False,
BANK-TXN-00008762,ACCOUNT-001635,ACCOUNT-000594,23700,2026-07-24T11:09:00Z,UPI,False,
BANK-TXN-00008763,ACCOUNT-000728,ACCOUNT-001609,17700,2026-06-04T13:21:00Z,RTGS,False,
BANK-TXN-00008764,ACCOUNT-000165,ACCOUNT-001433,21800,2026-07-26T16:20:00Z,UPI,False,
BANK-TXN-00008765,ACCOUNT-001522,ACCOUNT-001201,3100,2026-08-17T15:36:00Z,UPI,False,
BANK-TXN-00008766,ACCOUNT-000416,ACCOUNT-001617,56600,2026-06-15T19:46:00Z,UPI,False,
BANK-TXN-00008767,ACCOUNT-001610,ACCOUNT-000577,6300,2026-06-05T12:11:00Z,IMPS,False,
BANK-TXN-00008768,ACCOUNT-000721,ACCOUNT-000661,7100,2026-07-26T13:01:00Z,IMPS,False,
BANK-TXN-00008769,ACCOUNT-001594,ACCOUNT-000229,2700,2026-08-02T12:07:00Z,IMPS,False,
BANK-TXN-00008770,ACCOUNT-000904,ACCOUNT-001308,39300,2026-06-04T16:21:00Z,UPI,False,
BANK-TXN-00008771,ACCOUNT-001747,ACCOUNT-001253,39300,2026-06-11T07:44:00Z,UPI,False,
BANK-TXN-00008772,ACCOUNT-000105,ACCOUNT-001464,55900,2026-06-28T13:47:00Z,NEFT,False,
BANK-TXN-00008773,ACCOUNT-000179,ACCOUNT-001559,8500,2026-06-05T06:23:00Z,NEFT,False,
BANK-TXN-00008774,ACCOUNT-001059,ACCOUNT-001915,93000,2026-06-02T10:55:00Z,IMPS,False,
BANK-TXN-00008775,ACCOUNT-001810,ACCOUNT-001881,75600,2026-07-18T23:45:00Z,UPI,False,
BANK-TXN-00008776,ACCOUNT-001308,ACCOUNT-001924,2600,2026-07-18T13:37:00Z,UPI,False,
BANK-TXN-00008777,ACCOUNT-000709,ACCOUNT-000193,7900,2026-06-02T19:34:00Z,RTGS,False,
BANK-TXN-00008778,ACCOUNT-000684,ACCOUNT-000810,48900,2026-06-08T12:56:00Z,NEFT,False,
BANK-TXN-00008779,ACCOUNT-001544,ACCOUNT-000805,6900,2026-08-08T08:04:00Z,UPI,False,
BANK-TXN-00008780,ACCOUNT-001036,ACCOUNT-001697,19200,2026-08-13T01:41:00Z,UPI,False,
BANK-TXN-00008781,ACCOUNT-001691,ACCOUNT-000719,21500,2026-08-18T07:06:00Z,UPI,False,
BANK-TXN-00008782,ACCOUNT-001332,ACCOUNT-000072,6500,2026-08-20T14:36:00Z,UPI,False,
BANK-TXN-00008783,ACCOUNT-000659,ACCOUNT-000665,900,2026-07-23T15:00:00Z,IMPS,False,
BANK-TXN-00008784,ACCOUNT-000287,ACCOUNT-000151,83100,2026-06-11T01:09:00Z,RTGS,False,
BANK-TXN-00008785,ACCOUNT-000609,ACCOUNT-001147,2300,2026-08-16T16:52:00Z,NEFT,False,
BANK-TXN-00008786,ACCOUNT-000502,ACCOUNT-000115,5100,2026-06-19T09:21:00Z,RTGS,False,
BANK-TXN-00008787,ACCOUNT-001437,ACCOUNT-000312,1100,2026-06-06T02:51:00Z,IMPS,False,
BANK-TXN-00008788,ACCOUNT-001890,ACCOUNT-000633,48400,2026-08-20T05:33:00Z,IMPS,False,
BANK-TXN-00008789,ACCOUNT-000899,ACCOUNT-000094,9400,2026-06-02T12:27:00Z,UPI,False,
BANK-TXN-00008790,ACCOUNT-001132,ACCOUNT-000338,11500,2026-07-11T07:32:00Z,IMPS,False,
BANK-TXN-00008791,ACCOUNT-000038,ACCOUNT-001365,37400,2026-08-28T09:18:00Z,UPI,False,
BANK-TXN-00008792,ACCOUNT-001415,ACCOUNT-001746,7300,2026-07-22T09:34:00Z,IMPS,False,
BANK-TXN-00008793,ACCOUNT-001225,ACCOUNT-000717,5500,2026-06-14T23:53:00Z,UPI,False,
BANK-TXN-00008794,ACCOUNT-000681,ACCOUNT-001878,15600,2026-08-04T21:50:00Z,UPI,False,
BANK-TXN-00008795,ACCOUNT-000407,ACCOUNT-000885,7900,2026-07-26T13:23:00Z,UPI,False,
BANK-TXN-00008796,ACCOUNT-000974,ACCOUNT-001300,10500,2026-07-17T02:41:00Z,UPI,False,
BANK-TXN-00008797,ACCOUNT-000177,ACCOUNT-000549,4000,2026-06-24T16:53:00Z,IMPS,False,
BANK-TXN-00008798,ACCOUNT-001864,ACCOUNT-001643,29600,2026-07-17T01:12:00Z,UPI,False,
BANK-TXN-00008799,ACCOUNT-001764,ACCOUNT-000711,5600,2026-07-12T14:46:00Z,UPI,False,
BANK-TXN-00008800,ACCOUNT-001920,ACCOUNT-001508,92900,2026-06-06T02:11:00Z,UPI,False,
BANK-TXN-00008801,ACCOUNT-001693,ACCOUNT-000721,64500,2026-07-19T23:36:00Z,IMPS,False,
BANK-TXN-00008802,ACCOUNT-000029,ACCOUNT-000723,26300,2026-06-23T05:14:00Z,UPI,False,
BANK-TXN-00008803,ACCOUNT-000305,ACCOUNT-001148,60200,2026-06-25T15:23:00Z,RTGS,False,
BANK-TXN-00008804,ACCOUNT-001188,ACCOUNT-000307,47400,2026-06-21T08:25:00Z,UPI,False,
BANK-TXN-00008805,ACCOUNT-001185,ACCOUNT-001083,14600,2026-08-27T18:35:00Z,UPI,False,
BANK-TXN-00008806,ACCOUNT-000584,ACCOUNT-000639,9700,2026-08-03T22:49:00Z,RTGS,False,
BANK-TXN-00008807,ACCOUNT-000212,ACCOUNT-001943,2800,2026-07-27T03:12:00Z,NEFT,False,
BANK-TXN-00008808,ACCOUNT-001911,ACCOUNT-000479,8100,2026-06-06T12:31:00Z,NEFT,False,
BANK-TXN-00008809,ACCOUNT-001445,ACCOUNT-000286,11300,2026-08-25T21:18:00Z,UPI,False,
BANK-TXN-00008810,ACCOUNT-001271,ACCOUNT-000602,81400,2026-08-28T03:32:00Z,RTGS,False,
BANK-TXN-00008811,ACCOUNT-001234,ACCOUNT-001864,93200,2026-07-03T11:25:00Z,UPI,False,
BANK-TXN-00008812,ACCOUNT-001907,ACCOUNT-000538,10600,2026-06-24T13:54:00Z,IMPS,False,
BANK-TXN-00008813,ACCOUNT-001771,ACCOUNT-000544,88700,2026-08-07T03:42:00Z,UPI,False,
BANK-TXN-00008814,ACCOUNT-000579,ACCOUNT-001297,22700,2026-08-23T14:11:00Z,RTGS,False,
BANK-TXN-00008815,ACCOUNT-000534,ACCOUNT-000013,73700,2026-06-02T10:12:00Z,UPI,False,
BANK-TXN-00008816,ACCOUNT-001181,ACCOUNT-001556,20200,2026-07-15T04:56:00Z,IMPS,False,
BANK-TXN-00008817,ACCOUNT-001701,ACCOUNT-000329,7900,2026-08-11T09:01:00Z,IMPS,False,
BANK-TXN-00008818,ACCOUNT-001193,ACCOUNT-000070,64400,2026-06-09T20:25:00Z,IMPS,False,
BANK-TXN-00008819,ACCOUNT-000632,ACCOUNT-001432,6400,2026-06-28T04:16:00Z,UPI,False,
BANK-TXN-00008820,ACCOUNT-001277,ACCOUNT-001417,55100,2026-06-15T14:11:00Z,UPI,False,
BANK-TXN-00008821,ACCOUNT-001851,ACCOUNT-000644,9900,2026-06-06T00:24:00Z,RTGS,False,
BANK-TXN-00008822,ACCOUNT-001027,ACCOUNT-000619,46000,2026-08-11T11:36:00Z,NEFT,False,
BANK-TXN-00008823,ACCOUNT-000570,ACCOUNT-000210,32100,2026-07-04T14:11:00Z,NEFT,False,
BANK-TXN-00008824,ACCOUNT-001506,ACCOUNT-000769,30200,2026-07-03T10:08:00Z,IMPS,False,
BANK-TXN-00008825,ACCOUNT-000208,ACCOUNT-000774,700,2026-07-22T15:56:00Z,RTGS,False,
BANK-TXN-00008826,ACCOUNT-001649,ACCOUNT-001061,6900,2026-07-12T09:37:00Z,UPI,False,
BANK-TXN-00008827,ACCOUNT-001013,ACCOUNT-000241,39000,2026-07-04T10:41:00Z,UPI,False,
BANK-TXN-00008828,ACCOUNT-000834,ACCOUNT-001307,6100,2026-07-28T15:13:00Z,UPI,False,
BANK-TXN-00008829,ACCOUNT-000021,ACCOUNT-000252,76700,2026-08-18T22:18:00Z,UPI,False,
BANK-TXN-00008830,ACCOUNT-000241,ACCOUNT-001608,1800,2026-07-25T09:11:00Z,UPI,False,
BANK-TXN-00008831,ACCOUNT-000174,ACCOUNT-000184,45700,2026-08-12T21:55:00Z,UPI,False,
BANK-TXN-00008832,ACCOUNT-000529,ACCOUNT-001435,39500,2026-06-18T19:40:00Z,UPI,False,
BANK-TXN-00008833,ACCOUNT-001205,ACCOUNT-001782,52800,2026-07-24T03:48:00Z,UPI,False,
BANK-TXN-00008834,ACCOUNT-000139,ACCOUNT-000354,57800,2026-07-27T14:16:00Z,UPI,False,
BANK-TXN-00008835,ACCOUNT-001597,ACCOUNT-000979,26100,2026-08-27T11:59:00Z,IMPS,False,
BANK-TXN-00008836,ACCOUNT-000945,ACCOUNT-001060,14900,2026-06-07T06:32:00Z,UPI,False,
BANK-TXN-00008837,ACCOUNT-000591,ACCOUNT-000336,21800,2026-07-17T15:17:00Z,UPI,False,
BANK-TXN-00008838,ACCOUNT-000353,ACCOUNT-000791,17400,2026-06-10T03:20:00Z,UPI,False,
BANK-TXN-00008839,ACCOUNT-000894,ACCOUNT-001243,3100,2026-06-09T17:05:00Z,IMPS,False,
BANK-TXN-00008840,ACCOUNT-000357,ACCOUNT-001171,9400,2026-07-01T17:10:00Z,UPI,False,
BANK-TXN-00008841,ACCOUNT-001909,ACCOUNT-001072,95000,2026-06-07T12:59:00Z,UPI,False,
BANK-TXN-00008842,ACCOUNT-001418,ACCOUNT-000494,18900,2026-08-02T05:41:00Z,UPI,False,
BANK-TXN-00008843,ACCOUNT-000901,ACCOUNT-001938,58800,2026-07-13T03:58:00Z,IMPS,False,
BANK-TXN-00008844,ACCOUNT-001340,ACCOUNT-000042,19900,2026-06-01T16:28:00Z,IMPS,False,
BANK-TXN-00008845,ACCOUNT-001219,ACCOUNT-001028,17100,2026-08-23T01:25:00Z,UPI,False,
BANK-TXN-00008846,ACCOUNT-001891,ACCOUNT-000315,9200,2026-07-02T10:34:00Z,UPI,False,
BANK-TXN-00008847,ACCOUNT-001859,ACCOUNT-001470,4400,2026-07-24T09:42:00Z,NEFT,False,
BANK-TXN-00008848,ACCOUNT-001806,ACCOUNT-000601,21600,2026-07-01T09:44:00Z,UPI,False,
BANK-TXN-00008849,ACCOUNT-000710,ACCOUNT-000481,47800,2026-06-27T08:50:00Z,IMPS,False,
BANK-TXN-00008850,ACCOUNT-001714,ACCOUNT-001556,6500,2026-07-04T22:26:00Z,IMPS,False,
BANK-TXN-00008851,ACCOUNT-000301,ACCOUNT-000024,8800,2026-06-02T23:17:00Z,UPI,False,
BANK-TXN-00008852,ACCOUNT-000018,ACCOUNT-000863,57100,2026-06-08T11:10:00Z,IMPS,False,
BANK-TXN-00008853,ACCOUNT-000865,ACCOUNT-000644,57500,2026-06-09T15:00:00Z,UPI,False,
BANK-TXN-00008854,ACCOUNT-001951,ACCOUNT-000349,2600,2026-08-13T17:25:00Z,IMPS,False,
BANK-TXN-00008855,ACCOUNT-000420,ACCOUNT-001628,9900,2026-07-19T05:08:00Z,RTGS,False,
BANK-TXN-00008856,ACCOUNT-000358,ACCOUNT-001469,6400,2026-08-09T15:29:00Z,UPI,False,
BANK-TXN-00008857,ACCOUNT-000284,ACCOUNT-000549,46700,2026-08-19T03:04:00Z,UPI,False,
BANK-TXN-00008858,ACCOUNT-000439,ACCOUNT-001140,1700,2026-06-22T02:18:00Z,IMPS,False,
BANK-TXN-00008859,ACCOUNT-001197,ACCOUNT-001328,9200,2026-06-13T15:18:00Z,UPI,False,
BANK-TXN-00008860,ACCOUNT-001405,ACCOUNT-000393,20800,2026-08-12T16:14:00Z,IMPS,False,
BANK-TXN-00008861,ACCOUNT-000810,ACCOUNT-000245,300,2026-06-12T09:32:00Z,UPI,False,
BANK-TXN-00008862,ACCOUNT-000193,ACCOUNT-001569,1600,2026-06-24T12:51:00Z,IMPS,False,
BANK-TXN-00008863,ACCOUNT-000914,ACCOUNT-001919,5500,2026-06-01T14:17:00Z,IMPS,False,
BANK-TXN-00008864,ACCOUNT-000707,ACCOUNT-001356,28300,2026-07-14T05:44:00Z,UPI,False,
BANK-TXN-00008865,ACCOUNT-000058,ACCOUNT-001464,97000,2026-08-22T03:27:00Z,IMPS,False,
BANK-TXN-00008866,ACCOUNT-001267,ACCOUNT-001009,9200,2026-07-26T06:50:00Z,UPI,False,
BANK-TXN-00008867,ACCOUNT-001399,ACCOUNT-001762,31400,2026-07-02T16:47:00Z,UPI,False,
BANK-TXN-00008868,ACCOUNT-001651,ACCOUNT-000747,46400,2026-06-07T21:47:00Z,UPI,False,
BANK-TXN-00008869,ACCOUNT-000456,ACCOUNT-000298,2600,2026-08-22T06:04:00Z,IMPS,False,
BANK-TXN-00008870,ACCOUNT-001702,ACCOUNT-001328,37400,2026-06-19T15:20:00Z,UPI,False,
BANK-TXN-00008871,ACCOUNT-000891,ACCOUNT-001530,22900,2026-06-04T13:12:00Z,UPI,False,
BANK-TXN-00008872,ACCOUNT-001063,ACCOUNT-000905,21900,2026-06-27T01:14:00Z,NEFT,False,
BANK-TXN-00008873,ACCOUNT-000464,ACCOUNT-000477,8100,2026-07-17T00:28:00Z,IMPS,False,
BANK-TXN-00008874,ACCOUNT-001208,ACCOUNT-000077,96800,2026-08-05T15:14:00Z,RTGS,False,
BANK-TXN-00008875,ACCOUNT-001601,ACCOUNT-001383,21700,2026-08-21T14:22:00Z,UPI,False,
BANK-TXN-00008876,ACCOUNT-000215,ACCOUNT-001950,56100,2026-06-11T17:13:00Z,UPI,False,
BANK-TXN-00008877,ACCOUNT-001386,ACCOUNT-001847,28900,2026-08-23T11:20:00Z,UPI,False,
BANK-TXN-00008878,ACCOUNT-000074,ACCOUNT-001801,6000,2026-06-16T05:38:00Z,UPI,False,
BANK-TXN-00008879,ACCOUNT-000273,ACCOUNT-001545,43300,2026-07-01T14:53:00Z,UPI,False,
BANK-TXN-00008880,ACCOUNT-000915,ACCOUNT-000310,500,2026-08-22T19:06:00Z,UPI,False,
BANK-TXN-00008881,ACCOUNT-000658,ACCOUNT-001307,36700,2026-07-17T14:35:00Z,NEFT,False,
BANK-TXN-00008882,ACCOUNT-000983,ACCOUNT-000508,36600,2026-07-12T18:04:00Z,IMPS,False,
BANK-TXN-00008883,ACCOUNT-001775,ACCOUNT-000609,90400,2026-07-26T07:10:00Z,UPI,False,
BANK-TXN-00008884,ACCOUNT-000087,ACCOUNT-001609,37400,2026-06-27T01:16:00Z,IMPS,False,
BANK-TXN-00008885,ACCOUNT-001064,ACCOUNT-001836,6800,2026-06-24T21:59:00Z,RTGS,False,
BANK-TXN-00008886,ACCOUNT-001179,ACCOUNT-001739,100,2026-08-11T16:17:00Z,IMPS,False,
BANK-TXN-00008887,ACCOUNT-000460,ACCOUNT-000620,5000,2026-08-13T03:30:00Z,UPI,False,
BANK-TXN-00008888,ACCOUNT-000641,ACCOUNT-001618,8900,2026-06-02T23:09:00Z,IMPS,False,
BANK-TXN-00008889,ACCOUNT-000113,ACCOUNT-001592,1300,2026-07-30T10:06:00Z,IMPS,False,
BANK-TXN-00008890,ACCOUNT-000552,ACCOUNT-000422,43800,2026-08-15T05:45:00Z,UPI,False,
BANK-TXN-00008891,ACCOUNT-000310,ACCOUNT-001909,5000,2026-06-16T13:16:00Z,UPI,False,
BANK-TXN-00008892,ACCOUNT-001842,ACCOUNT-001055,55500,2026-06-09T04:02:00Z,IMPS,False,
BANK-TXN-00008893,ACCOUNT-001109,ACCOUNT-001022,73600,2026-05-31T13:06:00Z,UPI,False,
BANK-TXN-00008894,ACCOUNT-001422,ACCOUNT-000364,38400,2026-06-07T09:05:00Z,UPI,False,
BANK-TXN-00008895,ACCOUNT-001210,ACCOUNT-000294,93200,2026-06-23T15:09:00Z,UPI,False,
BANK-TXN-00008896,ACCOUNT-000432,ACCOUNT-001791,29500,2026-06-16T19:58:00Z,UPI,False,
BANK-TXN-00008897,ACCOUNT-001949,ACCOUNT-000879,5200,2026-07-01T10:02:00Z,IMPS,False,
BANK-TXN-00008898,ACCOUNT-001112,ACCOUNT-000131,88600,2026-07-10T09:02:00Z,UPI,False,
BANK-TXN-00008899,ACCOUNT-000805,ACCOUNT-000983,98500,2026-08-23T11:36:00Z,UPI,False,
BANK-TXN-00008900,ACCOUNT-000834,ACCOUNT-001735,53200,2026-07-27T15:43:00Z,UPI,False,
BANK-TXN-00008901,ACCOUNT-000719,ACCOUNT-000168,7800,2026-08-23T18:44:00Z,IMPS,False,
BANK-TXN-00008902,ACCOUNT-000359,ACCOUNT-000662,4800,2026-07-17T03:46:00Z,UPI,False,
BANK-TXN-00008903,ACCOUNT-001033,ACCOUNT-001530,22800,2026-08-23T10:52:00Z,UPI,False,
BANK-TXN-00008904,ACCOUNT-001750,ACCOUNT-000460,48700,2026-08-26T17:19:00Z,RTGS,False,
BANK-TXN-00008905,ACCOUNT-001644,ACCOUNT-000369,14000,2026-06-27T07:07:00Z,UPI,False,
BANK-TXN-00008906,ACCOUNT-000705,ACCOUNT-001726,6500,2026-08-07T11:14:00Z,UPI,False,
BANK-TXN-00008907,ACCOUNT-000247,ACCOUNT-001436,34800,2026-07-25T16:56:00Z,RTGS,False,
BANK-TXN-00008908,ACCOUNT-000479,ACCOUNT-001111,24900,2026-08-08T12:32:00Z,UPI,False,
BANK-TXN-00008909,ACCOUNT-000953,ACCOUNT-000903,85800,2026-06-30T18:24:00Z,UPI,False,
BANK-TXN-00008910,ACCOUNT-000055,ACCOUNT-000722,48500,2026-08-04T07:41:00Z,IMPS,False,
BANK-TXN-00008911,ACCOUNT-001308,ACCOUNT-001857,4000,2026-07-03T14:12:00Z,UPI,False,
BANK-TXN-00008912,ACCOUNT-001103,ACCOUNT-000476,45000,2026-07-26T07:26:00Z,IMPS,False,
BANK-TXN-00008913,ACCOUNT-001033,ACCOUNT-001003,45100,2026-08-16T12:42:00Z,UPI,False,
BANK-TXN-00008914,ACCOUNT-000258,ACCOUNT-001157,7400,2026-08-17T06:30:00Z,IMPS,False,
BANK-TXN-00008915,ACCOUNT-000667,ACCOUNT-000495,96500,2026-06-13T23:02:00Z,UPI,False,
BANK-TXN-00008916,ACCOUNT-001602,ACCOUNT-000027,38800,2026-08-26T22:06:00Z,UPI,False,
BANK-TXN-00008917,ACCOUNT-001797,ACCOUNT-000240,30200,2026-06-23T04:50:00Z,UPI,False,
BANK-TXN-00008918,ACCOUNT-000513,ACCOUNT-000145,1400,2026-06-14T10:17:00Z,NEFT,False,
BANK-TXN-00008919,ACCOUNT-000381,ACCOUNT-000651,60100,2026-08-21T07:55:00Z,UPI,False,
BANK-TXN-00008920,ACCOUNT-001381,ACCOUNT-000308,17400,2026-08-08T11:05:00Z,NEFT,False,
BANK-TXN-00008921,ACCOUNT-000543,ACCOUNT-001352,22300,2026-06-01T13:42:00Z,NEFT,False,
BANK-TXN-00008922,ACCOUNT-000909,ACCOUNT-001063,6800,2026-06-26T07:07:00Z,UPI,False,
BANK-TXN-00008923,ACCOUNT-000897,ACCOUNT-001673,3000,2026-06-03T07:31:00Z,UPI,False,
BANK-TXN-00008924,ACCOUNT-000836,ACCOUNT-001896,89400,2026-07-09T10:32:00Z,IMPS,False,
BANK-TXN-00008925,ACCOUNT-000535,ACCOUNT-000258,1400,2026-08-28T07:36:00Z,UPI,False,
BANK-TXN-00008926,ACCOUNT-001248,ACCOUNT-001090,3600,2026-08-07T16:36:00Z,UPI,False,
BANK-TXN-00008927,ACCOUNT-001476,ACCOUNT-001240,38200,2026-08-02T02:26:00Z,NEFT,False,
BANK-TXN-00008928,ACCOUNT-001012,ACCOUNT-001155,53900,2026-08-25T09:49:00Z,UPI,False,
BANK-TXN-00008929,ACCOUNT-000169,ACCOUNT-001931,24200,2026-08-08T03:47:00Z,UPI,False,
BANK-TXN-00008930,ACCOUNT-000890,ACCOUNT-000980,29300,2026-08-19T22:03:00Z,UPI,False,
BANK-TXN-00008931,ACCOUNT-000665,ACCOUNT-001549,20700,2026-08-15T09:48:00Z,UPI,False,
BANK-TXN-00008932,ACCOUNT-001583,ACCOUNT-001040,8400,2026-07-23T14:29:00Z,UPI,False,
BANK-TXN-00008933,ACCOUNT-001870,ACCOUNT-001025,1100,2026-07-27T22:03:00Z,UPI,False,
BANK-TXN-00008934,ACCOUNT-001428,ACCOUNT-000272,5200,2026-08-21T21:45:00Z,IMPS,False,
BANK-TXN-00008935,ACCOUNT-000143,ACCOUNT-001108,1000,2026-08-08T11:19:00Z,UPI,False,
BANK-TXN-00008936,ACCOUNT-001873,ACCOUNT-001266,38100,2026-07-09T08:33:00Z,UPI,False,
BANK-TXN-00008937,ACCOUNT-000395,ACCOUNT-000200,11200,2026-06-27T17:13:00Z,IMPS,False,
BANK-TXN-00008938,ACCOUNT-000443,ACCOUNT-001794,35600,2026-06-29T13:47:00Z,NEFT,False,
BANK-TXN-00008939,ACCOUNT-001398,ACCOUNT-001096,4600,2026-07-26T10:41:00Z,IMPS,False,
BANK-TXN-00008940,ACCOUNT-000780,ACCOUNT-001014,64800,2026-06-17T09:54:00Z,NEFT,False,
BANK-TXN-00008941,ACCOUNT-000140,ACCOUNT-001278,20900,2026-08-09T23:14:00Z,UPI,False,
BANK-TXN-00008942,ACCOUNT-001617,ACCOUNT-001051,11000,2026-07-16T19:24:00Z,UPI,False,
BANK-TXN-00008943,ACCOUNT-000826,ACCOUNT-001106,93300,2026-07-22T06:38:00Z,UPI,False,
BANK-TXN-00008944,ACCOUNT-000517,ACCOUNT-000112,14400,2026-08-16T21:31:00Z,UPI,False,
BANK-TXN-00008945,ACCOUNT-001450,ACCOUNT-001667,7100,2026-06-12T09:50:00Z,UPI,False,
BANK-TXN-00008946,ACCOUNT-001493,ACCOUNT-001349,7100,2026-07-18T21:02:00Z,IMPS,False,
BANK-TXN-00008947,ACCOUNT-001832,ACCOUNT-001471,8000,2026-08-13T08:04:00Z,UPI,False,
BANK-TXN-00008948,ACCOUNT-000552,ACCOUNT-001803,18000,2026-07-23T08:24:00Z,IMPS,False,
BANK-TXN-00008949,ACCOUNT-000507,ACCOUNT-001395,56700,2026-08-27T11:40:00Z,UPI,False,
BANK-TXN-00008950,ACCOUNT-001601,ACCOUNT-000877,8900,2026-06-29T01:51:00Z,UPI,False,
BANK-TXN-00008951,ACCOUNT-001366,ACCOUNT-000994,33100,2026-06-23T17:00:00Z,NEFT,False,
BANK-TXN-00008952,ACCOUNT-000834,ACCOUNT-000413,7500,2026-06-20T23:33:00Z,IMPS,False,
BANK-TXN-00008953,ACCOUNT-001273,ACCOUNT-001889,92800,2026-07-21T23:16:00Z,NEFT,False,
BANK-TXN-00008954,ACCOUNT-000079,ACCOUNT-000941,8900,2026-08-02T11:52:00Z,RTGS,False,
BANK-TXN-00008955,ACCOUNT-000229,ACCOUNT-001024,7500,2026-07-10T16:00:00Z,UPI,False,
BANK-TXN-00008956,ACCOUNT-001300,ACCOUNT-001368,8800,2026-07-14T14:59:00Z,UPI,False,
BANK-TXN-00008957,ACCOUNT-001934,ACCOUNT-001253,23300,2026-07-13T13:59:00Z,UPI,False,
BANK-TXN-00008958,ACCOUNT-000616,ACCOUNT-000146,8400,2026-06-08T15:49:00Z,UPI,False,
BANK-TXN-00008959,ACCOUNT-000672,ACCOUNT-001461,8700,2026-07-08T22:52:00Z,UPI,False,
BANK-TXN-00008960,ACCOUNT-000731,ACCOUNT-001849,23000,2026-08-20T19:29:00Z,IMPS,False,
BANK-TXN-00008961,ACCOUNT-000388,ACCOUNT-000851,2300,2026-06-10T15:26:00Z,UPI,False,
BANK-TXN-00008962,ACCOUNT-000803,ACCOUNT-000069,15800,2026-06-29T23:10:00Z,UPI,False,
BANK-TXN-00008963,ACCOUNT-001430,ACCOUNT-000215,2900,2026-06-27T13:48:00Z,UPI,False,
BANK-TXN-00008964,ACCOUNT-001904,ACCOUNT-001781,84400,2026-08-20T03:58:00Z,NEFT,False,
BANK-TXN-00008965,ACCOUNT-000669,ACCOUNT-000814,21400,2026-08-03T02:56:00Z,IMPS,False,
BANK-TXN-00008966,ACCOUNT-000814,ACCOUNT-000213,77400,2026-08-06T12:57:00Z,IMPS,False,
BANK-TXN-00008967,ACCOUNT-001240,ACCOUNT-000997,14900,2026-07-13T00:28:00Z,NEFT,False,
BANK-TXN-00008968,ACCOUNT-001210,ACCOUNT-001232,92900,2026-06-04T11:26:00Z,UPI,False,
BANK-TXN-00008969,ACCOUNT-001457,ACCOUNT-000859,33400,2026-06-24T08:21:00Z,UPI,False,
BANK-TXN-00008970,ACCOUNT-001177,ACCOUNT-001125,22100,2026-06-25T10:42:00Z,UPI,False,
BANK-TXN-00008971,ACCOUNT-000371,ACCOUNT-000172,17500,2026-06-29T08:28:00Z,UPI,False,
BANK-TXN-00008972,ACCOUNT-000585,ACCOUNT-001834,2600,2026-06-28T02:31:00Z,UPI,False,
BANK-TXN-00008973,ACCOUNT-001577,ACCOUNT-001307,84200,2026-07-16T06:25:00Z,UPI,False,
BANK-TXN-00008974,ACCOUNT-001107,ACCOUNT-001621,6000,2026-07-12T04:42:00Z,NEFT,False,
BANK-TXN-00008975,ACCOUNT-001446,ACCOUNT-000748,20900,2026-07-20T19:56:00Z,UPI,False,
BANK-TXN-00008976,ACCOUNT-000969,ACCOUNT-000930,19800,2026-08-22T02:01:00Z,UPI,False,
BANK-TXN-00008977,ACCOUNT-000822,ACCOUNT-001819,52900,2026-06-10T10:55:00Z,NEFT,False,
BANK-TXN-00008978,ACCOUNT-000258,ACCOUNT-000923,66600,2026-06-14T17:58:00Z,UPI,False,
BANK-TXN-00008979,ACCOUNT-000488,ACCOUNT-001673,20400,2026-08-15T12:12:00Z,UPI,False,
BANK-TXN-00008980,ACCOUNT-001406,ACCOUNT-000823,6000,2026-06-08T14:11:00Z,UPI,False,
BANK-TXN-00008981,ACCOUNT-000686,ACCOUNT-000674,76600,2026-06-01T05:47:00Z,UPI,False,
BANK-TXN-00008982,ACCOUNT-001643,ACCOUNT-000461,62700,2026-07-30T08:44:00Z,IMPS,False,
BANK-TXN-00008983,ACCOUNT-000733,ACCOUNT-001743,85100,2026-07-23T10:01:00Z,UPI,False,
BANK-TXN-00008984,ACCOUNT-001641,ACCOUNT-001917,35900,2026-06-09T17:00:00Z,UPI,False,
BANK-TXN-00008985,ACCOUNT-000426,ACCOUNT-000530,300,2026-06-26T09:02:00Z,IMPS,False,
BANK-TXN-00008986,ACCOUNT-000044,ACCOUNT-000311,200,2026-06-21T03:00:00Z,UPI,False,
BANK-TXN-00008987,ACCOUNT-000344,ACCOUNT-001531,3000,2026-07-06T12:06:00Z,IMPS,False,
BANK-TXN-00008988,ACCOUNT-001041,ACCOUNT-001470,17800,2026-06-24T05:10:00Z,IMPS,False,
BANK-TXN-00008989,ACCOUNT-001882,ACCOUNT-001443,8100,2026-06-15T03:35:00Z,IMPS,False,
BANK-TXN-00008990,ACCOUNT-001594,ACCOUNT-000848,89000,2026-07-15T23:05:00Z,UPI,False,
BANK-TXN-00008991,ACCOUNT-001566,ACCOUNT-000332,5800,2026-07-14T20:55:00Z,NEFT,False,
BANK-TXN-00008992,ACCOUNT-001176,ACCOUNT-000239,7900,2026-07-13T01:37:00Z,UPI,False,
BANK-TXN-00008993,ACCOUNT-001200,ACCOUNT-001827,73700,2026-08-08T01:56:00Z,NEFT,False,
BANK-TXN-00008994,ACCOUNT-001527,ACCOUNT-000808,8800,2026-08-14T13:42:00Z,IMPS,False,
BANK-TXN-00008995,ACCOUNT-000389,ACCOUNT-000436,4900,2026-06-22T22:08:00Z,IMPS,False,
BANK-TXN-00008996,ACCOUNT-001808,ACCOUNT-001398,17800,2026-08-23T17:31:00Z,UPI,False,
BANK-TXN-00008997,ACCOUNT-001105,ACCOUNT-000453,31700,2026-07-22T00:02:00Z,IMPS,False,
BANK-TXN-00008998,ACCOUNT-000999,ACCOUNT-001523,5600,2026-07-18T23:25:00Z,NEFT,False,
BANK-TXN-00008999,ACCOUNT-000420,ACCOUNT-000456,6700,2026-08-14T04:06:00Z,IMPS,False,
BANK-TXN-00009000,ACCOUNT-000773,ACCOUNT-000355,4100,2026-08-15T04:42:00Z,UPI,False,
BANK-TXN-00009001,ACCOUNT-001544,ACCOUNT-001306,12700,2026-07-31T12:54:00Z,UPI,False,
BANK-TXN-00009002,ACCOUNT-001150,ACCOUNT-001501,78600,2026-07-07T07:27:00Z,UPI,False,
BANK-TXN-00009003,ACCOUNT-001949,ACCOUNT-000389,9100,2026-06-11T07:17:00Z,UPI,False,
BANK-TXN-00009004,ACCOUNT-001084,ACCOUNT-000806,20500,2026-08-24T17:27:00Z,UPI,False,
BANK-TXN-00009005,ACCOUNT-000737,ACCOUNT-CMP-000001,1000,2026-07-14T08:59:00Z,UPI,False,
BANK-TXN-00009006,ACCOUNT-001230,ACCOUNT-001374,86600,2026-06-17T05:44:00Z,IMPS,False,
BANK-TXN-00009007,ACCOUNT-000265,ACCOUNT-000659,68700,2026-08-04T03:39:00Z,UPI,False,
BANK-TXN-00009008,ACCOUNT-000016,ACCOUNT-000172,87300,2026-06-16T13:43:00Z,UPI,False,
BANK-TXN-00009009,ACCOUNT-000690,ACCOUNT-001622,25000,2026-06-10T04:44:00Z,IMPS,False,
BANK-TXN-00009010,ACCOUNT-000533,ACCOUNT-000642,900,2026-08-10T06:56:00Z,UPI,False,
BANK-TXN-00009011,ACCOUNT-001559,ACCOUNT-000420,4100,2026-06-25T10:30:00Z,UPI,False,
BANK-TXN-00009012,ACCOUNT-000506,ACCOUNT-001715,13300,2026-06-08T12:06:00Z,UPI,False,
BANK-TXN-00009013,ACCOUNT-001880,ACCOUNT-000204,74800,2026-08-28T22:34:00Z,IMPS,False,
BANK-TXN-00009014,ACCOUNT-000725,ACCOUNT-000296,64500,2026-08-18T21:57:00Z,IMPS,False,
BANK-TXN-00009015,ACCOUNT-000643,ACCOUNT-000614,49000,2026-08-06T13:39:00Z,IMPS,False,
BANK-TXN-00009016,ACCOUNT-000786,ACCOUNT-001665,4800,2026-08-10T16:21:00Z,IMPS,False,
BANK-TXN-00009017,ACCOUNT-001653,ACCOUNT-000546,200,2026-07-23T05:31:00Z,UPI,False,
BANK-TXN-00009018,ACCOUNT-001766,ACCOUNT-000784,8900,2026-06-26T16:14:00Z,UPI,False,
BANK-TXN-00009019,ACCOUNT-001777,ACCOUNT-001656,3000,2026-06-07T12:24:00Z,RTGS,False,
BANK-TXN-00009020,ACCOUNT-001707,ACCOUNT-000779,28600,2026-07-27T07:19:00Z,IMPS,False,
BANK-TXN-00009021,ACCOUNT-000685,ACCOUNT-001554,8500,2026-06-22T01:11:00Z,IMPS,False,
BANK-TXN-00009022,ACCOUNT-001180,ACCOUNT-001366,47400,2026-06-05T03:55:00Z,UPI,False,
BANK-TXN-00009023,ACCOUNT-000285,ACCOUNT-000112,2000,2026-07-21T11:59:00Z,UPI,False,
BANK-TXN-00009024,ACCOUNT-001429,ACCOUNT-000015,7900,2026-06-02T01:35:00Z,NEFT,False,
BANK-TXN-00009025,ACCOUNT-001798,ACCOUNT-000349,7900,2026-07-13T13:26:00Z,NEFT,False,
BANK-TXN-00009026,ACCOUNT-000629,ACCOUNT-000443,44500,2026-06-18T15:16:00Z,IMPS,False,
BANK-TXN-00009027,ACCOUNT-001774,ACCOUNT-000262,6900,2026-07-16T20:05:00Z,UPI,False,
BANK-TXN-00009028,ACCOUNT-000933,ACCOUNT-000483,5000,2026-06-02T06:03:00Z,UPI,False,
BANK-TXN-00009029,ACCOUNT-001835,ACCOUNT-001944,10700,2026-07-07T15:30:00Z,UPI,False,
BANK-TXN-00009030,ACCOUNT-000116,ACCOUNT-001627,12100,2026-06-12T01:13:00Z,UPI,False,
BANK-TXN-00009031,ACCOUNT-001424,ACCOUNT-000339,300,2026-08-21T16:29:00Z,NEFT,False,
BANK-TXN-00009032,ACCOUNT-000248,ACCOUNT-001418,6300,2026-08-26T15:43:00Z,UPI,False,
BANK-TXN-00009033,ACCOUNT-001564,ACCOUNT-000089,80000,2026-06-15T10:08:00Z,NEFT,False,
BANK-TXN-00009034,ACCOUNT-000495,ACCOUNT-001680,42800,2026-07-27T21:23:00Z,UPI,False,
BANK-TXN-00009035,ACCOUNT-001494,ACCOUNT-001084,64900,2026-06-28T03:35:00Z,IMPS,False,
BANK-TXN-00009036,ACCOUNT-000804,ACCOUNT-000766,6000,2026-07-18T10:41:00Z,UPI,False,
BANK-TXN-00009037,ACCOUNT-001740,ACCOUNT-000952,33500,2026-07-03T13:38:00Z,UPI,False,
BANK-TXN-00009038,ACCOUNT-000891,ACCOUNT-001724,58900,2026-07-22T14:51:00Z,UPI,False,
BANK-TXN-00009039,ACCOUNT-000699,ACCOUNT-000048,13300,2026-08-17T09:51:00Z,IMPS,False,
BANK-TXN-00009040,ACCOUNT-001690,ACCOUNT-000904,9800,2026-07-20T09:52:00Z,NEFT,False,
BANK-TXN-00009041,ACCOUNT-000185,ACCOUNT-000870,14400,2026-07-10T20:03:00Z,UPI,False,
BANK-TXN-00009042,ACCOUNT-001623,ACCOUNT-000210,4500,2026-07-24T09:32:00Z,UPI,False,
BANK-TXN-00009043,ACCOUNT-001530,ACCOUNT-000045,47500,2026-05-31T16:40:00Z,UPI,False,
BANK-TXN-00009044,ACCOUNT-001276,ACCOUNT-000452,25000,2026-08-13T16:57:00Z,UPI,False,
BANK-TXN-00009045,ACCOUNT-000785,ACCOUNT-001457,5400,2026-08-01T13:12:00Z,NEFT,False,
BANK-TXN-00009046,ACCOUNT-000693,ACCOUNT-001310,30100,2026-07-15T16:14:00Z,IMPS,False,
BANK-TXN-00009047,ACCOUNT-001870,ACCOUNT-000990,5000,2026-06-30T08:47:00Z,IMPS,False,
BANK-TXN-00009048,ACCOUNT-000890,ACCOUNT-000656,47500,2026-06-21T13:51:00Z,NEFT,False,
BANK-TXN-00009049,ACCOUNT-000730,ACCOUNT-000615,80000,2026-06-09T05:06:00Z,RTGS,False,
BANK-TXN-00009050,ACCOUNT-000708,ACCOUNT-001385,30600,2026-06-08T03:24:00Z,IMPS,False,
BANK-TXN-00009051,ACCOUNT-001312,ACCOUNT-000502,23500,2026-06-27T06:01:00Z,NEFT,False,
BANK-TXN-00009052,ACCOUNT-001884,ACCOUNT-000550,13200,2026-06-04T06:16:00Z,NEFT,False,
BANK-TXN-00009053,ACCOUNT-001074,ACCOUNT-001750,27900,2026-08-03T12:31:00Z,IMPS,False,
BANK-TXN-00009054,ACCOUNT-000943,ACCOUNT-000642,4600,2026-08-25T14:55:00Z,UPI,False,
BANK-TXN-00009055,ACCOUNT-001582,ACCOUNT-000724,48800,2026-07-13T05:58:00Z,UPI,False,
BANK-TXN-00009056,ACCOUNT-001219,ACCOUNT-001282,45300,2026-06-20T17:27:00Z,IMPS,False,
BANK-TXN-00009057,ACCOUNT-001788,ACCOUNT-000781,81100,2026-08-15T19:25:00Z,UPI,False,
BANK-TXN-00009058,ACCOUNT-001000,ACCOUNT-000148,73300,2026-06-25T12:52:00Z,NEFT,False,
BANK-TXN-00009059,ACCOUNT-001687,ACCOUNT-000163,9100,2026-08-05T03:28:00Z,UPI,False,
BANK-TXN-00009060,ACCOUNT-001554,ACCOUNT-000832,5300,2026-08-07T08:44:00Z,UPI,False,
BANK-TXN-00009061,ACCOUNT-000767,ACCOUNT-001309,89300,2026-08-20T06:35:00Z,RTGS,False,
BANK-TXN-00009062,ACCOUNT-000855,ACCOUNT-001250,13800,2026-08-27T13:45:00Z,NEFT,False,
BANK-TXN-00009063,ACCOUNT-001795,ACCOUNT-001130,3900,2026-08-12T07:11:00Z,NEFT,False,
BANK-TXN-00009064,ACCOUNT-000610,ACCOUNT-001455,4500,2026-07-02T19:14:00Z,UPI,False,
BANK-TXN-00009065,ACCOUNT-000507,ACCOUNT-000355,45000,2026-06-26T07:58:00Z,UPI,False,
BANK-TXN-00009066,ACCOUNT-000697,ACCOUNT-001946,5700,2026-07-02T13:07:00Z,NEFT,False,
BANK-TXN-00009067,ACCOUNT-000492,ACCOUNT-001663,23000,2026-08-24T05:48:00Z,IMPS,False,
BANK-TXN-00009068,ACCOUNT-001563,ACCOUNT-001687,15200,2026-06-08T20:34:00Z,RTGS,False,
BANK-TXN-00009069,ACCOUNT-001793,ACCOUNT-000168,4200,2026-07-03T17:55:00Z,IMPS,False,
BANK-TXN-00009070,ACCOUNT-001722,ACCOUNT-000810,3400,2026-08-02T06:56:00Z,IMPS,False,
BANK-TXN-00009071,ACCOUNT-001561,ACCOUNT-001820,3700,2026-07-01T03:19:00Z,UPI,False,
BANK-TXN-00009072,ACCOUNT-001095,ACCOUNT-001925,17700,2026-08-02T13:17:00Z,NEFT,False,
BANK-TXN-00009073,ACCOUNT-000741,ACCOUNT-001269,5600,2026-08-04T18:54:00Z,UPI,False,
BANK-TXN-00009074,ACCOUNT-000599,ACCOUNT-001848,79700,2026-07-03T23:01:00Z,UPI,False,
BANK-TXN-00009075,ACCOUNT-000525,ACCOUNT-001686,2200,2026-08-15T15:19:00Z,UPI,False,
BANK-TXN-00009076,ACCOUNT-000013,ACCOUNT-000921,27800,2026-07-07T15:04:00Z,IMPS,False,
BANK-TXN-00009077,ACCOUNT-001713,ACCOUNT-001397,63800,2026-07-10T07:20:00Z,UPI,False,
BANK-TXN-00009078,ACCOUNT-001123,ACCOUNT-001414,15900,2026-08-14T16:42:00Z,IMPS,False,
BANK-TXN-00009079,ACCOUNT-000577,ACCOUNT-001133,9900,2026-06-06T23:31:00Z,UPI,False,
BANK-TXN-00009080,ACCOUNT-001695,ACCOUNT-000903,23200,2026-06-21T04:14:00Z,UPI,False,
BANK-TXN-00009081,ACCOUNT-001098,ACCOUNT-000618,43400,2026-08-22T16:50:00Z,UPI,False,
BANK-TXN-00009082,ACCOUNT-000776,ACCOUNT-001405,2800,2026-08-28T17:25:00Z,IMPS,False,
BANK-TXN-00009083,ACCOUNT-001791,ACCOUNT-000994,59800,2026-08-12T14:32:00Z,IMPS,False,
BANK-TXN-00009084,ACCOUNT-001496,ACCOUNT-001675,13100,2026-07-23T15:43:00Z,IMPS,False,
BANK-TXN-00009085,ACCOUNT-001206,ACCOUNT-000079,5400,2026-07-08T12:41:00Z,IMPS,False,
BANK-TXN-00009086,ACCOUNT-000016,ACCOUNT-001743,9600,2026-06-18T16:34:00Z,UPI,False,
BANK-TXN-00009087,ACCOUNT-000410,ACCOUNT-001709,63100,2026-06-27T18:17:00Z,UPI,False,
BANK-TXN-00009088,ACCOUNT-000911,ACCOUNT-001793,7900,2026-07-15T00:49:00Z,RTGS,False,
BANK-TXN-00009089,ACCOUNT-000692,ACCOUNT-000432,28200,2026-06-01T15:06:00Z,RTGS,False,
BANK-TXN-00009090,ACCOUNT-001069,ACCOUNT-000859,6000,2026-06-23T09:28:00Z,UPI,False,
BANK-TXN-00009091,ACCOUNT-000681,ACCOUNT-001739,7800,2026-07-31T14:49:00Z,NEFT,False,
BANK-TXN-00009092,ACCOUNT-000536,ACCOUNT-001334,6400,2026-07-09T09:00:00Z,UPI,False,
BANK-TXN-00009093,ACCOUNT-001008,ACCOUNT-001791,2200,2026-08-14T16:30:00Z,UPI,False,
BANK-TXN-00009094,ACCOUNT-001012,ACCOUNT-001802,13500,2026-06-02T07:14:00Z,UPI,False,
BANK-TXN-00009095,ACCOUNT-001616,ACCOUNT-000169,9600,2026-06-02T03:18:00Z,NEFT,False,
BANK-TXN-00009096,ACCOUNT-000069,ACCOUNT-001504,9200,2026-07-20T23:51:00Z,RTGS,False,
BANK-TXN-00009097,ACCOUNT-000273,ACCOUNT-001904,74500,2026-08-22T16:17:00Z,IMPS,False,
BANK-TXN-00009098,ACCOUNT-001133,ACCOUNT-000618,7200,2026-07-12T02:07:00Z,NEFT,False,
BANK-TXN-00009099,ACCOUNT-001626,ACCOUNT-000112,31100,2026-08-12T18:18:00Z,UPI,False,
BANK-TXN-00009100,ACCOUNT-000826,ACCOUNT-000774,7600,2026-07-06T10:20:00Z,NEFT,False,
BANK-TXN-00009101,ACCOUNT-001040,ACCOUNT-000769,3900,2026-06-10T02:21:00Z,IMPS,False,
BANK-TXN-00009102,ACCOUNT-001111,ACCOUNT-001423,9500,2026-07-18T04:53:00Z,IMPS,False,
BANK-TXN-00009103,ACCOUNT-000635,ACCOUNT-000602,8800,2026-07-19T07:45:00Z,UPI,False,
BANK-TXN-00009104,ACCOUNT-001019,ACCOUNT-000389,13900,2026-06-27T04:23:00Z,UPI,False,
BANK-TXN-00009105,ACCOUNT-000182,ACCOUNT-001032,27700,2026-06-07T10:18:00Z,UPI,False,
BANK-TXN-00009106,ACCOUNT-000858,ACCOUNT-000820,10000,2026-07-30T15:41:00Z,UPI,False,
BANK-TXN-00009107,ACCOUNT-000072,ACCOUNT-001236,2500,2026-08-18T18:44:00Z,UPI,False,
BANK-TXN-00009108,ACCOUNT-000605,ACCOUNT-001241,16600,2026-06-30T11:12:00Z,IMPS,False,
BANK-TXN-00009109,ACCOUNT-000234,ACCOUNT-000145,2800,2026-06-03T02:44:00Z,UPI,False,
BANK-TXN-00009110,ACCOUNT-000554,ACCOUNT-001012,37300,2026-07-09T13:49:00Z,IMPS,False,
BANK-TXN-00009111,ACCOUNT-001645,ACCOUNT-001329,3000,2026-07-24T01:03:00Z,UPI,False,
BANK-TXN-00009112,ACCOUNT-000463,ACCOUNT-000714,19300,2026-08-16T16:45:00Z,UPI,False,
BANK-TXN-00009113,ACCOUNT-001683,ACCOUNT-001158,66600,2026-08-01T16:18:00Z,UPI,False,
BANK-TXN-00009114,ACCOUNT-000678,ACCOUNT-000223,9500,2026-07-17T07:51:00Z,RTGS,False,
BANK-TXN-00009115,ACCOUNT-000438,ACCOUNT-001733,35200,2026-08-22T09:41:00Z,UPI,False,
BANK-TXN-00009116,ACCOUNT-001163,ACCOUNT-000875,21000,2026-07-02T12:13:00Z,UPI,False,
BANK-TXN-00009117,ACCOUNT-000560,ACCOUNT-001157,16600,2026-06-19T07:46:00Z,UPI,False,
BANK-TXN-00009118,ACCOUNT-000783,ACCOUNT-000995,8200,2026-06-15T04:23:00Z,IMPS,False,
BANK-TXN-00009119,ACCOUNT-000762,ACCOUNT-001377,15700,2026-08-07T04:54:00Z,NEFT,False,
BANK-TXN-00009120,ACCOUNT-000437,ACCOUNT-001544,8900,2026-07-16T08:18:00Z,UPI,False,
BANK-TXN-00009121,ACCOUNT-001914,ACCOUNT-000461,42600,2026-08-18T06:55:00Z,IMPS,False,
BANK-TXN-00009122,ACCOUNT-000864,ACCOUNT-000917,21400,2026-06-01T15:08:00Z,UPI,False,
BANK-TXN-00009123,ACCOUNT-000895,ACCOUNT-001708,5000,2026-06-22T02:48:00Z,UPI,False,
BANK-TXN-00009124,ACCOUNT-001090,ACCOUNT-000178,12900,2026-08-16T12:44:00Z,IMPS,False,
BANK-TXN-00009125,ACCOUNT-000294,ACCOUNT-000807,3300,2026-06-12T11:18:00Z,IMPS,False,
BANK-TXN-00009126,ACCOUNT-000957,ACCOUNT-001406,9600,2026-08-21T07:39:00Z,IMPS,False,
BANK-TXN-00009127,ACCOUNT-001379,ACCOUNT-000947,16900,2026-07-25T01:59:00Z,UPI,False,
BANK-TXN-00009128,ACCOUNT-000133,ACCOUNT-001194,77300,2026-06-15T09:15:00Z,IMPS,False,
BANK-TXN-00009129,ACCOUNT-001345,ACCOUNT-001615,32300,2026-08-13T04:02:00Z,UPI,False,
BANK-TXN-00009130,ACCOUNT-000164,ACCOUNT-000638,10700,2026-08-12T17:32:00Z,UPI,False,
BANK-TXN-00009131,ACCOUNT-000168,ACCOUNT-000344,78900,2026-08-07T10:39:00Z,IMPS,False,
BANK-TXN-00009132,ACCOUNT-001862,ACCOUNT-000448,400,2026-06-06T11:25:00Z,IMPS,False,
BANK-TXN-00009133,ACCOUNT-000708,ACCOUNT-000928,3600,2026-06-02T15:02:00Z,IMPS,False,
BANK-TXN-00009134,ACCOUNT-000239,ACCOUNT-000076,97500,2026-08-25T14:05:00Z,UPI,False,
BANK-TXN-00009135,ACCOUNT-000824,ACCOUNT-000075,82000,2026-08-13T03:51:00Z,UPI,False,
BANK-TXN-00009136,ACCOUNT-001368,ACCOUNT-001341,48000,2026-06-17T09:09:00Z,UPI,False,
BANK-TXN-00009137,ACCOUNT-001587,ACCOUNT-001786,3300,2026-07-30T18:39:00Z,UPI,False,
BANK-TXN-00009138,ACCOUNT-001134,ACCOUNT-000891,13300,2026-07-04T12:57:00Z,IMPS,False,
BANK-TXN-00009139,ACCOUNT-000736,ACCOUNT-001691,7000,2026-06-02T12:59:00Z,UPI,False,
BANK-TXN-00009140,ACCOUNT-000095,ACCOUNT-001701,58100,2026-07-10T15:13:00Z,UPI,False,
BANK-TXN-00009141,ACCOUNT-000738,ACCOUNT-001165,96600,2026-06-25T15:26:00Z,UPI,False,
BANK-TXN-00009142,ACCOUNT-001942,ACCOUNT-001276,32200,2026-06-05T19:15:00Z,RTGS,False,
BANK-TXN-00009143,ACCOUNT-001948,ACCOUNT-001062,5500,2026-06-01T02:56:00Z,UPI,False,
BANK-TXN-00009144,ACCOUNT-000577,ACCOUNT-001167,9800,2026-07-11T22:22:00Z,UPI,False,
BANK-TXN-00009145,ACCOUNT-001446,ACCOUNT-000803,13500,2026-08-10T11:46:00Z,UPI,False,
BANK-TXN-00009146,ACCOUNT-001459,ACCOUNT-001620,8300,2026-08-02T13:53:00Z,IMPS,False,
BANK-TXN-00009147,ACCOUNT-001094,ACCOUNT-000972,2800,2026-08-21T07:30:00Z,UPI,False,
BANK-TXN-00009148,ACCOUNT-001271,ACCOUNT-001039,22800,2026-07-24T11:37:00Z,UPI,False,
BANK-TXN-00009149,ACCOUNT-000092,ACCOUNT-001513,28000,2026-08-22T09:44:00Z,UPI,False,
BANK-TXN-00009150,ACCOUNT-001175,ACCOUNT-001250,94500,2026-07-24T10:09:00Z,NEFT,False,
BANK-TXN-00009151,ACCOUNT-000722,ACCOUNT-000830,37800,2026-08-23T17:09:00Z,UPI,False,
BANK-TXN-00009152,ACCOUNT-001881,ACCOUNT-001559,38400,2026-07-07T11:10:00Z,IMPS,False,
BANK-TXN-00009153,ACCOUNT-000473,ACCOUNT-001502,15500,2026-08-11T14:32:00Z,IMPS,False,
BANK-TXN-00009154,ACCOUNT-000085,ACCOUNT-000465,79200,2026-06-07T13:56:00Z,IMPS,False,
BANK-TXN-00009155,ACCOUNT-000258,ACCOUNT-000775,27800,2026-08-26T15:26:00Z,IMPS,False,
BANK-TXN-00009156,ACCOUNT-001478,ACCOUNT-000898,9700,2026-06-07T05:42:00Z,UPI,False,
BANK-TXN-00009157,ACCOUNT-000805,ACCOUNT-001096,4400,2026-08-03T12:27:00Z,UPI,False,
BANK-TXN-00009158,ACCOUNT-000163,ACCOUNT-000958,95000,2026-08-19T10:40:00Z,UPI,False,
BANK-TXN-00009159,ACCOUNT-000935,ACCOUNT-000584,5200,2026-07-08T06:16:00Z,UPI,False,
BANK-TXN-00009160,ACCOUNT-000848,ACCOUNT-000692,34900,2026-07-21T14:40:00Z,UPI,False,
BANK-TXN-00009161,ACCOUNT-000790,ACCOUNT-001535,84100,2026-08-02T13:15:00Z,IMPS,False,
BANK-TXN-00009162,ACCOUNT-000428,ACCOUNT-001877,6100,2026-06-10T17:18:00Z,UPI,False,
BANK-TXN-00009163,ACCOUNT-000120,ACCOUNT-001855,400,2026-07-23T01:49:00Z,UPI,False,
BANK-TXN-00009164,ACCOUNT-001218,ACCOUNT-001536,2000,2026-06-16T10:49:00Z,IMPS,False,
BANK-TXN-00009165,ACCOUNT-000914,ACCOUNT-001153,1200,2026-08-01T11:58:00Z,UPI,False,
BANK-TXN-00009166,ACCOUNT-000687,ACCOUNT-001582,9700,2026-07-02T04:24:00Z,UPI,False,
BANK-TXN-00009167,ACCOUNT-000965,ACCOUNT-001451,8800,2026-07-15T09:55:00Z,UPI,False,
BANK-TXN-00009168,ACCOUNT-001706,ACCOUNT-001393,500,2026-06-10T17:51:00Z,UPI,False,
BANK-TXN-00009169,ACCOUNT-000910,ACCOUNT-000030,10100,2026-07-23T14:30:00Z,IMPS,False,
BANK-TXN-00009170,ACCOUNT-001821,ACCOUNT-000660,43000,2026-08-22T02:01:00Z,UPI,False,
BANK-TXN-00009171,ACCOUNT-001308,ACCOUNT-000161,8400,2026-08-18T00:22:00Z,UPI,False,
BANK-TXN-00009172,ACCOUNT-001789,ACCOUNT-000843,62200,2026-06-15T12:41:00Z,UPI,False,
BANK-TXN-00009173,ACCOUNT-000303,ACCOUNT-001584,8500,2026-07-04T10:55:00Z,UPI,False,
BANK-TXN-00009174,ACCOUNT-000040,ACCOUNT-001463,60100,2026-06-02T16:45:00Z,NEFT,False,
BANK-TXN-00009175,ACCOUNT-001880,ACCOUNT-000889,9400,2026-07-01T06:07:00Z,UPI,False,
BANK-TXN-00009176,ACCOUNT-000613,ACCOUNT-001474,26900,2026-08-21T14:17:00Z,IMPS,False,
BANK-TXN-00009177,ACCOUNT-001813,ACCOUNT-000748,23700,2026-07-06T19:18:00Z,UPI,False,
BANK-TXN-00009178,ACCOUNT-000228,ACCOUNT-001322,80800,2026-08-19T23:16:00Z,UPI,False,
BANK-TXN-00009179,ACCOUNT-001840,ACCOUNT-000310,5400,2026-06-15T16:01:00Z,IMPS,False,
BANK-TXN-00009180,ACCOUNT-001005,ACCOUNT-001523,23300,2026-06-25T09:02:00Z,RTGS,False,
BANK-TXN-00009181,ACCOUNT-000431,ACCOUNT-001320,4400,2026-06-06T17:56:00Z,IMPS,False,
BANK-TXN-00009182,ACCOUNT-001625,ACCOUNT-001061,29000,2026-06-01T21:00:00Z,UPI,False,
BANK-TXN-00009183,ACCOUNT-001490,ACCOUNT-001634,32600,2026-08-10T08:04:00Z,RTGS,False,
BANK-TXN-00009184,ACCOUNT-000901,ACCOUNT-001063,95500,2026-07-29T05:55:00Z,IMPS,False,
BANK-TXN-00009185,ACCOUNT-000548,ACCOUNT-000254,6900,2026-08-28T11:26:00Z,IMPS,False,
BANK-TXN-00009186,ACCOUNT-000552,ACCOUNT-000513,13500,2026-08-09T14:29:00Z,UPI,False,
BANK-TXN-00009187,ACCOUNT-001553,ACCOUNT-000615,24000,2026-08-17T05:28:00Z,UPI,False,
BANK-TXN-00009188,ACCOUNT-001534,ACCOUNT-001023,8200,2026-08-23T17:23:00Z,IMPS,False,
BANK-TXN-00009189,ACCOUNT-000389,ACCOUNT-000168,48300,2026-08-21T09:37:00Z,UPI,False,
BANK-TXN-00009190,ACCOUNT-001774,ACCOUNT-000192,72700,2026-08-27T14:45:00Z,IMPS,False,
BANK-TXN-00009191,ACCOUNT-001442,ACCOUNT-001660,12300,2026-08-06T02:45:00Z,UPI,False,
BANK-TXN-00009192,ACCOUNT-001531,ACCOUNT-001772,7200,2026-08-09T00:41:00Z,UPI,False,
BANK-TXN-00009193,ACCOUNT-001243,ACCOUNT-001407,44500,2026-07-10T16:57:00Z,UPI,False,
BANK-TXN-00009194,ACCOUNT-001720,ACCOUNT-001148,73900,2026-07-22T15:56:00Z,IMPS,False,
BANK-TXN-00009195,ACCOUNT-000959,ACCOUNT-001613,81200,2026-07-04T04:02:00Z,UPI,False,
BANK-TXN-00009196,ACCOUNT-001413,ACCOUNT-000961,8600,2026-07-05T08:32:00Z,RTGS,False,
BANK-TXN-00009197,ACCOUNT-000257,ACCOUNT-001483,75200,2026-08-26T14:11:00Z,UPI,False,
BANK-TXN-00009198,ACCOUNT-001453,ACCOUNT-001119,11600,2026-06-09T19:55:00Z,UPI,False,
BANK-TXN-00009199,ACCOUNT-000060,ACCOUNT-001080,6300,2026-08-09T13:23:00Z,UPI,False,
BANK-TXN-00009200,ACCOUNT-000706,ACCOUNT-000199,7000,2026-08-14T11:25:00Z,NEFT,False,
BANK-TXN-00009201,ACCOUNT-000656,ACCOUNT-001818,76300,2026-08-09T03:07:00Z,UPI,False,
BANK-TXN-00009202,ACCOUNT-000087,ACCOUNT-000635,17000,2026-06-12T02:59:00Z,UPI,False,
BANK-TXN-00009203,ACCOUNT-000050,ACCOUNT-000765,87900,2026-08-23T11:19:00Z,UPI,False,
BANK-TXN-00009204,ACCOUNT-000179,ACCOUNT-000973,4900,2026-08-27T02:52:00Z,UPI,False,
BANK-TXN-00009205,ACCOUNT-000432,ACCOUNT-001720,39300,2026-08-26T03:07:00Z,UPI,False,
BANK-TXN-00009206,ACCOUNT-000904,ACCOUNT-000679,9700,2026-08-12T13:50:00Z,UPI,False,
BANK-TXN-00009207,ACCOUNT-000521,ACCOUNT-000606,7000,2026-08-14T15:17:00Z,IMPS,False,
BANK-TXN-00009208,ACCOUNT-000112,ACCOUNT-001765,1400,2026-08-06T07:56:00Z,UPI,False,
BANK-TXN-00009209,ACCOUNT-000977,ACCOUNT-000031,7000,2026-08-25T17:08:00Z,UPI,False,
BANK-TXN-00009210,ACCOUNT-000407,ACCOUNT-000678,12100,2026-08-25T12:31:00Z,IMPS,False,
BANK-TXN-00009211,ACCOUNT-001705,ACCOUNT-001606,98000,2026-07-12T11:57:00Z,NEFT,False,
BANK-TXN-00009212,ACCOUNT-001672,ACCOUNT-001088,1700,2026-08-03T17:35:00Z,UPI,False,
BANK-TXN-00009213,ACCOUNT-000205,ACCOUNT-000639,9500,2026-07-31T13:43:00Z,UPI,False,
BANK-TXN-00009214,ACCOUNT-001864,ACCOUNT-000230,6900,2026-06-07T07:24:00Z,NEFT,False,
BANK-TXN-00009215,ACCOUNT-001361,ACCOUNT-000646,41000,2026-07-02T07:19:00Z,UPI,False,
BANK-TXN-00009216,ACCOUNT-000477,ACCOUNT-000402,1400,2026-07-30T21:08:00Z,NEFT,False,
BANK-TXN-00009217,ACCOUNT-000091,ACCOUNT-001365,24000,2026-06-04T04:16:00Z,IMPS,False,
BANK-TXN-00009218,ACCOUNT-001026,ACCOUNT-000243,7100,2026-07-13T08:38:00Z,UPI,False,
BANK-TXN-00009219,ACCOUNT-001789,ACCOUNT-000881,83900,2026-08-12T09:37:00Z,UPI,False,
BANK-TXN-00009220,ACCOUNT-001535,ACCOUNT-001222,83500,2026-06-13T15:56:00Z,NEFT,False,
BANK-TXN-00009221,ACCOUNT-000516,ACCOUNT-001585,6300,2026-07-29T12:48:00Z,UPI,False,
BANK-TXN-00009222,ACCOUNT-001668,ACCOUNT-001710,69500,2026-06-11T03:16:00Z,IMPS,False,
BANK-TXN-00009223,ACCOUNT-001754,ACCOUNT-000723,11500,2026-07-16T12:25:00Z,NEFT,False,
BANK-TXN-00009224,ACCOUNT-001826,ACCOUNT-000281,14800,2026-08-27T08:59:00Z,UPI,False,
BANK-TXN-00009225,ACCOUNT-000609,ACCOUNT-001548,94800,2026-06-26T01:17:00Z,IMPS,False,
BANK-TXN-00009226,ACCOUNT-000922,ACCOUNT-001217,9900,2026-07-12T20:06:00Z,IMPS,False,
BANK-TXN-00009227,ACCOUNT-000812,ACCOUNT-000667,12500,2026-08-19T10:17:00Z,UPI,False,
BANK-TXN-00009228,ACCOUNT-000233,ACCOUNT-001290,11000,2026-08-07T21:14:00Z,IMPS,False,
BANK-TXN-00009229,ACCOUNT-001208,ACCOUNT-001853,100,2026-06-25T02:43:00Z,UPI,False,
BANK-TXN-00009230,ACCOUNT-000911,ACCOUNT-001615,41100,2026-08-19T05:19:00Z,UPI,False,
BANK-TXN-00009231,ACCOUNT-001508,ACCOUNT-000064,9900,2026-06-18T07:14:00Z,UPI,False,
BANK-TXN-00009232,ACCOUNT-001902,ACCOUNT-000904,72000,2026-07-29T14:22:00Z,UPI,False,
BANK-TXN-00009233,ACCOUNT-000196,ACCOUNT-000754,8900,2026-07-13T16:12:00Z,IMPS,False,
BANK-TXN-00009234,ACCOUNT-001769,ACCOUNT-001898,13300,2026-07-18T16:29:00Z,NEFT,False,
BANK-TXN-00009235,ACCOUNT-001916,ACCOUNT-001690,9200,2026-06-20T13:10:00Z,UPI,False,
BANK-TXN-00009236,ACCOUNT-000048,ACCOUNT-001839,7000,2026-06-07T08:58:00Z,IMPS,False,
BANK-TXN-00009237,ACCOUNT-001012,ACCOUNT-001719,61600,2026-07-17T04:55:00Z,UPI,False,
BANK-TXN-00009238,ACCOUNT-001309,ACCOUNT-000093,10300,2026-08-05T17:30:00Z,RTGS,False,
BANK-TXN-00009239,ACCOUNT-001087,ACCOUNT-001211,43000,2026-06-27T13:19:00Z,UPI,False,
BANK-TXN-00009240,ACCOUNT-000535,ACCOUNT-001782,4100,2026-08-11T02:38:00Z,IMPS,False,
BANK-TXN-00009241,ACCOUNT-001380,ACCOUNT-000078,5700,2026-08-08T05:41:00Z,IMPS,False,
BANK-TXN-00009242,ACCOUNT-001199,ACCOUNT-000286,2500,2026-06-21T07:41:00Z,IMPS,False,
BANK-TXN-00009243,ACCOUNT-001926,ACCOUNT-001826,41600,2026-07-24T03:29:00Z,IMPS,False,
BANK-TXN-00009244,ACCOUNT-000383,ACCOUNT-000994,8900,2026-06-07T09:21:00Z,IMPS,False,
BANK-TXN-00009245,ACCOUNT-001679,ACCOUNT-000309,2400,2026-08-28T13:07:00Z,IMPS,False,
BANK-TXN-00009246,ACCOUNT-000953,ACCOUNT-000012,9700,2026-07-27T05:05:00Z,IMPS,False,
BANK-TXN-00009247,ACCOUNT-000023,ACCOUNT-000593,55700,2026-07-31T15:43:00Z,UPI,False,
BANK-TXN-00009248,ACCOUNT-001162,ACCOUNT-001152,38200,2026-06-24T05:16:00Z,UPI,False,
BANK-TXN-00009249,ACCOUNT-000597,ACCOUNT-000452,5700,2026-07-29T08:02:00Z,RTGS,False,
BANK-TXN-00009250,ACCOUNT-001292,ACCOUNT-001895,5100,2026-08-27T17:59:00Z,UPI,False,
BANK-TXN-00009251,ACCOUNT-000218,ACCOUNT-001620,54600,2026-06-02T05:46:00Z,UPI,False,
BANK-TXN-00009252,ACCOUNT-001317,ACCOUNT-000614,73900,2026-08-27T11:37:00Z,UPI,False,
BANK-TXN-00009253,ACCOUNT-000895,ACCOUNT-000345,6600,2026-08-19T04:02:00Z,UPI,False,
BANK-TXN-00009254,ACCOUNT-001515,ACCOUNT-001508,15400,2026-07-23T15:57:00Z,UPI,False,
BANK-TXN-00009255,ACCOUNT-000535,ACCOUNT-001908,10500,2026-06-08T03:39:00Z,IMPS,False,
BANK-TXN-00009256,ACCOUNT-000303,ACCOUNT-001834,78500,2026-07-30T10:27:00Z,UPI,False,
BANK-TXN-00009257,ACCOUNT-000808,ACCOUNT-000165,3800,2026-07-30T01:19:00Z,NEFT,False,
BANK-TXN-00009258,ACCOUNT-001402,ACCOUNT-001056,30700,2026-06-21T04:59:00Z,IMPS,False,
BANK-TXN-00009259,ACCOUNT-001677,ACCOUNT-000294,7200,2026-06-27T17:36:00Z,UPI,False,
BANK-TXN-00009260,ACCOUNT-000292,ACCOUNT-001094,30400,2026-07-20T12:27:00Z,IMPS,False,
BANK-TXN-00009261,ACCOUNT-001294,ACCOUNT-001463,6000,2026-06-20T12:57:00Z,UPI,False,
BANK-TXN-00009262,ACCOUNT-000457,ACCOUNT-001566,2000,2026-08-09T06:30:00Z,IMPS,False,
BANK-TXN-00009263,ACCOUNT-000490,ACCOUNT-001796,10700,2026-08-11T11:16:00Z,UPI,False,
BANK-TXN-00009264,ACCOUNT-000723,ACCOUNT-000703,19300,2026-06-19T14:49:00Z,IMPS,False,
BANK-TXN-00009265,ACCOUNT-000104,ACCOUNT-000339,200,2026-07-29T07:45:00Z,UPI,False,
BANK-TXN-00009266,ACCOUNT-001033,ACCOUNT-000726,2100,2026-06-07T15:26:00Z,IMPS,False,
BANK-TXN-00009267,ACCOUNT-001612,ACCOUNT-000191,86300,2026-07-27T15:27:00Z,UPI,False,
BANK-TXN-00009268,ACCOUNT-000462,ACCOUNT-001000,52300,2026-06-08T06:43:00Z,IMPS,False,
BANK-TXN-00009269,ACCOUNT-000531,ACCOUNT-001345,94400,2026-07-24T11:55:00Z,NEFT,False,
BANK-TXN-00009270,ACCOUNT-001314,ACCOUNT-001592,6800,2026-08-20T07:08:00Z,IMPS,False,
BANK-TXN-00009271,ACCOUNT-000833,ACCOUNT-000307,1500,2026-08-19T07:34:00Z,UPI,False,
BANK-TXN-00009272,ACCOUNT-000534,ACCOUNT-000897,26500,2026-08-04T05:45:00Z,UPI,False,
BANK-TXN-00009273,ACCOUNT-001573,ACCOUNT-000659,29800,2026-07-18T13:08:00Z,UPI,False,
BANK-TXN-00009274,ACCOUNT-001126,ACCOUNT-000246,21800,2026-07-26T17:04:00Z,RTGS,False,
BANK-TXN-00009275,ACCOUNT-001361,ACCOUNT-000227,24400,2026-06-18T21:32:00Z,UPI,False,
BANK-TXN-00009276,ACCOUNT-001540,ACCOUNT-001356,8900,2026-06-07T02:04:00Z,NEFT,False,
BANK-TXN-00009277,ACCOUNT-000849,ACCOUNT-000739,4100,2026-08-11T10:37:00Z,UPI,False,
BANK-TXN-00009278,ACCOUNT-001216,ACCOUNT-000001,9900,2026-06-24T06:02:00Z,RTGS,False,
BANK-TXN-00009279,ACCOUNT-000570,ACCOUNT-000650,33900,2026-06-05T12:37:00Z,NEFT,False,
BANK-TXN-00009280,ACCOUNT-001191,ACCOUNT-001333,3200,2026-06-12T17:37:00Z,UPI,False,
BANK-TXN-00009281,ACCOUNT-000390,ACCOUNT-000465,7600,2026-06-29T04:09:00Z,UPI,False,
BANK-TXN-00009282,ACCOUNT-001586,ACCOUNT-000413,27800,2026-07-12T06:46:00Z,UPI,False,
BANK-TXN-00009283,ACCOUNT-000599,ACCOUNT-000808,3900,2026-07-28T21:57:00Z,RTGS,False,
BANK-TXN-00009284,ACCOUNT-001087,ACCOUNT-000423,97200,2026-08-26T15:11:00Z,NEFT,False,
BANK-TXN-00009285,ACCOUNT-000445,ACCOUNT-000306,34100,2026-07-29T20:49:00Z,IMPS,False,
BANK-TXN-00009286,ACCOUNT-001931,ACCOUNT-001019,15100,2026-07-23T11:17:00Z,UPI,False,
BANK-TXN-00009287,ACCOUNT-001005,ACCOUNT-000467,25400,2026-07-18T01:54:00Z,UPI,False,
BANK-TXN-00009288,ACCOUNT-000611,ACCOUNT-000095,73300,2026-08-07T02:28:00Z,NEFT,False,
BANK-TXN-00009289,ACCOUNT-001599,ACCOUNT-000008,60400,2026-06-10T16:07:00Z,UPI,False,
BANK-TXN-00009290,ACCOUNT-001937,ACCOUNT-001256,22100,2026-06-01T03:35:00Z,NEFT,False,
BANK-TXN-00009291,ACCOUNT-001228,ACCOUNT-001919,19900,2026-08-03T13:21:00Z,UPI,False,
BANK-TXN-00009292,ACCOUNT-000216,ACCOUNT-001520,28400,2026-07-18T14:15:00Z,NEFT,False,
BANK-TXN-00009293,ACCOUNT-000931,ACCOUNT-001732,92300,2026-08-18T01:26:00Z,IMPS,False,
BANK-TXN-00009294,ACCOUNT-000324,ACCOUNT-001905,1400,2026-07-07T07:57:00Z,UPI,False,
BANK-TXN-00009295,ACCOUNT-001195,ACCOUNT-000189,10000,2026-07-07T13:46:00Z,UPI,False,
BANK-TXN-00009296,ACCOUNT-001438,ACCOUNT-001509,33900,2026-06-07T11:11:00Z,IMPS,False,
BANK-TXN-00009297,ACCOUNT-001662,ACCOUNT-000138,5100,2026-07-21T15:30:00Z,IMPS,False,
BANK-TXN-00009298,ACCOUNT-000700,ACCOUNT-000462,40000,2026-07-31T01:32:00Z,IMPS,False,
BANK-TXN-00009299,ACCOUNT-000935,ACCOUNT-001226,35200,2026-08-16T07:52:00Z,UPI,False,
BANK-TXN-00009300,ACCOUNT-001666,ACCOUNT-000560,4900,2026-07-28T09:18:00Z,UPI,False,
BANK-TXN-00009301,ACCOUNT-000080,ACCOUNT-000954,9500,2026-06-14T10:49:00Z,UPI,False,
BANK-TXN-00009302,ACCOUNT-001580,ACCOUNT-001688,37800,2026-06-18T09:56:00Z,UPI,False,
BANK-TXN-00009303,ACCOUNT-000419,ACCOUNT-001361,8900,2026-06-09T13:34:00Z,UPI,False,
BANK-TXN-00009304,ACCOUNT-000223,ACCOUNT-001032,4800,2026-07-01T10:12:00Z,UPI,False,
BANK-TXN-00009305,ACCOUNT-000785,ACCOUNT-001317,7100,2026-06-16T10:32:00Z,IMPS,False,
BANK-TXN-00009306,ACCOUNT-000240,ACCOUNT-001902,73600,2026-08-22T13:17:00Z,UPI,False,
BANK-TXN-00009307,ACCOUNT-000615,ACCOUNT-001600,300,2026-07-07T10:09:00Z,IMPS,False,
BANK-TXN-00009308,ACCOUNT-000919,ACCOUNT-001263,58300,2026-06-03T15:12:00Z,IMPS,False,
BANK-TXN-00009309,ACCOUNT-001747,ACCOUNT-001326,2500,2026-07-08T06:01:00Z,NEFT,False,
BANK-TXN-00009310,ACCOUNT-001771,ACCOUNT-000316,72700,2026-05-31T01:58:00Z,IMPS,False,
BANK-TXN-00009311,ACCOUNT-001801,ACCOUNT-000272,30900,2026-06-17T13:04:00Z,IMPS,False,
BANK-TXN-00009312,ACCOUNT-001807,ACCOUNT-000875,8900,2026-06-27T11:33:00Z,UPI,False,
BANK-TXN-00009313,ACCOUNT-000472,ACCOUNT-001769,25200,2026-07-12T17:45:00Z,UPI,False,
BANK-TXN-00009314,ACCOUNT-001643,ACCOUNT-000928,4200,2026-07-13T13:44:00Z,IMPS,False,
BANK-TXN-00009315,ACCOUNT-000234,ACCOUNT-001453,79300,2026-08-03T01:46:00Z,UPI,False,
BANK-TXN-00009316,ACCOUNT-000136,ACCOUNT-000941,83000,2026-07-19T02:10:00Z,UPI,False,
BANK-TXN-00009317,ACCOUNT-001661,ACCOUNT-001830,37300,2026-06-07T12:00:00Z,NEFT,False,
BANK-TXN-00009318,ACCOUNT-001885,ACCOUNT-001190,84800,2026-06-05T11:14:00Z,UPI,False,
BANK-TXN-00009319,ACCOUNT-001878,ACCOUNT-001058,2700,2026-08-06T13:15:00Z,UPI,False,
BANK-TXN-00009320,ACCOUNT-000083,ACCOUNT-001818,8500,2026-08-07T11:00:00Z,UPI,False,
BANK-TXN-00009321,ACCOUNT-000350,ACCOUNT-001856,36000,2026-08-06T07:42:00Z,UPI,False,
BANK-TXN-00009322,ACCOUNT-001427,ACCOUNT-000847,24300,2026-07-18T19:16:00Z,UPI,False,
BANK-TXN-00009323,ACCOUNT-000839,ACCOUNT-000376,2000,2026-07-08T13:29:00Z,NEFT,False,
BANK-TXN-00009324,ACCOUNT-001116,ACCOUNT-001664,58900,2026-06-22T16:12:00Z,UPI,False,
BANK-TXN-00009325,ACCOUNT-001380,ACCOUNT-001496,86400,2026-06-23T15:21:00Z,UPI,False,
BANK-TXN-00009326,ACCOUNT-001586,ACCOUNT-000810,24700,2026-06-13T19:35:00Z,IMPS,False,
BANK-TXN-00009327,ACCOUNT-000918,ACCOUNT-000911,24500,2026-07-22T17:47:00Z,IMPS,False,
BANK-TXN-00009328,ACCOUNT-000537,ACCOUNT-001949,25600,2026-08-21T08:17:00Z,IMPS,False,
BANK-TXN-00009329,ACCOUNT-001902,ACCOUNT-000660,56800,2026-07-21T11:57:00Z,UPI,False,
BANK-TXN-00009330,ACCOUNT-001737,ACCOUNT-001791,8700,2026-07-10T07:09:00Z,RTGS,False,
BANK-TXN-00009331,ACCOUNT-000941,ACCOUNT-001469,27800,2026-06-13T05:03:00Z,UPI,False,
BANK-TXN-00009332,ACCOUNT-001723,ACCOUNT-001919,52200,2026-08-19T07:34:00Z,UPI,False,
BANK-TXN-00009333,ACCOUNT-001802,ACCOUNT-001464,600,2026-08-14T07:58:00Z,NEFT,False,
BANK-TXN-00009334,ACCOUNT-001166,ACCOUNT-000965,400,2026-06-29T12:18:00Z,UPI,False,
BANK-TXN-00009335,ACCOUNT-000029,ACCOUNT-000051,32800,2026-06-07T02:16:00Z,IMPS,False,
BANK-TXN-00009336,ACCOUNT-000445,ACCOUNT-001048,14600,2026-08-07T17:39:00Z,UPI,False,
BANK-TXN-00009337,ACCOUNT-001234,ACCOUNT-000637,20200,2026-08-16T17:44:00Z,UPI,False,
BANK-TXN-00009338,ACCOUNT-001282,ACCOUNT-000223,1100,2026-08-10T06:03:00Z,UPI,False,
BANK-TXN-00009339,ACCOUNT-001666,ACCOUNT-001325,1300,2026-08-25T09:54:00Z,IMPS,False,
BANK-TXN-00009340,ACCOUNT-000825,ACCOUNT-000683,12400,2026-07-26T13:39:00Z,UPI,False,
BANK-TXN-00009341,ACCOUNT-000798,ACCOUNT-000655,7600,2026-07-06T07:25:00Z,UPI,False,
BANK-TXN-00009342,ACCOUNT-001233,ACCOUNT-001926,7600,2026-07-18T22:22:00Z,UPI,False,
BANK-TXN-00009343,ACCOUNT-001900,ACCOUNT-001262,5300,2026-06-28T13:29:00Z,RTGS,False,
BANK-TXN-00009344,ACCOUNT-001360,ACCOUNT-001488,15000,2026-08-04T07:54:00Z,NEFT,False,
BANK-TXN-00009345,ACCOUNT-000831,ACCOUNT-000208,75600,2026-07-21T15:49:00Z,NEFT,False,
BANK-TXN-00009346,ACCOUNT-001928,ACCOUNT-001083,3900,2026-06-16T09:32:00Z,IMPS,False,
BANK-TXN-00009347,ACCOUNT-001666,ACCOUNT-000044,55800,2026-07-06T09:14:00Z,IMPS,False,
BANK-TXN-00009348,ACCOUNT-000264,ACCOUNT-000457,24800,2026-06-29T20:44:00Z,UPI,False,
BANK-TXN-00009349,ACCOUNT-000197,ACCOUNT-001346,20800,2026-08-15T16:33:00Z,UPI,False,
BANK-TXN-00009350,ACCOUNT-001259,ACCOUNT-000111,73900,2026-07-10T07:03:00Z,UPI,False,
BANK-TXN-00009351,ACCOUNT-001104,ACCOUNT-001901,9100,2026-08-25T16:54:00Z,NEFT,False,
BANK-TXN-00009352,ACCOUNT-001631,ACCOUNT-001736,14800,2026-06-28T09:58:00Z,RTGS,False,
BANK-TXN-00009353,ACCOUNT-001109,ACCOUNT-001522,85500,2026-06-26T14:14:00Z,NEFT,False,
BANK-TXN-00009354,ACCOUNT-000699,ACCOUNT-000435,73100,2026-07-27T01:07:00Z,IMPS,False,
BANK-TXN-00009355,ACCOUNT-000111,ACCOUNT-000471,30100,2026-06-17T06:31:00Z,UPI,False,
BANK-TXN-00009356,ACCOUNT-001053,ACCOUNT-000007,14900,2026-08-25T15:55:00Z,UPI,False,
BANK-TXN-00009357,ACCOUNT-001859,ACCOUNT-001846,95400,2026-06-01T12:17:00Z,UPI,False,
BANK-TXN-00009358,ACCOUNT-000617,ACCOUNT-000253,6300,2026-08-27T05:11:00Z,NEFT,False,
BANK-TXN-00009359,ACCOUNT-001909,ACCOUNT-000029,69800,2026-08-24T03:16:00Z,UPI,False,
BANK-TXN-00009360,ACCOUNT-000769,ACCOUNT-000357,6600,2026-05-31T02:48:00Z,IMPS,False,
BANK-TXN-00009361,ACCOUNT-001073,ACCOUNT-000138,5500,2026-06-11T15:06:00Z,UPI,False,
BANK-TXN-00009362,ACCOUNT-000584,ACCOUNT-000897,22400,2026-06-07T15:31:00Z,UPI,False,
BANK-TXN-00009363,ACCOUNT-001438,ACCOUNT-000649,2200,2026-08-18T07:44:00Z,NEFT,False,
BANK-TXN-00009364,ACCOUNT-000144,ACCOUNT-000935,15700,2026-08-04T04:49:00Z,UPI,False,
BANK-TXN-00009365,ACCOUNT-001494,ACCOUNT-001191,22100,2026-07-01T09:51:00Z,NEFT,False,
BANK-TXN-00009366,ACCOUNT-001435,ACCOUNT-000817,7000,2026-08-14T11:57:00Z,IMPS,False,
BANK-TXN-00009367,ACCOUNT-000419,ACCOUNT-001450,38300,2026-08-24T21:39:00Z,RTGS,False,
BANK-TXN-00009368,ACCOUNT-000254,ACCOUNT-001753,11400,2026-07-02T17:47:00Z,UPI,False,
BANK-TXN-00009369,ACCOUNT-001714,ACCOUNT-001854,1500,2026-06-27T05:44:00Z,RTGS,False,
BANK-TXN-00009370,ACCOUNT-000373,ACCOUNT-000787,2100,2026-08-04T08:00:00Z,NEFT,False,
BANK-TXN-00009371,ACCOUNT-001866,ACCOUNT-001130,8900,2026-06-07T06:52:00Z,UPI,False,
BANK-TXN-00009372,ACCOUNT-000092,ACCOUNT-001210,6300,2026-08-09T17:12:00Z,NEFT,False,
BANK-TXN-00009373,ACCOUNT-000063,ACCOUNT-000519,1400,2026-06-04T14:16:00Z,IMPS,False,
BANK-TXN-00009374,ACCOUNT-001054,ACCOUNT-000839,14900,2026-08-26T11:21:00Z,UPI,False,
BANK-TXN-00009375,ACCOUNT-000286,ACCOUNT-001032,13100,2026-07-01T16:43:00Z,UPI,False,
BANK-TXN-00009376,ACCOUNT-000757,ACCOUNT-001693,8400,2026-08-14T09:17:00Z,IMPS,False,
BANK-TXN-00009377,ACCOUNT-000683,ACCOUNT-001112,5700,2026-07-10T11:14:00Z,UPI,False,
BANK-TXN-00009378,ACCOUNT-001792,ACCOUNT-000082,71700,2026-06-07T01:30:00Z,UPI,False,
BANK-TXN-00009379,ACCOUNT-001495,ACCOUNT-001469,44900,2026-07-22T10:32:00Z,NEFT,False,
BANK-TXN-00009380,ACCOUNT-001473,ACCOUNT-000803,2700,2026-08-16T17:07:00Z,IMPS,False,
BANK-TXN-00009381,ACCOUNT-001831,ACCOUNT-000714,700,2026-07-19T06:50:00Z,UPI,False,
BANK-TXN-00009382,ACCOUNT-001686,ACCOUNT-001223,2200,2026-07-17T16:35:00Z,UPI,False,
BANK-TXN-00009383,ACCOUNT-000801,ACCOUNT-000967,44300,2026-06-19T07:21:00Z,UPI,False,
BANK-TXN-00009384,ACCOUNT-000550,ACCOUNT-000149,8800,2026-08-14T00:07:00Z,UPI,False,
BANK-TXN-00009385,ACCOUNT-001099,ACCOUNT-001403,6300,2026-06-23T20:43:00Z,IMPS,False,
BANK-TXN-00009386,ACCOUNT-001373,ACCOUNT-000665,70400,2026-06-09T16:32:00Z,UPI,False,
BANK-TXN-00009387,ACCOUNT-001709,ACCOUNT-000733,66500,2026-07-22T01:58:00Z,UPI,False,
BANK-TXN-00009388,ACCOUNT-001108,ACCOUNT-001061,2500,2026-07-17T09:06:00Z,IMPS,False,
BANK-TXN-00009389,ACCOUNT-000627,ACCOUNT-000493,77000,2026-06-15T06:30:00Z,UPI,False,
BANK-TXN-00009390,ACCOUNT-001242,ACCOUNT-001185,94300,2026-06-16T14:20:00Z,NEFT,False,
BANK-TXN-00009391,ACCOUNT-001572,ACCOUNT-000574,39800,2026-08-28T13:51:00Z,IMPS,False,
BANK-TXN-00009392,ACCOUNT-000072,ACCOUNT-001170,2300,2026-06-08T13:41:00Z,IMPS,False,
BANK-TXN-00009393,ACCOUNT-000272,ACCOUNT-000216,1200,2026-06-17T10:21:00Z,NEFT,False,
BANK-TXN-00009394,ACCOUNT-001629,ACCOUNT-001580,3500,2026-06-26T11:48:00Z,RTGS,False,
BANK-TXN-00009395,ACCOUNT-001031,ACCOUNT-001801,8700,2026-08-17T14:59:00Z,UPI,False,
BANK-TXN-00009396,ACCOUNT-000416,ACCOUNT-000794,8600,2026-06-30T12:38:00Z,UPI,False,
BANK-TXN-00009397,ACCOUNT-000280,ACCOUNT-000724,9400,2026-07-30T10:54:00Z,UPI,False,
BANK-TXN-00009398,ACCOUNT-001295,ACCOUNT-000213,5800,2026-07-31T17:46:00Z,IMPS,False,
BANK-TXN-00009399,ACCOUNT-001066,ACCOUNT-001551,2000,2026-06-18T11:44:00Z,IMPS,False,
BANK-TXN-00009400,ACCOUNT-000866,ACCOUNT-000354,900,2026-06-27T15:52:00Z,IMPS,False,
BANK-TXN-00009401,ACCOUNT-000230,ACCOUNT-000181,23100,2026-07-18T14:43:00Z,IMPS,False,
BANK-TXN-00009402,ACCOUNT-000032,ACCOUNT-000299,200,2026-06-03T14:34:00Z,IMPS,False,
BANK-TXN-00009403,ACCOUNT-000145,ACCOUNT-000797,27600,2026-06-21T20:00:00Z,UPI,False,
BANK-TXN-00009404,ACCOUNT-000988,ACCOUNT-000993,30900,2026-06-03T09:13:00Z,UPI,False,
BANK-TXN-00009405,ACCOUNT-001270,ACCOUNT-001299,20000,2026-06-09T14:54:00Z,UPI,False,
BANK-TXN-00009406,ACCOUNT-000390,ACCOUNT-001773,1600,2026-06-26T16:41:00Z,IMPS,False,
BANK-TXN-00009407,ACCOUNT-001927,ACCOUNT-001383,700,2026-07-21T23:41:00Z,UPI,False,
BANK-TXN-00009408,ACCOUNT-000912,ACCOUNT-001139,9100,2026-07-16T01:15:00Z,IMPS,False,
BANK-TXN-00009409,ACCOUNT-000410,ACCOUNT-000820,600,2026-08-20T15:37:00Z,UPI,False,
BANK-TXN-00009410,ACCOUNT-000033,ACCOUNT-000515,100000,2026-07-29T19:50:00Z,UPI,False,
BANK-TXN-00009411,ACCOUNT-001786,ACCOUNT-000871,32500,2026-07-05T11:38:00Z,UPI,False,
BANK-TXN-00009412,ACCOUNT-001250,ACCOUNT-001658,31100,2026-06-25T06:48:00Z,UPI,False,
BANK-TXN-00009413,ACCOUNT-000309,ACCOUNT-000072,2700,2026-06-17T15:13:00Z,UPI,False,
BANK-TXN-00009414,ACCOUNT-000727,ACCOUNT-000391,83700,2026-08-18T03:03:00Z,IMPS,False,
BANK-TXN-00009415,ACCOUNT-001409,ACCOUNT-001076,500,2026-06-29T01:08:00Z,IMPS,False,
BANK-TXN-00009416,ACCOUNT-000780,ACCOUNT-000232,8000,2026-06-24T11:57:00Z,IMPS,False,
BANK-TXN-00009417,ACCOUNT-000468,ACCOUNT-001823,36800,2026-06-10T17:09:00Z,UPI,False,
BANK-TXN-00009418,ACCOUNT-000474,ACCOUNT-000183,32100,2026-07-20T01:10:00Z,UPI,False,
BANK-TXN-00009419,ACCOUNT-001581,ACCOUNT-000060,6500,2026-06-24T05:14:00Z,UPI,False,
BANK-TXN-00009420,ACCOUNT-000543,ACCOUNT-001296,72100,2026-08-03T08:07:00Z,NEFT,False,
BANK-TXN-00009421,ACCOUNT-001480,ACCOUNT-000625,30400,2026-06-04T12:08:00Z,NEFT,False,
BANK-TXN-00009422,ACCOUNT-000511,ACCOUNT-001008,86500,2026-08-08T15:04:00Z,IMPS,False,
BANK-TXN-00009423,ACCOUNT-001238,ACCOUNT-000340,6900,2026-06-06T19:46:00Z,NEFT,False,
BANK-TXN-00009424,ACCOUNT-001898,ACCOUNT-000806,83000,2026-08-19T10:17:00Z,UPI,False,
BANK-TXN-00009425,ACCOUNT-000042,ACCOUNT-000733,7800,2026-07-09T09:02:00Z,UPI,False,
BANK-TXN-00009426,ACCOUNT-000760,ACCOUNT-000056,68300,2026-07-13T07:34:00Z,IMPS,False,
BANK-TXN-00009427,ACCOUNT-000344,ACCOUNT-000784,43800,2026-08-18T02:04:00Z,IMPS,False,
BANK-TXN-00009428,ACCOUNT-000409,ACCOUNT-000567,1000,2026-07-31T08:27:00Z,IMPS,False,
BANK-TXN-00009429,ACCOUNT-001148,ACCOUNT-001907,29300,2026-08-22T16:05:00Z,UPI,False,
BANK-TXN-00009430,ACCOUNT-000907,ACCOUNT-000554,11400,2026-06-29T12:41:00Z,UPI,False,
BANK-TXN-00009431,ACCOUNT-000546,ACCOUNT-000223,33000,2026-07-23T17:17:00Z,UPI,False,
BANK-TXN-00009432,ACCOUNT-000866,ACCOUNT-000145,16300,2026-07-09T21:35:00Z,UPI,False,
BANK-TXN-00009433,ACCOUNT-001473,ACCOUNT-000056,47800,2026-07-03T17:31:00Z,UPI,False,
BANK-TXN-00009434,ACCOUNT-001413,ACCOUNT-000021,1400,2026-07-14T06:47:00Z,IMPS,False,
BANK-TXN-00009435,ACCOUNT-000985,ACCOUNT-001550,34600,2026-06-22T16:42:00Z,UPI,False,
BANK-TXN-00009436,ACCOUNT-001479,ACCOUNT-001236,48300,2026-07-31T11:14:00Z,IMPS,False,
BANK-TXN-00009437,ACCOUNT-000625,ACCOUNT-001581,38000,2026-08-06T03:50:00Z,UPI,False,
BANK-TXN-00009438,ACCOUNT-001417,ACCOUNT-000148,41300,2026-08-06T04:18:00Z,UPI,False,
BANK-TXN-00009439,ACCOUNT-001883,ACCOUNT-001608,57400,2026-08-15T17:13:00Z,UPI,False,
BANK-TXN-00009440,ACCOUNT-000217,ACCOUNT-000327,94300,2026-07-24T04:23:00Z,NEFT,False,
BANK-TXN-00009441,ACCOUNT-000946,ACCOUNT-000919,22900,2026-06-12T09:06:00Z,UPI,False,
BANK-TXN-00009442,ACCOUNT-000639,ACCOUNT-001420,1200,2026-08-24T12:25:00Z,NEFT,False,
BANK-TXN-00009443,ACCOUNT-000711,ACCOUNT-000823,3600,2026-08-17T07:42:00Z,UPI,False,
BANK-TXN-00009444,ACCOUNT-001707,ACCOUNT-000385,37800,2026-08-10T14:27:00Z,RTGS,False,
BANK-TXN-00009445,ACCOUNT-001067,ACCOUNT-000147,21700,2026-08-25T13:50:00Z,UPI,False,
BANK-TXN-00009446,ACCOUNT-001925,ACCOUNT-000793,9000,2026-07-15T02:21:00Z,NEFT,False,
BANK-TXN-00009447,ACCOUNT-001431,ACCOUNT-001608,11700,2026-06-21T06:03:00Z,NEFT,False,
BANK-TXN-00009448,ACCOUNT-000053,ACCOUNT-000689,8200,2026-07-26T18:10:00Z,UPI,False,
BANK-TXN-00009449,ACCOUNT-000991,ACCOUNT-001027,44600,2026-07-06T03:41:00Z,UPI,False,
BANK-TXN-00009450,ACCOUNT-000233,ACCOUNT-000861,4800,2026-06-15T13:52:00Z,UPI,False,
BANK-TXN-00009451,ACCOUNT-000491,ACCOUNT-000396,34500,2026-07-11T17:59:00Z,IMPS,False,
BANK-TXN-00009452,ACCOUNT-001380,ACCOUNT-001147,80300,2026-08-19T16:30:00Z,UPI,False,
BANK-TXN-00009453,ACCOUNT-000793,ACCOUNT-001413,15700,2026-08-11T02:40:00Z,UPI,False,
BANK-TXN-00009454,ACCOUNT-001907,ACCOUNT-000139,19200,2026-08-08T09:59:00Z,UPI,False,
BANK-TXN-00009455,ACCOUNT-001159,ACCOUNT-001664,19300,2026-07-06T16:25:00Z,UPI,False,
BANK-TXN-00009456,ACCOUNT-001674,ACCOUNT-001760,1800,2026-08-22T14:58:00Z,NEFT,False,
BANK-TXN-00009457,ACCOUNT-001616,ACCOUNT-000180,44500,2026-08-26T07:19:00Z,UPI,False,
BANK-TXN-00009458,ACCOUNT-000765,ACCOUNT-001140,58000,2026-06-24T21:40:00Z,IMPS,False,
BANK-TXN-00009459,ACCOUNT-000433,ACCOUNT-001187,2200,2026-06-08T01:28:00Z,RTGS,False,
BANK-TXN-00009460,ACCOUNT-001283,ACCOUNT-001048,26400,2026-07-28T17:37:00Z,UPI,False,
BANK-TXN-00009461,ACCOUNT-000220,ACCOUNT-000844,1100,2026-06-20T06:35:00Z,NEFT,False,
BANK-TXN-00009462,ACCOUNT-001248,ACCOUNT-001367,1700,2026-05-31T16:04:00Z,IMPS,False,
BANK-TXN-00009463,ACCOUNT-001242,ACCOUNT-000807,83800,2026-07-15T03:05:00Z,NEFT,False,
BANK-TXN-00009464,ACCOUNT-001693,ACCOUNT-001462,16600,2026-06-28T10:12:00Z,IMPS,False,
BANK-TXN-00009465,ACCOUNT-001132,ACCOUNT-001431,4800,2026-08-04T01:09:00Z,IMPS,False,
BANK-TXN-00009466,ACCOUNT-000648,ACCOUNT-000495,44500,2026-06-18T16:36:00Z,IMPS,False,
BANK-TXN-00009467,ACCOUNT-001584,ACCOUNT-000626,42900,2026-07-23T09:42:00Z,UPI,False,
BANK-TXN-00009468,ACCOUNT-000108,ACCOUNT-000477,39000,2026-07-22T08:33:00Z,IMPS,False,
BANK-TXN-00009469,ACCOUNT-000550,ACCOUNT-001664,700,2026-07-16T05:33:00Z,IMPS,False,
BANK-TXN-00009470,ACCOUNT-001912,ACCOUNT-000718,48500,2026-07-08T10:56:00Z,UPI,False,
BANK-TXN-00009471,ACCOUNT-000785,ACCOUNT-000630,75200,2026-06-04T20:32:00Z,NEFT,False,
BANK-TXN-00009472,ACCOUNT-000856,ACCOUNT-000057,9300,2026-08-19T11:26:00Z,RTGS,False,
BANK-TXN-00009473,ACCOUNT-000781,ACCOUNT-001748,30800,2026-08-16T04:42:00Z,UPI,False,
BANK-TXN-00009474,ACCOUNT-000599,ACCOUNT-001887,40300,2026-06-20T07:51:00Z,UPI,False,
BANK-TXN-00009475,ACCOUNT-001460,ACCOUNT-001434,30100,2026-08-11T01:03:00Z,UPI,False,
BANK-TXN-00009476,ACCOUNT-001688,ACCOUNT-001204,65600,2026-06-11T12:10:00Z,UPI,False,
BANK-TXN-00009477,ACCOUNT-000764,ACCOUNT-001629,20000,2026-08-09T18:42:00Z,UPI,False,
BANK-TXN-00009478,ACCOUNT-001192,ACCOUNT-001866,8500,2026-06-01T10:43:00Z,UPI,False,
BANK-TXN-00009479,ACCOUNT-000606,ACCOUNT-001694,51100,2026-07-21T04:16:00Z,IMPS,False,
BANK-TXN-00009480,ACCOUNT-001808,ACCOUNT-001071,21900,2026-07-24T18:41:00Z,NEFT,False,
BANK-TXN-00009481,ACCOUNT-000725,ACCOUNT-000712,2200,2026-07-01T16:05:00Z,IMPS,False,
BANK-TXN-00009482,ACCOUNT-001469,ACCOUNT-000926,8300,2026-06-16T02:30:00Z,UPI,False,
BANK-TXN-00009483,ACCOUNT-001905,ACCOUNT-000870,10000,2026-08-18T16:59:00Z,IMPS,False,
BANK-TXN-00009484,ACCOUNT-001755,ACCOUNT-000331,8800,2026-06-28T03:35:00Z,NEFT,False,
BANK-TXN-00009485,ACCOUNT-000808,ACCOUNT-001457,75500,2026-06-09T06:42:00Z,UPI,False,
BANK-TXN-00009486,ACCOUNT-001580,ACCOUNT-001684,42400,2026-06-16T12:27:00Z,IMPS,False,
BANK-TXN-00009487,ACCOUNT-CMP-000001,ACCOUNT-001195,27700,2026-07-07T14:06:00Z,UPI,False,
BANK-TXN-00009488,ACCOUNT-001723,ACCOUNT-000165,6700,2026-06-03T02:38:00Z,UPI,False,
BANK-TXN-00009489,ACCOUNT-000886,ACCOUNT-000221,72500,2026-06-08T09:20:00Z,IMPS,False,
BANK-TXN-00009490,ACCOUNT-001717,ACCOUNT-000705,20700,2026-08-14T19:29:00Z,RTGS,False,
BANK-TXN-00009491,ACCOUNT-001683,ACCOUNT-001640,26200,2026-07-23T05:57:00Z,UPI,False,
BANK-TXN-00009492,ACCOUNT-000072,ACCOUNT-001205,7700,2026-08-16T03:08:00Z,IMPS,False,
BANK-TXN-00009493,ACCOUNT-001272,ACCOUNT-000860,45100,2026-06-28T17:11:00Z,RTGS,False,
BANK-TXN-00009494,ACCOUNT-001427,ACCOUNT-001709,7400,2026-07-29T16:09:00Z,NEFT,False,
BANK-TXN-00009495,ACCOUNT-001008,ACCOUNT-000409,58900,2026-08-20T10:10:00Z,UPI,False,
BANK-TXN-00009496,ACCOUNT-000862,ACCOUNT-001192,5200,2026-06-25T01:12:00Z,UPI,False,
BANK-TXN-00009497,ACCOUNT-000969,ACCOUNT-001140,36700,2026-06-01T09:50:00Z,UPI,False,
BANK-TXN-00009498,ACCOUNT-000759,ACCOUNT-000865,45600,2026-06-15T19:41:00Z,RTGS,False,
BANK-TXN-00009499,ACCOUNT-000150,ACCOUNT-000323,9300,2026-06-10T05:26:00Z,IMPS,False,
BANK-TXN-00009500,ACCOUNT-001533,ACCOUNT-001575,2500,2026-07-27T07:42:00Z,UPI,False,
BANK-TXN-00009501,ACCOUNT-000056,ACCOUNT-000999,2800,2026-06-02T18:58:00Z,IMPS,False,
BANK-TXN-00009502,ACCOUNT-001389,ACCOUNT-000806,15100,2026-07-15T02:25:00Z,UPI,False,
BANK-TXN-00009503,ACCOUNT-000534,ACCOUNT-000672,95200,2026-07-12T11:19:00Z,UPI,False,
BANK-TXN-00009504,ACCOUNT-001767,ACCOUNT-001640,5800,2026-07-17T09:51:00Z,NEFT,False,
BANK-TXN-00009505,ACCOUNT-000108,ACCOUNT-000038,96200,2026-07-10T02:38:00Z,UPI,False,
BANK-TXN-00009506,ACCOUNT-000926,ACCOUNT-000627,9000,2026-06-07T17:43:00Z,UPI,False,
BANK-TXN-00009507,ACCOUNT-001040,ACCOUNT-001349,5000,2026-08-28T16:42:00Z,IMPS,False,
BANK-TXN-00009508,ACCOUNT-001503,ACCOUNT-001905,5400,2026-06-19T11:01:00Z,NEFT,False,
BANK-TXN-00009509,ACCOUNT-000057,ACCOUNT-000575,4300,2026-07-05T12:30:00Z,NEFT,False,
BANK-TXN-00009510,ACCOUNT-001826,ACCOUNT-001374,69800,2026-06-18T17:29:00Z,UPI,False,
BANK-TXN-00009511,ACCOUNT-000166,ACCOUNT-000889,1700,2026-06-28T18:45:00Z,UPI,False,
BANK-TXN-00009512,ACCOUNT-000703,ACCOUNT-001040,23800,2026-07-31T01:35:00Z,UPI,False,
BANK-TXN-00009513,ACCOUNT-001522,ACCOUNT-001382,34100,2026-06-09T07:34:00Z,UPI,False,
BANK-TXN-00009514,ACCOUNT-001401,ACCOUNT-000209,6000,2026-07-31T12:34:00Z,IMPS,False,
BANK-TXN-00009515,ACCOUNT-000314,ACCOUNT-001762,4400,2026-08-24T10:05:00Z,UPI,False,
BANK-TXN-00009516,ACCOUNT-000206,ACCOUNT-000487,3700,2026-08-26T07:37:00Z,NEFT,False,
BANK-TXN-00009517,ACCOUNT-001701,ACCOUNT-000484,59900,2026-06-12T09:29:00Z,NEFT,False,
BANK-TXN-00009518,ACCOUNT-001085,ACCOUNT-001121,4900,2026-08-19T07:35:00Z,IMPS,False,
BANK-TXN-00009519,ACCOUNT-001543,ACCOUNT-001144,10300,2026-08-10T15:32:00Z,RTGS,False,
BANK-TXN-00009520,ACCOUNT-000960,ACCOUNT-001161,6900,2026-06-01T04:01:00Z,UPI,False,
BANK-TXN-00009521,ACCOUNT-001635,ACCOUNT-000232,19600,2026-06-04T01:08:00Z,UPI,False,
BANK-TXN-00009522,ACCOUNT-000790,ACCOUNT-000183,6000,2026-06-13T12:55:00Z,RTGS,False,
BANK-TXN-00009523,ACCOUNT-000483,ACCOUNT-001196,4400,2026-08-05T10:00:00Z,RTGS,False,
BANK-TXN-00009524,ACCOUNT-001203,ACCOUNT-000990,5800,2026-07-10T19:12:00Z,NEFT,False,
BANK-TXN-00009525,ACCOUNT-000803,ACCOUNT-000696,28800,2026-06-25T07:25:00Z,UPI,False,
BANK-TXN-00009526,ACCOUNT-000975,ACCOUNT-001390,4700,2026-08-24T03:39:00Z,UPI,False,
BANK-TXN-00009527,ACCOUNT-000460,ACCOUNT-001731,3900,2026-06-22T10:01:00Z,UPI,False,
BANK-TXN-00009528,ACCOUNT-000700,ACCOUNT-001284,46400,2026-06-24T19:18:00Z,UPI,False,
BANK-TXN-00009529,ACCOUNT-001762,ACCOUNT-000169,13300,2026-06-13T03:00:00Z,IMPS,False,
BANK-TXN-00009530,ACCOUNT-000068,ACCOUNT-000180,14000,2026-06-18T13:57:00Z,UPI,False,
BANK-TXN-00009531,ACCOUNT-000228,ACCOUNT-000161,20500,2026-06-19T12:35:00Z,UPI,False,
BANK-TXN-00009532,ACCOUNT-000381,ACCOUNT-000563,10600,2026-08-15T17:36:00Z,IMPS,False,
BANK-TXN-00009533,ACCOUNT-001734,ACCOUNT-001058,68100,2026-07-20T17:54:00Z,NEFT,False,
BANK-TXN-00009534,ACCOUNT-001190,ACCOUNT-001238,6600,2026-06-09T07:50:00Z,IMPS,False,
BANK-TXN-00009535,ACCOUNT-001415,ACCOUNT-001793,10700,2026-07-25T15:06:00Z,IMPS,False,
BANK-TXN-00009536,ACCOUNT-000820,ACCOUNT-000885,9400,2026-08-18T04:24:00Z,UPI,False,
BANK-TXN-00009537,ACCOUNT-000108,ACCOUNT-001794,23800,2026-06-14T11:36:00Z,UPI,False,
BANK-TXN-00009538,ACCOUNT-001130,ACCOUNT-000386,25000,2026-06-18T17:09:00Z,UPI,False,
BANK-TXN-00009539,ACCOUNT-000450,ACCOUNT-000362,29300,2026-08-19T05:15:00Z,UPI,False,
BANK-TXN-00009540,ACCOUNT-000774,ACCOUNT-001508,58900,2026-08-21T06:56:00Z,UPI,False,
BANK-TXN-00009541,ACCOUNT-001308,ACCOUNT-000079,49000,2026-06-19T12:09:00Z,UPI,False,
BANK-TXN-00009542,ACCOUNT-001078,ACCOUNT-001013,86700,2026-08-14T16:46:00Z,UPI,False,
BANK-TXN-00009543,ACCOUNT-001766,ACCOUNT-000402,4500,2026-08-09T00:51:00Z,RTGS,False,
BANK-TXN-00009544,ACCOUNT-000951,ACCOUNT-000122,24800,2026-07-31T12:24:00Z,UPI,False,
BANK-TXN-00009545,ACCOUNT-000980,ACCOUNT-000053,46500,2026-06-26T07:10:00Z,IMPS,False,
BANK-TXN-00009546,ACCOUNT-001179,ACCOUNT-000322,44000,2026-06-13T23:44:00Z,IMPS,False,
BANK-TXN-00009547,ACCOUNT-001526,ACCOUNT-001261,500,2026-06-21T06:09:00Z,IMPS,False,
BANK-TXN-00009548,ACCOUNT-000294,ACCOUNT-001873,26300,2026-08-18T08:46:00Z,UPI,False,
BANK-TXN-00009549,ACCOUNT-000883,ACCOUNT-001483,48300,2026-08-19T13:55:00Z,IMPS,False,
BANK-TXN-00009550,ACCOUNT-000371,ACCOUNT-001674,12000,2026-06-26T21:51:00Z,UPI,False,
BANK-TXN-00009551,ACCOUNT-000340,ACCOUNT-000856,5000,2026-08-08T18:26:00Z,UPI,False,
BANK-TXN-00009552,ACCOUNT-001709,ACCOUNT-000383,54400,2026-08-26T06:02:00Z,UPI,False,
BANK-TXN-00009553,ACCOUNT-000464,ACCOUNT-001306,91300,2026-08-13T04:45:00Z,NEFT,False,
BANK-TXN-00009554,ACCOUNT-000523,ACCOUNT-001727,5500,2026-08-20T06:09:00Z,IMPS,False,
BANK-TXN-00009555,ACCOUNT-001448,ACCOUNT-001805,3100,2026-06-23T09:46:00Z,NEFT,False,
BANK-TXN-00009556,ACCOUNT-000164,ACCOUNT-000472,76500,2026-06-14T11:24:00Z,UPI,False,
BANK-TXN-00009557,ACCOUNT-000368,ACCOUNT-001084,9700,2026-07-02T02:56:00Z,UPI,False,
BANK-TXN-00009558,ACCOUNT-000289,ACCOUNT-001748,37900,2026-07-30T11:18:00Z,NEFT,False,
BANK-TXN-00009559,ACCOUNT-001519,ACCOUNT-001204,40700,2026-08-28T23:30:00Z,UPI,False,
BANK-TXN-00009560,ACCOUNT-000323,ACCOUNT-001471,3900,2026-07-01T03:13:00Z,NEFT,False,
BANK-TXN-00009561,ACCOUNT-001086,ACCOUNT-001604,81600,2026-07-12T17:45:00Z,RTGS,False,
BANK-TXN-00009562,ACCOUNT-000386,ACCOUNT-001875,1500,2026-06-22T14:41:00Z,UPI,False,
BANK-TXN-00009563,ACCOUNT-001465,ACCOUNT-000944,84400,2026-06-09T08:44:00Z,IMPS,False,
BANK-TXN-00009564,ACCOUNT-001657,ACCOUNT-001431,17100,2026-08-13T05:38:00Z,NEFT,False,
BANK-TXN-00009565,ACCOUNT-001375,ACCOUNT-000457,7300,2026-08-02T15:58:00Z,IMPS,False,
BANK-TXN-00009566,ACCOUNT-001337,ACCOUNT-001037,100,2026-07-13T05:02:00Z,UPI,False,
BANK-TXN-00009567,ACCOUNT-001242,ACCOUNT-000312,100,2026-06-08T05:32:00Z,NEFT,False,
BANK-TXN-00009568,ACCOUNT-001361,ACCOUNT-000928,2200,2026-07-24T10:45:00Z,IMPS,False,
BANK-TXN-00009569,ACCOUNT-001293,ACCOUNT-001610,42800,2026-06-13T12:17:00Z,UPI,False,
BANK-TXN-00009570,ACCOUNT-001527,ACCOUNT-000919,16400,2026-06-02T17:08:00Z,UPI,False,
BANK-TXN-00009571,ACCOUNT-001016,ACCOUNT-001021,56000,2026-07-17T15:28:00Z,IMPS,False,
BANK-TXN-00009572,ACCOUNT-001626,ACCOUNT-000891,6700,2026-06-21T16:48:00Z,UPI,False,
BANK-TXN-00009573,ACCOUNT-000164,ACCOUNT-001655,2800,2026-08-14T23:02:00Z,UPI,False,
BANK-TXN-00009574,ACCOUNT-001245,ACCOUNT-001066,17200,2026-06-17T03:30:00Z,UPI,False,
BANK-TXN-00009575,ACCOUNT-001574,ACCOUNT-000413,4500,2026-08-17T12:16:00Z,UPI,False,
BANK-TXN-00009576,ACCOUNT-001383,ACCOUNT-000151,50900,2026-07-10T14:53:00Z,UPI,False,
BANK-TXN-00009577,ACCOUNT-001295,ACCOUNT-000555,32300,2026-07-24T13:22:00Z,NEFT,False,
BANK-TXN-00009578,ACCOUNT-001787,ACCOUNT-000371,26600,2026-07-29T06:36:00Z,NEFT,False,
BANK-TXN-00009579,ACCOUNT-001935,ACCOUNT-001264,23200,2026-08-27T17:19:00Z,RTGS,False,
BANK-TXN-00009580,ACCOUNT-001776,ACCOUNT-000601,20400,2026-08-08T01:50:00Z,NEFT,False,
BANK-TXN-00009581,ACCOUNT-001890,ACCOUNT-000951,43200,2026-08-13T09:57:00Z,NEFT,False,
BANK-TXN-00009582,ACCOUNT-001333,ACCOUNT-001641,9400,2026-07-22T05:29:00Z,IMPS,False,
BANK-TXN-00009583,ACCOUNT-001578,ACCOUNT-001084,83400,2026-06-28T13:39:00Z,IMPS,False,
BANK-TXN-00009584,ACCOUNT-000418,ACCOUNT-000332,97500,2026-07-25T01:39:00Z,NEFT,False,
BANK-TXN-00009585,ACCOUNT-001691,ACCOUNT-000740,4600,2026-08-14T15:46:00Z,NEFT,False,
BANK-TXN-00009586,ACCOUNT-001522,ACCOUNT-001224,6500,2026-07-12T02:48:00Z,UPI,False,
BANK-TXN-00009587,ACCOUNT-000851,ACCOUNT-001162,40700,2026-07-31T13:53:00Z,UPI,False,
BANK-TXN-00009588,ACCOUNT-001058,ACCOUNT-001623,37300,2026-08-04T08:29:00Z,IMPS,False,
BANK-TXN-00009589,ACCOUNT-001557,ACCOUNT-000110,46900,2026-07-20T15:24:00Z,UPI,False,
BANK-TXN-00009590,ACCOUNT-001051,ACCOUNT-001124,4800,2026-06-03T15:31:00Z,UPI,False,
BANK-TXN-00009591,ACCOUNT-001280,ACCOUNT-000872,19200,2026-07-19T12:01:00Z,IMPS,False,
BANK-TXN-00009592,ACCOUNT-001618,ACCOUNT-001227,6700,2026-08-08T10:59:00Z,UPI,False,
BANK-TXN-00009593,ACCOUNT-001916,ACCOUNT-001225,17800,2026-07-08T14:37:00Z,UPI,False,
BANK-TXN-00009594,ACCOUNT-000805,ACCOUNT-001061,7100,2026-06-13T09:41:00Z,UPI,False,
BANK-TXN-00009595,ACCOUNT-001056,ACCOUNT-000387,51500,2026-07-09T10:00:00Z,UPI,False,
BANK-TXN-00009596,ACCOUNT-001327,ACCOUNT-001370,8600,2026-06-20T11:53:00Z,UPI,False,
BANK-TXN-00009597,ACCOUNT-000388,ACCOUNT-001493,2300,2026-08-26T02:58:00Z,RTGS,False,
BANK-TXN-00009598,ACCOUNT-001285,ACCOUNT-001325,9200,2026-07-16T12:08:00Z,UPI,False,
BANK-TXN-00009599,ACCOUNT-000879,ACCOUNT-001367,3500,2026-08-13T12:57:00Z,NEFT,False,
BANK-TXN-00009600,ACCOUNT-000144,ACCOUNT-001192,42300,2026-08-15T03:45:00Z,UPI,False,
BANK-TXN-00009601,ACCOUNT-000122,ACCOUNT-001414,2400,2026-07-07T09:26:00Z,IMPS,False,
BANK-TXN-00009602,ACCOUNT-000155,ACCOUNT-001049,48200,2026-07-20T21:19:00Z,UPI,False,
BANK-TXN-00009603,ACCOUNT-000726,ACCOUNT-000074,65400,2026-07-29T05:28:00Z,IMPS,False,
BANK-TXN-00009604,ACCOUNT-001703,ACCOUNT-000601,8300,2026-08-20T13:49:00Z,UPI,False,
BANK-TXN-00009605,ACCOUNT-000833,ACCOUNT-001756,35400,2026-07-31T05:46:00Z,NEFT,False,
BANK-TXN-00009606,ACCOUNT-001820,ACCOUNT-001360,6400,2026-08-28T01:04:00Z,UPI,False,
BANK-TXN-00009607,ACCOUNT-001785,ACCOUNT-001843,5600,2026-08-17T11:24:00Z,UPI,False,
BANK-TXN-00009608,ACCOUNT-001144,ACCOUNT-000358,4500,2026-06-21T09:45:00Z,UPI,False,
BANK-TXN-00009609,ACCOUNT-000042,ACCOUNT-000318,23300,2026-07-01T19:59:00Z,UPI,False,
BANK-TXN-00009610,ACCOUNT-000942,ACCOUNT-001777,4600,2026-06-09T09:18:00Z,UPI,False,
BANK-TXN-00009611,ACCOUNT-000288,ACCOUNT-000499,39700,2026-08-01T22:44:00Z,IMPS,False,
BANK-TXN-00009612,ACCOUNT-001450,ACCOUNT-000923,16800,2026-07-08T01:27:00Z,UPI,False,
BANK-TXN-00009613,ACCOUNT-001621,ACCOUNT-001318,18300,2026-07-10T05:07:00Z,UPI,False,
BANK-TXN-00009614,ACCOUNT-001251,ACCOUNT-000664,30300,2026-07-26T12:47:00Z,UPI,False,
BANK-TXN-00009615,ACCOUNT-001920,ACCOUNT-000021,21600,2026-08-23T17:00:00Z,UPI,False,
BANK-TXN-00009616,ACCOUNT-001368,ACCOUNT-000830,7300,2026-08-09T15:19:00Z,UPI,False,
BANK-TXN-00009617,ACCOUNT-001322,ACCOUNT-001703,9000,2026-08-23T00:02:00Z,UPI,False,
BANK-TXN-00009618,ACCOUNT-001289,ACCOUNT-001647,700,2026-08-17T10:00:00Z,UPI,False,
BANK-TXN-00009619,ACCOUNT-001204,ACCOUNT-000705,55200,2026-08-11T21:18:00Z,UPI,False,
BANK-TXN-00009620,ACCOUNT-001503,ACCOUNT-001345,20600,2026-07-22T18:36:00Z,NEFT,False,
BANK-TXN-00009621,ACCOUNT-001334,ACCOUNT-000485,16000,2026-07-02T21:58:00Z,IMPS,False,
BANK-TXN-00009622,ACCOUNT-000973,ACCOUNT-000400,16000,2026-07-01T07:55:00Z,UPI,False,
BANK-TXN-00009623,ACCOUNT-000491,ACCOUNT-001762,43900,2026-07-18T13:44:00Z,UPI,False,
BANK-TXN-00009624,ACCOUNT-000313,ACCOUNT-001395,44500,2026-06-21T03:41:00Z,NEFT,False,
BANK-TXN-00009625,ACCOUNT-000793,ACCOUNT-000073,50000,2026-08-21T09:41:00Z,IMPS,False,
BANK-TXN-00009626,ACCOUNT-001873,ACCOUNT-001880,3900,2026-08-17T08:36:00Z,UPI,False,
BANK-TXN-00009627,ACCOUNT-001137,ACCOUNT-000202,90200,2026-07-12T18:54:00Z,NEFT,False,
BANK-TXN-00009628,ACCOUNT-001275,ACCOUNT-001690,80900,2026-07-21T20:41:00Z,NEFT,False,
BANK-TXN-00009629,ACCOUNT-000687,ACCOUNT-000891,68800,2026-08-28T10:36:00Z,UPI,False,
BANK-TXN-00009630,ACCOUNT-000558,ACCOUNT-001224,92200,2026-07-19T02:13:00Z,UPI,False,
BANK-TXN-00009631,ACCOUNT-000947,ACCOUNT-000739,1100,2026-07-12T12:04:00Z,UPI,False,
BANK-TXN-00009632,ACCOUNT-000036,ACCOUNT-000093,6100,2026-08-18T06:40:00Z,IMPS,False,
BANK-TXN-00009633,ACCOUNT-001807,ACCOUNT-000602,3100,2026-08-25T08:38:00Z,UPI,False,
BANK-TXN-00009634,ACCOUNT-001216,ACCOUNT-001471,9700,2026-07-25T16:54:00Z,UPI,False,
BANK-TXN-00009635,ACCOUNT-000280,ACCOUNT-001592,6600,2026-08-05T21:41:00Z,UPI,False,
BANK-TXN-00009636,ACCOUNT-000051,ACCOUNT-001061,4400,2026-08-11T14:05:00Z,IMPS,False,
BANK-TXN-00009637,ACCOUNT-001340,ACCOUNT-000737,30400,2026-06-30T11:28:00Z,UPI,False,
BANK-TXN-00009638,ACCOUNT-001371,ACCOUNT-001465,5200,2026-07-29T01:51:00Z,IMPS,False,
BANK-TXN-00009639,ACCOUNT-000936,ACCOUNT-000463,7400,2026-07-19T11:20:00Z,IMPS,False,
BANK-TXN-00009640,ACCOUNT-001027,ACCOUNT-000911,96500,2026-06-30T15:29:00Z,NEFT,False,
BANK-TXN-00009641,ACCOUNT-000737,ACCOUNT-000428,7000,2026-06-02T13:01:00Z,UPI,False,
BANK-TXN-00009642,ACCOUNT-001779,ACCOUNT-000506,79200,2026-07-19T14:13:00Z,UPI,False,
BANK-TXN-00009643,ACCOUNT-000645,ACCOUNT-000554,48700,2026-08-15T01:45:00Z,UPI,False,
BANK-TXN-00009644,ACCOUNT-000492,ACCOUNT-001122,5000,2026-06-26T17:42:00Z,RTGS,False,
BANK-TXN-00009645,ACCOUNT-001050,ACCOUNT-000603,2800,2026-06-18T06:14:00Z,NEFT,False,
BANK-TXN-00009646,ACCOUNT-001332,ACCOUNT-000244,11200,2026-07-21T14:51:00Z,IMPS,False,
BANK-TXN-00009647,ACCOUNT-001388,ACCOUNT-000782,33400,2026-06-15T16:11:00Z,IMPS,False,
BANK-TXN-00009648,ACCOUNT-001176,ACCOUNT-001399,3400,2026-08-22T18:38:00Z,UPI,False,
BANK-TXN-00009649,ACCOUNT-001778,ACCOUNT-000877,18500,2026-08-03T09:27:00Z,UPI,False,
BANK-TXN-00009650,ACCOUNT-000014,ACCOUNT-001286,8800,2026-07-18T03:18:00Z,UPI,False,
BANK-TXN-00009651,ACCOUNT-000490,ACCOUNT-000989,22100,2026-08-23T04:02:00Z,UPI,False,
BANK-TXN-00009652,ACCOUNT-001029,ACCOUNT-001816,39000,2026-08-21T09:38:00Z,UPI,False,
BANK-TXN-00009653,ACCOUNT-000641,ACCOUNT-000112,6700,2026-07-14T18:27:00Z,UPI,False,
BANK-TXN-00009654,ACCOUNT-000062,ACCOUNT-000374,42300,2026-07-01T13:44:00Z,UPI,False,
BANK-TXN-00009655,ACCOUNT-001868,ACCOUNT-000566,10500,2026-08-06T03:23:00Z,UPI,False,
BANK-TXN-00009656,ACCOUNT-000413,ACCOUNT-000877,6900,2026-06-16T15:26:00Z,UPI,False,
BANK-TXN-00009657,ACCOUNT-001795,ACCOUNT-000211,24600,2026-08-13T22:38:00Z,UPI,False,
BANK-TXN-00009658,ACCOUNT-001287,ACCOUNT-001284,34200,2026-06-09T14:59:00Z,UPI,False,
BANK-TXN-00009659,ACCOUNT-000628,ACCOUNT-001300,35500,2026-06-15T16:21:00Z,NEFT,False,
BANK-TXN-00009660,ACCOUNT-001868,ACCOUNT-001894,34600,2026-08-03T14:53:00Z,NEFT,False,
BANK-TXN-00009661,ACCOUNT-000766,ACCOUNT-001521,52000,2026-07-18T11:48:00Z,UPI,False,
BANK-TXN-00009662,ACCOUNT-000690,ACCOUNT-001306,6200,2026-07-22T16:49:00Z,UPI,False,
BANK-TXN-00009663,ACCOUNT-001284,ACCOUNT-001606,4600,2026-08-01T20:51:00Z,UPI,False,
BANK-TXN-00009664,ACCOUNT-000255,ACCOUNT-000241,8400,2026-06-02T01:58:00Z,UPI,False,
BANK-TXN-00009665,ACCOUNT-000392,ACCOUNT-001902,43900,2026-06-19T22:58:00Z,UPI,False,
BANK-TXN-00009666,ACCOUNT-001145,ACCOUNT-001232,39100,2026-06-23T19:24:00Z,IMPS,False,
BANK-TXN-00009667,ACCOUNT-000928,ACCOUNT-001879,49100,2026-08-27T07:34:00Z,UPI,False,
BANK-TXN-00009668,ACCOUNT-001354,ACCOUNT-001039,5500,2026-07-21T02:08:00Z,UPI,False,
BANK-TXN-00009669,ACCOUNT-000067,ACCOUNT-001224,53300,2026-06-20T16:03:00Z,IMPS,False,
BANK-TXN-00009670,ACCOUNT-001005,ACCOUNT-000288,1800,2026-07-22T09:58:00Z,UPI,False,
BANK-TXN-00009671,ACCOUNT-000625,ACCOUNT-000409,76400,2026-06-13T15:36:00Z,IMPS,False,
BANK-TXN-00009672,ACCOUNT-000544,ACCOUNT-000980,16300,2026-06-05T15:04:00Z,IMPS,False,
BANK-TXN-00009673,ACCOUNT-001671,ACCOUNT-000440,50600,2026-06-27T16:37:00Z,UPI,False,
BANK-TXN-00009674,ACCOUNT-001872,ACCOUNT-000689,64400,2026-07-30T08:37:00Z,IMPS,False,
BANK-TXN-00009675,ACCOUNT-000313,ACCOUNT-001773,5200,2026-08-26T22:49:00Z,UPI,False,
BANK-TXN-00009676,ACCOUNT-000229,ACCOUNT-001870,99100,2026-06-12T17:18:00Z,NEFT,False,
BANK-TXN-00009677,ACCOUNT-000817,ACCOUNT-000124,18200,2026-08-14T11:28:00Z,IMPS,False,
BANK-TXN-00009678,ACCOUNT-000745,ACCOUNT-000725,54700,2026-08-22T13:20:00Z,NEFT,False,
BANK-TXN-00009679,ACCOUNT-001910,ACCOUNT-001841,48900,2026-06-30T04:01:00Z,NEFT,False,
BANK-TXN-00009680,ACCOUNT-000617,ACCOUNT-000327,17800,2026-07-10T06:52:00Z,UPI,False,
BANK-TXN-00009681,ACCOUNT-001013,ACCOUNT-000978,600,2026-08-28T05:20:00Z,UPI,False,
BANK-TXN-00009682,ACCOUNT-000083,ACCOUNT-000110,47800,2026-06-09T03:19:00Z,UPI,False,
BANK-TXN-00009683,ACCOUNT-000212,ACCOUNT-000416,23400,2026-07-18T08:30:00Z,IMPS,False,
BANK-TXN-00009684,ACCOUNT-001934,ACCOUNT-000829,33600,2026-07-25T17:51:00Z,IMPS,False,
BANK-TXN-00009685,ACCOUNT-000185,ACCOUNT-000908,100,2026-06-27T06:01:00Z,UPI,False,
BANK-TXN-00009686,ACCOUNT-000473,ACCOUNT-000905,19800,2026-08-06T00:34:00Z,UPI,False,
BANK-TXN-00009687,ACCOUNT-000427,ACCOUNT-001018,23900,2026-08-03T01:48:00Z,IMPS,False,
BANK-TXN-00009688,ACCOUNT-000152,ACCOUNT-001265,200,2026-08-21T22:07:00Z,UPI,False,
BANK-TXN-00009689,ACCOUNT-000363,ACCOUNT-000046,34600,2026-08-19T05:32:00Z,IMPS,False,
BANK-TXN-00009690,ACCOUNT-000797,ACCOUNT-000815,22000,2026-08-11T13:23:00Z,UPI,False,
BANK-TXN-00009691,ACCOUNT-000606,ACCOUNT-000611,65900,2026-08-14T18:14:00Z,UPI,False,
BANK-TXN-00009692,ACCOUNT-000358,ACCOUNT-000192,31400,2026-06-28T01:49:00Z,IMPS,False,
BANK-TXN-00009693,ACCOUNT-001293,ACCOUNT-000305,11400,2026-08-19T00:21:00Z,IMPS,False,
BANK-TXN-00009694,ACCOUNT-001816,ACCOUNT-000589,1300,2026-06-29T10:24:00Z,UPI,False,
BANK-TXN-00009695,ACCOUNT-000227,ACCOUNT-000895,25000,2026-08-20T08:27:00Z,IMPS,False,
BANK-TXN-00009696,ACCOUNT-001032,ACCOUNT-001288,7400,2026-06-17T09:56:00Z,NEFT,False,
BANK-TXN-00009697,ACCOUNT-001414,ACCOUNT-001088,65700,2026-06-01T05:32:00Z,UPI,False,
BANK-TXN-00009698,ACCOUNT-000718,ACCOUNT-001322,9800,2026-07-15T23:31:00Z,UPI,False,
BANK-TXN-00009699,ACCOUNT-001827,ACCOUNT-000095,1500,2026-06-12T02:30:00Z,NEFT,False,
BANK-TXN-00009700,ACCOUNT-001053,ACCOUNT-000331,77900,2026-07-24T04:02:00Z,UPI,False,
BANK-TXN-00009701,ACCOUNT-000320,ACCOUNT-001017,6700,2026-08-21T14:32:00Z,UPI,False,
BANK-TXN-00009702,ACCOUNT-000627,ACCOUNT-001934,19800,2026-07-10T03:09:00Z,UPI,False,
BANK-TXN-00009703,ACCOUNT-000528,ACCOUNT-001166,1600,2026-07-04T04:24:00Z,UPI,False,
BANK-TXN-00009704,ACCOUNT-000030,ACCOUNT-000145,4100,2026-07-12T17:50:00Z,UPI,False,
BANK-TXN-00009705,ACCOUNT-000720,ACCOUNT-001809,53600,2026-06-15T13:26:00Z,UPI,False,
BANK-TXN-00009706,ACCOUNT-000872,ACCOUNT-001634,3300,2026-06-18T10:36:00Z,IMPS,False,
BANK-TXN-00009707,ACCOUNT-000355,ACCOUNT-000476,500,2026-08-10T15:37:00Z,UPI,False,
BANK-TXN-00009708,ACCOUNT-001200,ACCOUNT-000674,24700,2026-08-07T16:14:00Z,IMPS,False,
BANK-TXN-00009709,ACCOUNT-000587,ACCOUNT-000741,35200,2026-07-02T22:55:00Z,UPI,False,
BANK-TXN-00009710,ACCOUNT-000211,ACCOUNT-000115,6000,2026-08-17T00:19:00Z,UPI,False,
BANK-TXN-00009711,ACCOUNT-000111,ACCOUNT-001740,1900,2026-06-28T16:28:00Z,UPI,False,
BANK-TXN-00009712,ACCOUNT-000370,ACCOUNT-001943,18700,2026-07-31T12:32:00Z,IMPS,False,
BANK-TXN-00009713,ACCOUNT-001702,ACCOUNT-001554,44400,2026-07-12T04:53:00Z,NEFT,False,
BANK-TXN-00009714,ACCOUNT-001552,ACCOUNT-001314,16700,2026-08-04T23:34:00Z,NEFT,False,
BANK-TXN-00009715,ACCOUNT-000933,ACCOUNT-000804,24400,2026-07-12T12:55:00Z,UPI,False,
BANK-TXN-00009716,ACCOUNT-000801,ACCOUNT-001909,2900,2026-07-14T14:17:00Z,UPI,False,
BANK-TXN-00009717,ACCOUNT-001143,ACCOUNT-000793,7700,2026-07-27T17:11:00Z,UPI,False,
BANK-TXN-00009718,ACCOUNT-000233,ACCOUNT-000984,6100,2026-08-17T14:30:00Z,NEFT,False,
BANK-TXN-00009719,ACCOUNT-000258,ACCOUNT-001244,5600,2026-06-01T05:39:00Z,IMPS,False,
BANK-TXN-00009720,ACCOUNT-001447,ACCOUNT-001651,12500,2026-07-19T19:42:00Z,UPI,False,
BANK-TXN-00009721,ACCOUNT-000032,ACCOUNT-001602,3400,2026-07-17T16:00:00Z,UPI,False,
BANK-TXN-00009722,ACCOUNT-000461,ACCOUNT-001061,14000,2026-08-27T08:22:00Z,UPI,False,
BANK-TXN-00009723,ACCOUNT-001794,ACCOUNT-000955,80200,2026-06-11T12:54:00Z,UPI,False,
BANK-TXN-00009724,ACCOUNT-001290,ACCOUNT-001261,71800,2026-06-30T09:10:00Z,UPI,False,
BANK-TXN-00009725,ACCOUNT-001180,ACCOUNT-001425,95200,2026-08-18T16:54:00Z,UPI,False,
BANK-TXN-00009726,ACCOUNT-001734,ACCOUNT-001359,2200,2026-06-23T11:13:00Z,UPI,False,
BANK-TXN-00009727,ACCOUNT-000535,ACCOUNT-001422,46600,2026-06-15T02:53:00Z,UPI,False,
BANK-TXN-00009728,ACCOUNT-000868,ACCOUNT-001805,76900,2026-07-18T12:57:00Z,NEFT,False,
BANK-TXN-00009729,ACCOUNT-000882,ACCOUNT-001009,39000,2026-06-20T10:53:00Z,UPI,False,
BANK-TXN-00009730,ACCOUNT-000413,ACCOUNT-001141,21900,2026-07-12T17:27:00Z,IMPS,False,
BANK-TXN-00009731,ACCOUNT-001656,ACCOUNT-000124,12100,2026-08-20T03:39:00Z,IMPS,False,
BANK-TXN-00009732,ACCOUNT-001926,ACCOUNT-000038,67400,2026-07-08T10:23:00Z,UPI,False,
BANK-TXN-00009733,ACCOUNT-001113,ACCOUNT-001133,46600,2026-06-07T19:36:00Z,UPI,False,
BANK-TXN-00009734,ACCOUNT-000409,ACCOUNT-000557,12900,2026-06-24T00:25:00Z,IMPS,False,
BANK-TXN-00009735,ACCOUNT-001260,ACCOUNT-001834,21700,2026-07-08T04:32:00Z,IMPS,False,
BANK-TXN-00009736,ACCOUNT-001426,ACCOUNT-001950,900,2026-07-11T09:42:00Z,UPI,False,
BANK-TXN-00009737,ACCOUNT-001602,ACCOUNT-000412,39300,2026-07-23T01:17:00Z,UPI,False,
BANK-TXN-00009738,ACCOUNT-001340,ACCOUNT-001596,21800,2026-06-04T13:21:00Z,UPI,False,
BANK-TXN-00009739,ACCOUNT-000451,ACCOUNT-001666,21800,2026-06-08T08:08:00Z,UPI,False,
BANK-TXN-00009740,ACCOUNT-000218,ACCOUNT-000866,4100,2026-06-19T01:38:00Z,UPI,False,
BANK-TXN-00009741,ACCOUNT-001500,ACCOUNT-000555,8300,2026-06-09T02:49:00Z,IMPS,False,
BANK-TXN-00009742,ACCOUNT-001656,ACCOUNT-001914,1300,2026-06-21T09:48:00Z,UPI,False,
BANK-TXN-00009743,ACCOUNT-001848,ACCOUNT-000606,1800,2026-06-30T13:08:00Z,UPI,False,
BANK-TXN-00009744,ACCOUNT-000812,ACCOUNT-001791,28600,2026-05-31T03:13:00Z,NEFT,False,
BANK-TXN-00009745,ACCOUNT-000329,ACCOUNT-000309,15100,2026-07-15T06:24:00Z,UPI,False,
BANK-TXN-00009746,ACCOUNT-000345,ACCOUNT-000244,15100,2026-08-28T07:25:00Z,UPI,False,
BANK-TXN-00009747,ACCOUNT-000912,ACCOUNT-000266,2800,2026-07-03T05:09:00Z,UPI,False,
BANK-TXN-00009748,ACCOUNT-000755,ACCOUNT-000562,75400,2026-06-15T08:37:00Z,UPI,False,
BANK-TXN-00009749,ACCOUNT-000034,ACCOUNT-000493,44800,2026-07-01T14:45:00Z,UPI,False,
BANK-TXN-00009750,ACCOUNT-001615,ACCOUNT-001692,60400,2026-06-01T03:28:00Z,UPI,False,
BANK-TXN-00009751,ACCOUNT-000821,ACCOUNT-001149,2900,2026-08-11T10:27:00Z,NEFT,False,
BANK-TXN-00009752,ACCOUNT-000106,ACCOUNT-000570,8700,2026-06-15T07:29:00Z,UPI,False,
BANK-TXN-00009753,ACCOUNT-000914,ACCOUNT-001475,97900,2026-06-10T06:02:00Z,UPI,False,
BANK-TXN-00009754,ACCOUNT-001859,ACCOUNT-001941,89900,2026-08-01T12:21:00Z,NEFT,False,
BANK-TXN-00009755,ACCOUNT-000074,ACCOUNT-000552,97900,2026-07-02T17:50:00Z,UPI,False,
BANK-TXN-00009756,ACCOUNT-001455,ACCOUNT-000346,25000,2026-08-01T09:24:00Z,IMPS,False,
BANK-TXN-00009757,ACCOUNT-001928,ACCOUNT-001794,2100,2026-07-03T11:05:00Z,IMPS,False,
BANK-TXN-00009758,ACCOUNT-001830,ACCOUNT-001525,16300,2026-07-21T07:43:00Z,UPI,False,
BANK-TXN-00009759,ACCOUNT-001892,ACCOUNT-000259,5600,2026-06-10T09:09:00Z,UPI,False,
BANK-TXN-00009760,ACCOUNT-000440,ACCOUNT-000828,300,2026-06-29T08:44:00Z,IMPS,False,
BANK-TXN-00009761,ACCOUNT-001496,ACCOUNT-000698,25600,2026-06-04T07:51:00Z,IMPS,False,
BANK-TXN-00009762,ACCOUNT-001055,ACCOUNT-000441,3500,2026-08-15T07:28:00Z,UPI,False,
BANK-TXN-00009763,ACCOUNT-001591,ACCOUNT-000571,2000,2026-08-04T22:31:00Z,NEFT,False,
BANK-TXN-00009764,ACCOUNT-001603,ACCOUNT-001128,17800,2026-06-07T16:58:00Z,UPI,False,
BANK-TXN-00009765,ACCOUNT-001618,ACCOUNT-001770,23900,2026-06-19T17:29:00Z,NEFT,False,
BANK-TXN-00009766,ACCOUNT-000813,ACCOUNT-001062,99100,2026-07-12T00:54:00Z,UPI,False,
BANK-TXN-00009767,ACCOUNT-001037,ACCOUNT-001130,41700,2026-06-02T07:41:00Z,UPI,False,
BANK-TXN-00009768,ACCOUNT-001120,ACCOUNT-001803,70400,2026-08-09T16:50:00Z,RTGS,False,
BANK-TXN-00009769,ACCOUNT-000521,ACCOUNT-000339,21800,2026-07-17T23:34:00Z,UPI,False,
BANK-TXN-00009770,ACCOUNT-001427,ACCOUNT-001728,7400,2026-05-31T06:42:00Z,UPI,False,
BANK-TXN-00009771,ACCOUNT-001676,ACCOUNT-001115,2700,2026-06-20T03:41:00Z,UPI,False,
BANK-TXN-00009772,ACCOUNT-000174,ACCOUNT-001869,500,2026-08-09T15:59:00Z,UPI,False,
BANK-TXN-00009773,ACCOUNT-000078,ACCOUNT-001660,12900,2026-08-16T17:20:00Z,NEFT,False,
BANK-TXN-00009774,ACCOUNT-000216,ACCOUNT-000208,29500,2026-06-01T12:31:00Z,IMPS,False,
BANK-TXN-00009775,ACCOUNT-000048,ACCOUNT-001197,7600,2026-07-08T09:02:00Z,IMPS,False,
BANK-TXN-00009776,ACCOUNT-000190,ACCOUNT-000772,1100,2026-06-18T15:49:00Z,UPI,False,
BANK-TXN-00009777,ACCOUNT-000400,ACCOUNT-000143,56600,2026-07-20T20:58:00Z,UPI,False,
BANK-TXN-00009778,ACCOUNT-000440,ACCOUNT-000373,10100,2026-06-15T13:03:00Z,IMPS,False,
BANK-TXN-00009779,ACCOUNT-001634,ACCOUNT-000893,8600,2026-06-22T07:42:00Z,NEFT,False,
BANK-TXN-00009780,ACCOUNT-001526,ACCOUNT-000253,48200,2026-06-27T16:43:00Z,IMPS,False,
BANK-TXN-00009781,ACCOUNT-001647,ACCOUNT-001008,79100,2026-06-03T16:27:00Z,UPI,False,
BANK-TXN-00009782,ACCOUNT-000890,ACCOUNT-001873,5100,2026-08-22T14:36:00Z,UPI,False,
BANK-TXN-00009783,ACCOUNT-000577,ACCOUNT-001907,3700,2026-07-23T07:30:00Z,IMPS,False,
BANK-TXN-00009784,ACCOUNT-001367,ACCOUNT-000894,9000,2026-06-02T11:42:00Z,UPI,False,
BANK-TXN-00009785,ACCOUNT-000297,ACCOUNT-001951,41700,2026-08-17T18:59:00Z,IMPS,False,
BANK-TXN-00009786,ACCOUNT-000159,ACCOUNT-001769,46000,2026-07-30T01:18:00Z,UPI,False,
BANK-TXN-00009787,ACCOUNT-000271,ACCOUNT-001692,8300,2026-06-14T23:57:00Z,NEFT,False,
BANK-TXN-00009788,ACCOUNT-001739,ACCOUNT-001155,9600,2026-07-22T16:53:00Z,UPI,False,
BANK-TXN-00009789,ACCOUNT-000610,ACCOUNT-001003,24500,2026-08-21T12:03:00Z,UPI,False,
BANK-TXN-00009790,ACCOUNT-001702,ACCOUNT-000262,2700,2026-07-19T07:09:00Z,IMPS,False,
BANK-TXN-00009791,ACCOUNT-000596,ACCOUNT-000102,68400,2026-08-25T15:28:00Z,NEFT,False,
BANK-TXN-00009792,ACCOUNT-000540,ACCOUNT-000241,20900,2026-07-25T16:43:00Z,UPI,False,
BANK-TXN-00009793,ACCOUNT-001878,ACCOUNT-000809,52100,2026-08-01T09:55:00Z,NEFT,False,
BANK-TXN-00009794,ACCOUNT-000286,ACCOUNT-001500,22600,2026-08-23T13:45:00Z,UPI,False,
BANK-TXN-00009795,ACCOUNT-001185,ACCOUNT-001255,33000,2026-06-28T09:22:00Z,NEFT,False,
BANK-TXN-00009796,ACCOUNT-000944,ACCOUNT-000730,37600,2026-07-06T15:18:00Z,UPI,False,
BANK-TXN-00009797,ACCOUNT-001916,ACCOUNT-000904,1500,2026-07-27T01:15:00Z,UPI,False,
BANK-TXN-00009798,ACCOUNT-001046,ACCOUNT-000212,10300,2026-07-09T02:12:00Z,UPI,False,
BANK-TXN-00009799,ACCOUNT-000618,ACCOUNT-001595,19000,2026-08-10T17:33:00Z,UPI,False,
BANK-TXN-00009800,ACCOUNT-000279,ACCOUNT-001787,5700,2026-06-03T14:42:00Z,UPI,False,
BANK-TXN-00009801,ACCOUNT-000195,ACCOUNT-000028,7000,2026-08-26T14:28:00Z,NEFT,False,
BANK-TXN-00009802,ACCOUNT-000088,ACCOUNT-001714,4900,2026-08-22T14:28:00Z,IMPS,False,
BANK-TXN-00009803,ACCOUNT-001149,ACCOUNT-000394,20200,2026-07-05T13:12:00Z,IMPS,False,
BANK-TXN-00009804,ACCOUNT-000661,ACCOUNT-001220,8000,2026-06-04T19:02:00Z,UPI,False,
BANK-TXN-00009805,ACCOUNT-000419,ACCOUNT-001269,2100,2026-07-01T09:58:00Z,UPI,False,
BANK-TXN-00009806,ACCOUNT-001104,ACCOUNT-000444,3200,2026-07-27T19:26:00Z,UPI,False,
BANK-TXN-00009807,ACCOUNT-001847,ACCOUNT-001210,7000,2026-07-17T20:01:00Z,UPI,False,
BANK-TXN-00009808,ACCOUNT-000763,ACCOUNT-000230,900,2026-08-02T02:43:00Z,IMPS,False,
BANK-TXN-00009809,ACCOUNT-001245,ACCOUNT-001823,9400,2026-07-21T16:14:00Z,NEFT,False,
BANK-TXN-00009810,ACCOUNT-001363,ACCOUNT-001388,1300,2026-06-18T14:40:00Z,RTGS,False,
BANK-TXN-00009811,ACCOUNT-000205,ACCOUNT-000297,24600,2026-05-31T04:37:00Z,UPI,False,
BANK-TXN-00009812,ACCOUNT-001258,ACCOUNT-001731,11700,2026-07-12T09:49:00Z,IMPS,False,
BANK-TXN-00009813,ACCOUNT-000900,ACCOUNT-000228,7400,2026-07-04T13:40:00Z,NEFT,False,
BANK-TXN-00009814,ACCOUNT-000242,ACCOUNT-001118,1400,2026-08-17T18:30:00Z,UPI,False,
BANK-TXN-00009815,ACCOUNT-000091,ACCOUNT-001374,8400,2026-07-28T17:38:00Z,UPI,False,
BANK-TXN-00009816,ACCOUNT-000146,ACCOUNT-001795,56200,2026-07-23T15:08:00Z,UPI,False,
BANK-TXN-00009817,ACCOUNT-000320,ACCOUNT-001686,2000,2026-08-19T08:39:00Z,NEFT,False,
BANK-TXN-00009818,ACCOUNT-001118,ACCOUNT-000248,20400,2026-08-20T18:05:00Z,IMPS,False,
BANK-TXN-00009819,ACCOUNT-001947,ACCOUNT-000365,8000,2026-07-11T17:29:00Z,UPI,False,
BANK-TXN-00009820,ACCOUNT-000251,ACCOUNT-000768,18900,2026-08-02T10:12:00Z,UPI,False,
BANK-TXN-00009821,ACCOUNT-000419,ACCOUNT-000743,48700,2026-07-18T08:22:00Z,UPI,False,
BANK-TXN-00009822,ACCOUNT-000181,ACCOUNT-000408,9900,2026-06-04T18:53:00Z,UPI,False,
BANK-TXN-00009823,ACCOUNT-001480,ACCOUNT-001839,34700,2026-08-05T14:44:00Z,IMPS,False,
BANK-TXN-00009824,ACCOUNT-000263,ACCOUNT-001697,49900,2026-06-12T18:48:00Z,UPI,False,
BANK-TXN-00009825,ACCOUNT-000686,ACCOUNT-000465,10300,2026-06-14T15:05:00Z,IMPS,False,
BANK-TXN-00009826,ACCOUNT-000005,ACCOUNT-000158,5000,2026-07-22T12:53:00Z,UPI,False,
BANK-TXN-00009827,ACCOUNT-001133,ACCOUNT-000564,34500,2026-06-13T10:44:00Z,UPI,False,
BANK-TXN-00009828,ACCOUNT-000410,ACCOUNT-000872,55500,2026-08-21T22:42:00Z,NEFT,False,
BANK-TXN-00009829,ACCOUNT-001742,ACCOUNT-001404,7700,2026-08-04T13:47:00Z,NEFT,False,
BANK-TXN-00009830,ACCOUNT-000564,ACCOUNT-000130,4400,2026-07-03T13:28:00Z,UPI,False,
BANK-TXN-00009831,ACCOUNT-001359,ACCOUNT-000717,18300,2026-07-10T13:51:00Z,UPI,False,
BANK-TXN-00009832,ACCOUNT-001512,ACCOUNT-000489,27200,2026-06-25T12:13:00Z,UPI,False,
BANK-TXN-00009833,ACCOUNT-001827,ACCOUNT-001393,50100,2026-07-16T06:29:00Z,NEFT,False,
BANK-TXN-00009834,ACCOUNT-000010,ACCOUNT-000982,53100,2026-08-02T21:13:00Z,UPI,False,
BANK-TXN-00009835,ACCOUNT-000261,ACCOUNT-001159,66000,2026-07-27T01:17:00Z,UPI,False,
BANK-TXN-00009836,ACCOUNT-001629,ACCOUNT-000509,5600,2026-07-10T12:32:00Z,NEFT,False,
BANK-TXN-00009837,ACCOUNT-000438,ACCOUNT-001550,9400,2026-06-12T06:13:00Z,UPI,False,
BANK-TXN-00009838,ACCOUNT-000506,ACCOUNT-000419,22500,2026-06-20T09:39:00Z,UPI,False,
BANK-TXN-00009839,ACCOUNT-001370,ACCOUNT-000163,14800,2026-08-05T19:48:00Z,NEFT,False,
BANK-TXN-00009840,ACCOUNT-000466,ACCOUNT-001168,8200,2026-07-26T17:32:00Z,NEFT,False,
BANK-TXN-00009841,ACCOUNT-001582,ACCOUNT-000306,20600,2026-06-21T03:53:00Z,UPI,False,
BANK-TXN-00009842,ACCOUNT-001280,ACCOUNT-001556,8500,2026-07-11T23:57:00Z,IMPS,False,
BANK-TXN-00009843,ACCOUNT-000577,ACCOUNT-000625,32100,2026-07-01T11:59:00Z,UPI,False,
BANK-TXN-00009844,ACCOUNT-000422,ACCOUNT-000491,8900,2026-07-16T11:01:00Z,NEFT,False,
BANK-TXN-00009845,ACCOUNT-001627,ACCOUNT-000318,6400,2026-07-25T04:42:00Z,NEFT,False,
BANK-TXN-00009846,ACCOUNT-001587,ACCOUNT-000091,9800,2026-07-08T10:41:00Z,IMPS,False,
BANK-TXN-00009847,ACCOUNT-001210,ACCOUNT-001638,69900,2026-07-31T08:08:00Z,UPI,False,
BANK-TXN-00009848,ACCOUNT-001434,ACCOUNT-000297,6400,2026-07-05T16:15:00Z,IMPS,False,
BANK-TXN-00009849,ACCOUNT-001228,ACCOUNT-000282,85100,2026-06-15T14:01:00Z,IMPS,False,
BANK-TXN-00009850,ACCOUNT-000571,ACCOUNT-000727,1300,2026-07-27T05:34:00Z,IMPS,False,
BANK-TXN-00009851,ACCOUNT-001330,ACCOUNT-001302,34200,2026-06-20T12:03:00Z,IMPS,False,
BANK-TXN-00009852,ACCOUNT-000973,ACCOUNT-001224,55800,2026-06-13T03:01:00Z,NEFT,False,
BANK-TXN-00009853,ACCOUNT-000362,ACCOUNT-001242,23300,2026-06-07T12:40:00Z,NEFT,False,
BANK-TXN-00009854,ACCOUNT-001830,ACCOUNT-000267,12000,2026-07-01T11:24:00Z,RTGS,False,
BANK-TXN-00009855,ACCOUNT-000250,ACCOUNT-001278,7500,2026-06-14T15:07:00Z,UPI,False,
BANK-TXN-00009856,ACCOUNT-001392,ACCOUNT-000913,3500,2026-06-29T17:54:00Z,UPI,False,
BANK-TXN-00009857,ACCOUNT-000581,ACCOUNT-001768,1700,2026-07-20T21:11:00Z,UPI,False,
BANK-TXN-00009858,ACCOUNT-001428,ACCOUNT-000004,4400,2026-06-18T16:48:00Z,IMPS,False,
BANK-TXN-00009859,ACCOUNT-000773,ACCOUNT-000226,93800,2026-06-29T08:38:00Z,UPI,False,
BANK-TXN-00009860,ACCOUNT-001399,ACCOUNT-001357,7800,2026-06-23T15:44:00Z,RTGS,False,
BANK-TXN-00009861,ACCOUNT-001309,ACCOUNT-001652,18300,2026-06-25T04:44:00Z,IMPS,False,
BANK-TXN-00009862,ACCOUNT-000188,ACCOUNT-000360,69000,2026-06-20T04:22:00Z,UPI,False,
BANK-TXN-00009863,ACCOUNT-000224,ACCOUNT-001303,17800,2026-06-03T00:03:00Z,NEFT,False,
BANK-TXN-00009864,ACCOUNT-001905,ACCOUNT-000767,7500,2026-07-05T06:13:00Z,UPI,False,
BANK-TXN-00009865,ACCOUNT-001746,ACCOUNT-001032,2000,2026-08-01T06:30:00Z,UPI,False,
BANK-TXN-00009866,ACCOUNT-001453,ACCOUNT-000336,4200,2026-08-04T04:12:00Z,IMPS,False,
BANK-TXN-00009867,ACCOUNT-000743,ACCOUNT-000047,4700,2026-07-11T06:49:00Z,RTGS,False,
BANK-TXN-00009868,ACCOUNT-000016,ACCOUNT-001901,56100,2026-07-31T01:37:00Z,IMPS,False,
BANK-TXN-00009869,ACCOUNT-001579,ACCOUNT-001899,83800,2026-06-11T08:32:00Z,UPI,False,
BANK-TXN-00009870,ACCOUNT-001275,ACCOUNT-001626,9400,2026-06-02T01:20:00Z,UPI,False,
BANK-TXN-00009871,ACCOUNT-000307,ACCOUNT-000542,73800,2026-08-24T13:28:00Z,UPI,False,
BANK-TXN-00009872,ACCOUNT-001681,ACCOUNT-001568,84100,2026-07-13T09:10:00Z,IMPS,False,
BANK-TXN-00009873,ACCOUNT-001645,ACCOUNT-001060,6000,2026-07-19T06:38:00Z,IMPS,False,
BANK-TXN-00009874,ACCOUNT-001253,ACCOUNT-000899,24900,2026-06-28T06:49:00Z,IMPS,False,
BANK-TXN-00009875,ACCOUNT-000581,ACCOUNT-000728,17200,2026-06-18T05:02:00Z,UPI,False,
BANK-TXN-00009876,ACCOUNT-001724,ACCOUNT-000078,48800,2026-07-18T14:28:00Z,UPI,False,
BANK-TXN-00009877,ACCOUNT-001607,ACCOUNT-001779,83600,2026-06-16T18:22:00Z,IMPS,False,
BANK-TXN-00009878,ACCOUNT-001399,ACCOUNT-001154,16000,2026-07-08T12:45:00Z,UPI,False,
BANK-TXN-00009879,ACCOUNT-001729,ACCOUNT-001295,5300,2026-07-05T06:51:00Z,UPI,False,
BANK-TXN-00009880,ACCOUNT-000153,ACCOUNT-000903,19100,2026-08-18T09:05:00Z,NEFT,False,
BANK-TXN-00009881,ACCOUNT-000977,ACCOUNT-001628,13000,2026-07-04T16:22:00Z,UPI,False,
BANK-TXN-00009882,ACCOUNT-000848,ACCOUNT-000259,41200,2026-08-19T03:16:00Z,NEFT,False,
BANK-TXN-00009883,ACCOUNT-000969,ACCOUNT-000553,32200,2026-06-18T06:47:00Z,NEFT,False,
BANK-TXN-00009884,ACCOUNT-000105,ACCOUNT-000485,31200,2026-06-07T23:34:00Z,RTGS,False,
BANK-TXN-00009885,ACCOUNT-001058,ACCOUNT-000876,41000,2026-06-04T07:52:00Z,UPI,False,
BANK-TXN-00009886,ACCOUNT-001696,ACCOUNT-000239,63200,2026-06-02T11:01:00Z,NEFT,False,
BANK-TXN-00009887,ACCOUNT-000041,ACCOUNT-000684,82000,2026-07-31T01:56:00Z,IMPS,False,
BANK-TXN-00009888,ACCOUNT-000680,ACCOUNT-001119,82700,2026-07-18T16:28:00Z,UPI,False,
BANK-TXN-00009889,ACCOUNT-001503,ACCOUNT-000253,26400,2026-07-02T17:43:00Z,UPI,False,
BANK-TXN-00009890,ACCOUNT-001798,ACCOUNT-000603,98200,2026-08-17T23:37:00Z,IMPS,False,
BANK-TXN-00009891,ACCOUNT-000354,ACCOUNT-001648,7300,2026-06-22T12:07:00Z,UPI,False,
BANK-TXN-00009892,ACCOUNT-000177,ACCOUNT-001207,72700,2026-06-14T15:13:00Z,UPI,False,
BANK-TXN-00009893,ACCOUNT-000031,ACCOUNT-001731,31800,2026-08-26T09:57:00Z,NEFT,False,
BANK-TXN-00009894,ACCOUNT-000529,ACCOUNT-000104,9300,2026-06-01T11:56:00Z,UPI,False,
BANK-TXN-00009895,ACCOUNT-001639,ACCOUNT-000590,18500,2026-07-06T18:40:00Z,UPI,False,
BANK-TXN-00009896,ACCOUNT-001802,ACCOUNT-000533,39300,2026-06-09T22:52:00Z,NEFT,False,
BANK-TXN-00009897,ACCOUNT-001490,ACCOUNT-000378,800,2026-08-22T17:25:00Z,UPI,False,
BANK-TXN-00009898,ACCOUNT-000062,ACCOUNT-001831,8800,2026-06-24T01:03:00Z,UPI,False,
BANK-TXN-00009899,ACCOUNT-000228,ACCOUNT-000153,2300,2026-07-04T08:40:00Z,NEFT,False,
BANK-TXN-00009900,ACCOUNT-000301,ACCOUNT-001813,3600,2026-08-02T15:10:00Z,IMPS,False,
BANK-TXN-00009901,ACCOUNT-000060,ACCOUNT-001408,8100,2026-06-28T06:03:00Z,NEFT,False,
BANK-TXN-00009902,ACCOUNT-001572,ACCOUNT-000786,94800,2026-07-10T06:00:00Z,UPI,False,
BANK-TXN-00009903,ACCOUNT-001562,ACCOUNT-000021,4600,2026-07-05T21:39:00Z,UPI,False,
BANK-TXN-00009904,ACCOUNT-000058,ACCOUNT-000727,8500,2026-08-16T19:46:00Z,IMPS,False,
BANK-TXN-00009905,ACCOUNT-000046,ACCOUNT-001696,17100,2026-05-31T06:18:00Z,UPI,False,
BANK-TXN-00009906,ACCOUNT-001271,ACCOUNT-000042,95400,2026-07-25T16:27:00Z,IMPS,False,
BANK-TXN-00009907,ACCOUNT-000393,ACCOUNT-000658,6800,2026-07-31T18:48:00Z,UPI,False,
BANK-TXN-00009908,ACCOUNT-000719,ACCOUNT-001848,12000,2026-06-04T13:51:00Z,UPI,False,
BANK-TXN-00009909,ACCOUNT-001908,ACCOUNT-000534,900,2026-08-18T14:25:00Z,UPI,False,
BANK-TXN-00009910,ACCOUNT-001125,ACCOUNT-001160,23800,2026-08-11T03:36:00Z,IMPS,False,
BANK-TXN-00009911,ACCOUNT-000672,ACCOUNT-001938,60400,2026-06-08T16:45:00Z,NEFT,False,
BANK-TXN-00009912,ACCOUNT-001488,ACCOUNT-001332,66500,2026-06-11T12:28:00Z,UPI,False,
BANK-TXN-00009913,ACCOUNT-001467,ACCOUNT-001897,18300,2026-07-07T01:21:00Z,IMPS,False,
BANK-TXN-00009914,ACCOUNT-001046,ACCOUNT-001289,5500,2026-07-24T12:22:00Z,IMPS,False,
BANK-TXN-00009915,ACCOUNT-001007,ACCOUNT-001163,55300,2026-06-04T09:39:00Z,UPI,False,
BANK-TXN-00009916,ACCOUNT-001295,ACCOUNT-000500,16500,2026-06-13T06:05:00Z,IMPS,False,
BANK-TXN-00009917,ACCOUNT-000011,ACCOUNT-000949,21600,2026-06-06T07:41:00Z,NEFT,False,
BANK-TXN-00009918,ACCOUNT-001029,ACCOUNT-000538,4800,2026-07-27T09:14:00Z,NEFT,False,
BANK-TXN-00009919,ACCOUNT-001657,ACCOUNT-001537,27900,2026-07-30T20:08:00Z,NEFT,False,
BANK-TXN-00009920,ACCOUNT-001607,ACCOUNT-000635,4200,2026-06-06T13:39:00Z,RTGS,False,
BANK-TXN-00009921,ACCOUNT-001906,ACCOUNT-000307,500,2026-06-18T12:07:00Z,UPI,False,
BANK-TXN-00009922,ACCOUNT-000911,ACCOUNT-000837,53700,2026-06-11T00:58:00Z,IMPS,False,
BANK-TXN-00009923,ACCOUNT-001834,ACCOUNT-001120,8000,2026-06-13T10:16:00Z,UPI,False,
BANK-TXN-00009924,ACCOUNT-000231,ACCOUNT-000227,83500,2026-08-23T15:00:00Z,IMPS,False,
BANK-TXN-00009925,ACCOUNT-000568,ACCOUNT-001430,9900,2026-07-27T15:06:00Z,RTGS,False,
BANK-TXN-00009926,ACCOUNT-001380,ACCOUNT-000275,4500,2026-07-15T12:52:00Z,UPI,False,
BANK-TXN-00009927,ACCOUNT-001394,ACCOUNT-001609,100,2026-07-17T19:04:00Z,IMPS,False,
BANK-TXN-00009928,ACCOUNT-000742,ACCOUNT-001488,34000,2026-06-02T08:52:00Z,NEFT,False,
BANK-TXN-00009929,ACCOUNT-001076,ACCOUNT-001311,12200,2026-08-12T20:39:00Z,UPI,False,
BANK-TXN-00009930,ACCOUNT-000889,ACCOUNT-000354,100,2026-06-02T04:00:00Z,UPI,False,
BANK-TXN-00009931,ACCOUNT-001050,ACCOUNT-001111,41400,2026-06-23T08:02:00Z,UPI,False,
BANK-TXN-00009932,ACCOUNT-001526,ACCOUNT-001613,29200,2026-08-15T14:31:00Z,UPI,False,
BANK-TXN-00009933,ACCOUNT-001039,ACCOUNT-000756,99300,2026-07-18T02:33:00Z,IMPS,False,
BANK-TXN-00009934,ACCOUNT-000389,ACCOUNT-000161,23700,2026-07-24T10:38:00Z,IMPS,False,
BANK-TXN-00009935,ACCOUNT-001480,ACCOUNT-000092,47000,2026-06-26T16:31:00Z,NEFT,False,
BANK-TXN-00009936,ACCOUNT-001458,ACCOUNT-001744,1600,2026-08-19T09:22:00Z,UPI,False,
BANK-TXN-00009937,ACCOUNT-000966,ACCOUNT-000925,7000,2026-07-28T20:00:00Z,IMPS,False,
BANK-TXN-00009938,ACCOUNT-000396,ACCOUNT-001603,61200,2026-07-01T00:40:00Z,UPI,False,
BANK-TXN-00009939,ACCOUNT-001924,ACCOUNT-001114,4100,2026-07-19T17:38:00Z,UPI,False,
BANK-TXN-00009940,ACCOUNT-000562,ACCOUNT-000081,47200,2026-06-04T22:44:00Z,NEFT,False,
BANK-TXN-00009941,ACCOUNT-000276,ACCOUNT-000466,77400,2026-06-14T11:21:00Z,RTGS,False,
BANK-TXN-00009942,ACCOUNT-000214,ACCOUNT-001075,2900,2026-06-25T17:12:00Z,UPI,False,
BANK-TXN-00009943,ACCOUNT-001583,ACCOUNT-001564,97100,2026-06-02T22:18:00Z,UPI,False,
BANK-TXN-00009944,ACCOUNT-000652,ACCOUNT-001097,44700,2026-06-05T08:17:00Z,UPI,False,
BANK-TXN-00009945,ACCOUNT-000296,ACCOUNT-000755,35400,2026-07-31T07:02:00Z,IMPS,False,
BANK-TXN-00009946,ACCOUNT-000833,ACCOUNT-000980,25000,2026-07-28T17:37:00Z,UPI,False,
BANK-TXN-00009947,ACCOUNT-000062,ACCOUNT-001843,82400,2026-06-27T06:49:00Z,UPI,False,
BANK-TXN-00009948,ACCOUNT-001542,ACCOUNT-001630,51400,2026-06-26T04:47:00Z,UPI,False,
BANK-TXN-00009949,ACCOUNT-000240,ACCOUNT-000320,29600,2026-08-14T12:07:00Z,IMPS,False,
BANK-TXN-00009950,ACCOUNT-001377,ACCOUNT-001837,8000,2026-07-10T10:11:00Z,UPI,False,
BANK-TXN-00009951,ACCOUNT-000347,ACCOUNT-001073,14300,2026-06-17T03:19:00Z,UPI,False,
BANK-TXN-00009952,ACCOUNT-000665,ACCOUNT-001513,4100,2026-06-02T14:35:00Z,IMPS,False,
BANK-TXN-00009953,ACCOUNT-001466,ACCOUNT-001354,66900,2026-07-08T00:27:00Z,NEFT,False,
BANK-TXN-00009954,ACCOUNT-001240,ACCOUNT-001247,53900,2026-07-29T00:56:00Z,IMPS,False,
BANK-TXN-00009955,ACCOUNT-001665,ACCOUNT-001517,17600,2026-07-30T16:58:00Z,UPI,False,
BANK-TXN-00009956,ACCOUNT-000980,ACCOUNT-001240,89800,2026-07-18T00:41:00Z,UPI,False,
BANK-TXN-00009957,ACCOUNT-000516,ACCOUNT-001782,20600,2026-07-15T06:42:00Z,UPI,False,
BANK-TXN-00009958,ACCOUNT-000051,ACCOUNT-001755,12400,2026-07-20T07:12:00Z,UPI,False,
BANK-TXN-00009959,ACCOUNT-000442,ACCOUNT-000188,44600,2026-07-05T07:15:00Z,IMPS,False,
BANK-TXN-00009960,ACCOUNT-001728,ACCOUNT-000196,6400,2026-06-27T21:57:00Z,UPI,False,
BANK-TXN-00009961,ACCOUNT-000033,ACCOUNT-000527,900,2026-07-03T15:52:00Z,IMPS,False,
BANK-TXN-00009962,ACCOUNT-000081,ACCOUNT-000872,51300,2026-06-03T13:37:00Z,IMPS,False,
BANK-TXN-00009963,ACCOUNT-001097,ACCOUNT-001572,4900,2026-07-18T12:01:00Z,UPI,False,
BANK-TXN-00009964,ACCOUNT-001146,ACCOUNT-001366,3300,2026-06-15T18:29:00Z,NEFT,False,
BANK-TXN-00009965,ACCOUNT-001029,ACCOUNT-000024,5300,2026-07-03T05:43:00Z,UPI,False,
BANK-TXN-00009966,ACCOUNT-000482,ACCOUNT-000037,28700,2026-06-18T02:32:00Z,UPI,False,
BANK-TXN-00009967,ACCOUNT-001710,ACCOUNT-001226,48800,2026-07-05T06:02:00Z,UPI,False,
BANK-TXN-00009968,ACCOUNT-000572,ACCOUNT-001269,49900,2026-07-19T03:27:00Z,UPI,False,
BANK-TXN-00009969,ACCOUNT-001509,ACCOUNT-000666,66500,2026-08-24T21:37:00Z,IMPS,False,
BANK-TXN-00009970,ACCOUNT-001179,ACCOUNT-000139,2800,2026-07-22T07:38:00Z,NEFT,False,
BANK-TXN-00009971,ACCOUNT-001614,ACCOUNT-001729,7800,2026-06-15T17:53:00Z,UPI,False,
BANK-TXN-00009972,ACCOUNT-001235,ACCOUNT-001746,28100,2026-07-19T17:55:00Z,UPI,False,
BANK-TXN-00009973,ACCOUNT-000964,ACCOUNT-000124,9400,2026-06-04T09:28:00Z,IMPS,False,
BANK-TXN-00009974,ACCOUNT-001639,ACCOUNT-000972,31500,2026-08-11T03:56:00Z,UPI,False,
BANK-TXN-00009975,ACCOUNT-001796,ACCOUNT-000646,5800,2026-07-26T11:45:00Z,IMPS,False,
BANK-TXN-00009976,ACCOUNT-001135,ACCOUNT-000188,6600,2026-05-31T09:34:00Z,IMPS,False,
BANK-TXN-00009977,ACCOUNT-000185,ACCOUNT-000468,7400,2026-08-26T04:41:00Z,NEFT,False,
BANK-TXN-00009978,ACCOUNT-000762,ACCOUNT-001315,16200,2026-07-09T09:18:00Z,RTGS,False,
BANK-TXN-00009979,ACCOUNT-001318,ACCOUNT-001490,2200,2026-06-12T04:45:00Z,IMPS,False,
BANK-TXN-00009980,ACCOUNT-000165,ACCOUNT-001917,6800,2026-06-21T11:36:00Z,UPI,False,
BANK-TXN-00009981,ACCOUNT-001890,ACCOUNT-000878,300,2026-07-11T19:07:00Z,UPI,False,
BANK-TXN-00009982,ACCOUNT-001406,ACCOUNT-001867,93800,2026-05-31T20:38:00Z,UPI,False,
BANK-TXN-00009983,ACCOUNT-000770,ACCOUNT-000188,8600,2026-06-22T09:15:00Z,IMPS,False,
BANK-TXN-00009984,ACCOUNT-000883,ACCOUNT-000665,2000,2026-08-04T00:36:00Z,UPI,False,
BANK-TXN-00009985,ACCOUNT-001373,ACCOUNT-000158,68500,2026-06-19T20:30:00Z,NEFT,False,
BANK-TXN-00009986,ACCOUNT-000466,ACCOUNT-001669,7400,2026-06-30T14:15:00Z,IMPS,False,
BANK-TXN-00009987,ACCOUNT-000363,ACCOUNT-000696,47400,2026-08-20T14:12:00Z,UPI,False,
BANK-TXN-00009988,ACCOUNT-001932,ACCOUNT-001885,900,2026-06-22T01:17:00Z,UPI,False,
BANK-TXN-00009989,ACCOUNT-000672,ACCOUNT-001669,62200,2026-08-08T20:55:00Z,IMPS,False,
BANK-TXN-00009990,ACCOUNT-000435,ACCOUNT-001119,25900,2026-07-01T16:58:00Z,IMPS,False,
BANK-TXN-00009991,ACCOUNT-001331,ACCOUNT-000328,21800,2026-06-25T09:22:00Z,UPI,False,
BANK-TXN-00009992,ACCOUNT-001521,ACCOUNT-000946,12600,2026-07-12T12:13:00Z,UPI,False,
BANK-TXN-00009993,ACCOUNT-001209,ACCOUNT-001756,28200,2026-07-20T13:58:00Z,RTGS,False,
BANK-TXN-00009994,ACCOUNT-000692,ACCOUNT-001248,34800,2026-07-25T06:48:00Z,UPI,False,
BANK-TXN-00009995,ACCOUNT-000613,ACCOUNT-001422,3800,2026-08-18T16:45:00Z,UPI,False,
BANK-TXN-00009996,ACCOUNT-001814,ACCOUNT-000522,7300,2026-07-19T13:15:00Z,UPI,False,
BANK-TXN-00009997,ACCOUNT-001774,ACCOUNT-001274,67400,2026-07-27T05:50:00Z,RTGS,False,
BANK-TXN-00009998,ACCOUNT-001889,ACCOUNT-000146,43800,2026-07-26T19:45:00Z,UPI,False,
BANK-TXN-00009999,ACCOUNT-000720,ACCOUNT-001805,1600,2026-07-19T10:33:00Z,UPI,False,
BANK-TXN-00010000,ACCOUNT-000389,ACCOUNT-001900,27500,2026-06-06T16:38:00Z,NEFT,False,
